관리비_index,회원_index,청구년월,납부상태,합계금액,전기세,수도세,가스비,일반관리비,공동전기료,청소비,경비비,승강기전기료,수선유지비
1,1,20260901,True,148900,20500,10800,13500,40000,15000,20000,12000,11100,6000
2,1,20260801,True,146500,21000,10100,11400,39900,15000,20000,12000,11100,6000
3,1,20260701,True,142600,20400,11200,7400,39800,14900,19900,12000,11000,6000
4,1,20260601,True,147200,21200,11100,11400,39800,14900,19900,11900,11000,6000
5,1,20260501,True,149100,22300,9100,14400,39700,14900,19800,11900,11000,6000
6,1,20260401,True,150900,22700,11500,13600,39600,14800,19800,11900,11000,6000
7,1,20260301,True,144000,16400,8300,16400,39500,14800,19800,11900,11000,5900
8,2,20260901,True,183700,38200,19000,24700,40000,15000,20000,12000,11400,3400
9,2,20260801,True,174000,35000,20200,17200,39900,15000,20000,12000,11300,3400
10,2,20260701,True,170500,32700,20600,15900,39800,14900,19900,12000,11300,3400
11,2,20260601,True,168400,33000,18000,16200,39800,14900,19900,11900,11300,3400
12,2,20260501,True,181000,39200,17500,23300,39700,14900,19800,11900,11300,3400
13,2,20260401,True,179600,35400,19100,24400,39600,14800,19800,11900,11200,3400
14,3,20260901,True,156900,25200,14200,20300,40000,15000,20000,12000,6200,4000
15,3,20260801,True,152400,26900,15800,12700,39900,15000,20000,12000,6100,4000
16,3,20260701,True,152700,30900,14000,11100,39800,14900,19900,12000,6100,4000
17,3,20260601,False,152500,30500,13600,11800,39800,14900,19900,11900,6100,4000
18,3,20260501,True,155200,27700,12900,18200,39700,14900,19800,11900,6100,4000
19,3,20260401,True,156900,30500,12200,18000,39600,14800,19800,11900,6100,4000
20,4,20260901,True,150800,26200,12500,12300,40000,15000,20000,12000,7300,5500
21,4,20260801,True,147800,27600,10100,10400,39900,15000,20000,12000,7300,5500
22,4,20260701,True,145300,21800,12000,12100,39800,14900,19900,12000,7300,5500
23,4,20260601,True,146700,23000,13600,10800,39800,14900,19900,11900,7300,5500
24,4,20260501,True,143200,17900,9600,16600,39700,14900,19800,11900,7300,5500
25,4,20260401,True,150900,25700,10700,15700,39600,14800,19800,11900,7200,5500
26,4,20260301,False,147100,21100,11400,15900,39500,14800,19800,11900,7200,5500
27,4,20260201,True,152200,22000,10800,21100,39400,14800,19700,11800,7200,5400
28,4,20260101,True,157600,24100,13700,21500,39400,14800,19700,11800,7200,5400
29,4,20251201,True,155100,21600,12900,22600,39300,14700,19600,11800,7200,5400
30,4,20251101,True,147200,22600,12300,14400,39200,14700,19600,11800,7200,5400
31,4,20251001,True,147500,22600,11900,15300,39100,14700,19600,11700,7200,5400
32,4,20250901,True,142300,20700,10000,14300,39000,14600,19500,11700,7100,5400
33,4,20250801,True,146600,26600,12100,10600,39000,14600,19500,11700,7100,5400
34,4,20250701,True,141100,21900,12400,9700,38900,14600,19400,11700,7100,5400
35,4,20250601,True,144900,22400,12000,13600,38800,14600,19400,11600,7100,5400
36,4,20250501,True,140400,21200,10400,12200,38700,14500,19400,11600,7100,5300
37,4,20250401,True,143900,18900,13000,15600,38600,14500,19300,11600,7100,5300
38,4,20250301,True,142000,21200,10300,14200,38600,14500,19300,11600,7000,5300
39,4,20250201,True,152800,25400,12800,18700,38500,14400,19200,11500,7000,5300
40,4,20250101,True,147300,20600,10200,20700,38400,14400,19200,11500,7000,5300
41,5,20260901,True,198400,44500,22700,27400,40000,15000,20000,12000,10400,6400
42,6,20260901,True,163100,26500,15800,16700,40000,15000,20000,12000,11100,6000
43,6,20260801,True,161000,30000,12900,14100,39900,15000,20000,12000,11100,6000
44,6,20260701,True,160800,27900,15500,13800,39800,14900,19900,12000,11000,6000
45,6,20260601,True,161200,28200,16000,13500,39800,14900,19900,11900,11000,6000
46,6,20260501,True,162600,28000,13000,18300,39700,14900,19800,11900,11000,6000
47,6,20260401,True,167600,31000,15800,17700,39600,14800,19800,11900,11000,6000
48,6,20260301,True,167600,28900,14400,21400,39500,14800,19800,11900,11000,5900
49,6,20260201,True,174200,30300,15900,25500,39400,14800,19700,11800,10900,5900
50,6,20260101,True,169600,30200,13200,23700,39400,14800,19700,11800,10900,5900
51,6,20251201,True,176500,32600,15200,26500,39300,14700,19600,11800,10900,5900
52,6,20251101,True,164000,27800,16400,17700,39200,14700,19600,11800,10900,5900
53,6,20251001,True,163700,28600,16000,17300,39100,14700,19600,11700,10800,5900
54,6,20250901,True,160900,25600,16300,17500,39000,14600,19500,11700,10800,5900
55,6,20250801,True,155900,26800,14600,13000,39000,14600,19500,11700,10800,5900
56,6,20250701,True,159800,28700,17500,12300,38900,14600,19400,11700,10800,5900
57,6,20250601,True,161200,30400,14300,15500,38800,14600,19400,11600,10800,5800
58,6,20250501,True,163400,27000,14100,21600,38700,14500,19400,11600,10700,5800
59,6,20250401,True,164100,30000,15900,17700,38600,14500,19300,11600,10700,5800
60,6,20250301,True,163500,32800,13500,16700,38600,14500,19300,11600,10700,5800
61,6,20250201,True,170400,28400,15300,26600,38500,14400,19200,11500,10700,5800
62,6,20250101,True,163100,25700,14600,22900,38400,14400,19200,11500,10600,5800
63,6,20241201,True,169900,27300,15900,26900,38300,14400,19200,11500,10600,5800
64,6,20241101,True,162600,28000,15300,19800,38200,14300,19100,11500,10600,5800
65,7,20260901,True,155600,26800,13200,15800,40000,15000,20000,12000,7300,5500
66,8,20260901,True,159300,23100,12700,19200,40000,15000,20000,12000,10800,6500
67,8,20260801,True,155300,26500,11900,12700,39900,15000,20000,12000,10800,6500
68,8,20260701,True,158000,28700,13500,11900,39800,14900,19900,12000,10800,6500
69,8,20260601,True,156700,26900,14600,11400,39800,14900,19900,11900,10800,6500
70,8,20260501,True,162200,25600,13600,19600,39700,14900,19800,11900,10700,6400
71,8,20260401,True,160300,26600,11900,18600,39600,14800,19800,11900,10700,6400
72,8,20260301,True,162000,28600,11200,19100,39500,14800,19800,11900,10700,6400
73,8,20260201,True,163200,21400,14300,24700,39400,14800,19700,11800,10700,6400
74,8,20260101,True,166100,27300,12700,23300,39400,14800,19700,11800,10700,6400
75,8,20251201,True,165600,26000,14100,23100,39300,14700,19600,11800,10600,6400
76,8,20251101,True,161500,28000,12000,19200,39200,14700,19600,11800,10600,6400
77,8,20251001,True,160300,25700,13500,19100,39100,14700,19600,11700,10600,6300
78,8,20250901,True,157800,26700,12900,16500,39000,14600,19500,11700,10600,6300
79,8,20250801,True,156400,28600,14300,11800,39000,14600,19500,11700,10600,6300
80,8,20250701,True,160400,31100,15200,12700,38900,14600,19400,11700,10500,6300
81,8,20250601,True,152400,25100,13200,12900,38800,14600,19400,11600,10500,6300
82,8,20250501,True,157300,25800,13400,17100,38700,14500,19400,11600,10500,6300
83,8,20250401,True,155700,21900,13300,19700,38600,14500,19300,11600,10500,6300
84,8,20250301,True,154800,24200,12700,17200,38600,14500,19300,11600,10400,6300
85,8,20250201,True,169100,28000,16400,24500,38500,14400,19200,11500,10400,6200
86,8,20250101,True,160700,24400,13600,22600,38400,14400,19200,11500,10400,6200
87,8,20241201,True,163300,24700,13900,24700,38300,14400,19200,11500,10400,6200
88,8,20241101,True,160200,30800,13500,16200,38200,14300,19100,11500,10400,6200
89,8,20241001,True,164300,28100,15500,21200,38200,14300,19100,11400,10300,6200
90,8,20240901,True,159200,27400,13700,18800,38100,14300,19000,11400,10300,6200
91,8,20240801,True,152200,26200,15200,11700,38000,14200,19000,11400,10300,6200
92,8,20240701,True,148200,25400,11200,12600,37900,14200,19000,11400,10300,6200
93,8,20240601,True,153100,28700,13400,12400,37800,14200,18900,11400,10200,6100
94,8,20240501,True,157400,28600,12200,18100,37800,14200,18900,11300,10200,6100
95,8,20240401,True,162100,29100,14300,20500,37700,14100,18800,11300,10200,6100
96,8,20240301,True,156200,28100,12500,17500,37600,14100,18800,11300,10200,6100
97,8,20240201,True,158600,23300,12500,24800,37500,14100,18800,11300,10200,6100
98,8,20240101,True,157500,22500,13600,23900,37400,14000,18700,11200,10100,6100
99,8,20231201,True,161200,23800,13600,26300,37400,14000,18700,11200,10100,6100
100,9,20260901,True,183800,36900,21400,26700,40000,15000,20000,12000,8000,3800
101,9,20260801,True,175400,38900,19900,17900,39900,15000,20000,12000,8000,3800
102,9,20260701,True,175900,40000,19000,18500,39800,14900,19900,12000,8000,3800
103,9,20260601,True,175700,40700,20700,16000,39800,14900,19900,11900,8000,3800
104,9,20260501,True,182800,38200,18400,28200,39700,14900,19800,11900,8000,3700
105,9,20260401,True,172300,30700,19700,24100,39600,14800,19800,11900,8000,3700
106,9,20260301,True,180500,39700,17400,25800,39500,14800,19800,11900,7900,3700
107,9,20260201,True,192000,37000,21900,35800,39400,14800,19700,11800,7900,3700
108,9,20260101,True,186900,36100,19000,34500,39400,14800,19700,11800,7900,3700
109,9,20251201,True,188500,37200,18300,36000,39300,14700,19600,11800,7900,3700
110,9,20251101,True,177900,36400,21200,23400,39200,14700,19600,11800,7900,3700
111,9,20251001,True,177900,35900,20000,25300,39100,14700,19600,11700,7900,3700
112,9,20250901,True,177800,37900,19000,24600,39000,14600,19500,11700,7800,3700
113,9,20250801,True,170800,36200,19800,18500,39000,14600,19500,11700,7800,3700
114,9,20250701,True,166700,35600,16300,18700,38900,14600,19400,11700,7800,3700
115,9,20250601,True,168800,34800,19200,18900,38800,14600,19400,11600,7800,3700
116,10,20260901,True,187600,42100,21400,26900,40000,15000,20000,12000,6200,4000
117,10,20260801,True,178100,40100,21700,19300,39900,15000,20000,12000,6100,4000
118,10,20260701,True,170300,35900,21400,16300,39800,14900,19900,12000,6100,4000
119,10,20260601,True,173400,38600,20000,18200,39800,14900,19900,11900,6100,4000
120,10,20260501,True,181600,39500,20800,24900,39700,14900,19800,11900,6100,4000
121,10,20260401,True,182700,41100,20300,25100,39600,14800,19800,11900,6100,4000
122,10,20260301,True,182700,39500,20300,26900,39500,14800,19800,11900,6100,3900
123,10,20260201,True,190900,40800,20700,33700,39400,14800,19700,11800,6100,3900
124,10,20260101,True,197800,43600,21600,36900,39400,14800,19700,11800,6100,3900
125,10,20251201,True,194200,42200,21000,35700,39300,14700,19600,11800,6000,3900
126,10,20251101,True,176900,36700,20100,24900,39200,14700,19600,11800,6000,3900
127,10,20251001,True,181000,38300,19900,27800,39100,14700,19600,11700,6000,3900
128,10,20250901,True,180000,40400,18000,26900,39000,14600,19500,11700,6000,3900
129,10,20250801,True,178600,44900,20700,18300,39000,14600,19500,11700,6000,3900
130,10,20250701,False,170900,38200,22200,16000,38900,14600,19400,11700,6000,3900
131,10,20250601,True,173800,38600,22900,18000,38800,14600,19400,11600,6000,3900
132,10,20250501,True,176200,36400,20300,25400,38700,14500,19400,11600,6000,3900
133,10,20250401,True,180800,39400,21600,26000,38600,14500,19300,11600,5900,3900
134,10,20250301,True,178300,37000,21600,25900,38600,14500,19300,11600,5900,3900
135,10,20250201,True,186300,37600,21500,33900,38500,14400,19200,11500,5900,3800
136,10,20250101,True,186200,34500,21300,37200,38400,14400,19200,11500,5900,3800
137,10,20241201,True,191800,40800,18900,39000,38300,14400,19200,11500,5900,3800
138,10,20241101,True,174400,36900,19800,24900,38200,14300,19100,11500,5900,3800
139,10,20241001,True,181900,41500,21400,26300,38200,14300,19100,11400,5900,3800
140,10,20240901,True,181200,42100,20000,26600,38100,14300,19000,11400,5900,3800
141,10,20240801,True,168100,38600,20400,16800,38000,14200,19000,11400,5900,3800
142,10,20240701,True,174100,40600,21400,20000,37900,14200,19000,11400,5800,3800
143,10,20240601,True,175700,42000,21500,20300,37800,14200,18900,11400,5800,3800
144,10,20240501,True,174200,38900,19600,23900,37800,14200,18900,11300,5800,3800
145,10,20240401,True,179300,42300,20100,25400,37700,14100,18800,11300,5800,3800
146,10,20240301,True,176300,38700,20300,25900,37600,14100,18800,11300,5800,3800
147,10,20240201,True,189600,40200,19800,38400,37500,14100,18800,11300,5800,3700
148,10,20240101,True,187600,39100,20500,37200,37400,14000,18700,11200,5800,3700
149,10,20231201,False,181700,36600,21400,32900,37400,14000,18700,11200,5800,3700
150,10,20231101,True,173100,37700,19300,25600,37300,14000,18600,11200,5700,3700
151,10,20231001,True,174100,37100,21400,25300,37200,13900,18600,11200,5700,3700
152,10,20230901,True,172300,35000,19800,27400,37100,13900,18600,11100,5700,3700
153,10,20230801,True,168000,39600,20500,18000,37000,13900,18500,11100,5700,3700
154,11,20260901,True,162700,29700,17300,18600,40000,15000,20000,12000,6600,3500
155,11,20260801,True,163600,35000,17100,14600,39900,15000,20000,12000,6500,3500
156,11,20260701,False,155900,30400,16400,12500,39800,14900,19900,12000,6500,3500
157,11,20260601,True,155300,28200,17400,13200,39800,14900,19900,11900,6500,3500
158,11,20260501,True,171000,37200,17100,20400,39700,14900,19800,11900,6500,3500
159,11,20260401,True,174500,38800,18400,21300,39600,14800,19800,11900,6500,3400
160,11,20260301,True,170100,36200,16500,21500,39500,14800,19800,11900,6500,3400
161,12,20260901,True,183800,39200,20900,24900,40000,15000,20000,12000,7700,4100
162,12,20260801,True,174400,37200,19300,19300,39900,15000,20000,12000,7600,4100
163,12,20260701,True,173700,39400,18800,17200,39800,14900,19900,12000,7600,4100
164,12,20260601,True,177900,43800,19400,16500,39800,14900,19900,11900,7600,4100
165,12,20260501,True,187400,43100,20300,26000,39700,14900,19800,11900,7600,4100
166,12,20260401,True,184100,38500,21300,26500,39600,14800,19800,11900,7600,4100
167,12,20260301,True,183800,41100,19100,25900,39500,14800,19800,11900,7600,4100
168,12,20260201,True,193600,40000,20100,36200,39400,14800,19700,11800,7500,4100
169,12,20260101,True,197400,39700,23100,37300,39400,14800,19700,11800,7500,4100
170,13,20260901,True,186600,37100,22500,27100,40000,15000,20000,12000,9800,3100
171,13,20260801,True,183200,41100,21800,20500,39900,15000,20000,12000,9800,3100
172,13,20260701,True,179700,43100,20700,16400,39800,14900,19900,12000,9800,3100
173,13,20260601,False,176200,39000,20800,17000,39800,14900,19900,11900,9800,3100
174,13,20260501,True,187900,40100,20100,28500,39700,14900,19800,11900,9800,3100
175,13,20260401,True,186100,37700,21400,28100,39600,14800,19800,11900,9700,3100
176,13,20260301,True,187200,42400,19600,26400,39500,14800,19800,11900,9700,3100
177,13,20260201,True,191000,36200,20800,35500,39400,14800,19700,11800,9700,3100
178,13,20260101,True,187200,30300,21900,36500,39400,14800,19700,11800,9700,3100
179,13,20251201,True,193400,35500,20600,39100,39300,14700,19600,11800,9700,3100
180,13,20251101,True,181700,37400,21300,25000,39200,14700,19600,11800,9600,3100
181,13,20251001,True,182700,40000,20800,24100,39100,14700,19600,11700,9600,3100
182,13,20250901,True,184100,38000,20600,28000,39000,14600,19500,11700,9600,3100
183,13,20250801,True,174800,40500,20400,16500,39000,14600,19500,11700,9600,3000
184,13,20250701,True,172300,37000,19500,18600,38900,14600,19400,11700,9600,3000
185,14,20260901,True,161500,30000,16300,16600,40000,15000,20000,12000,8500,3100
186,14,20260801,True,152600,28400,13100,12600,39900,15000,20000,12000,8500,3100
187,14,20260701,True,150300,25700,12200,14200,39800,14900,19900,12000,8500,3100
188,14,20260601,True,148500,24700,12300,13400,39800,14900,19900,11900,8500,3100
189,15,20260901,True,180200,39100,19600,22700,40000,15000,20000,12000,7700,4100
190,16,20260901,True,182900,39000,18100,22400,40000,15000,20000,12000,11700,4700
191,16,20260801,True,169100,29400,19300,17100,39900,15000,20000,12000,11700,4700
192,16,20260701,True,174900,37400,18600,15900,39800,14900,19900,12000,11700,4700
193,16,20260601,True,173700,34500,18800,17500,39800,14900,19900,11900,11700,4700
194,16,20260501,True,180500,38400,19500,20100,39700,14900,19800,11900,11600,4600
195,16,20260401,True,173600,34200,18800,18300,39600,14800,19800,11900,11600,4600
196,16,20260301,True,177600,32700,18200,24500,39500,14800,19800,11900,11600,4600
197,16,20260201,True,189500,35300,18100,34200,39400,14800,19700,11800,11600,4600
198,16,20260101,True,186500,33700,19100,31800,39400,14800,19700,11800,11600,4600
199,17,20260901,True,150600,25800,13300,14400,40000,15000,20000,12000,6600,3500
200,18,20260901,True,152800,23300,14800,15900,40000,15000,20000,12000,8000,3800
201,18,20260801,True,142500,24900,10700,8200,39900,15000,20000,12000,8000,3800
202,18,20260701,True,143900,22500,14200,8800,39800,14900,19900,12000,8000,3800
203,18,20260601,True,148800,23500,12400,14600,39800,14900,19900,11900,8000,3800
204,18,20260501,True,150200,26300,13600,12300,39700,14900,19800,11900,8000,3700
205,18,20260401,True,148200,24600,9400,16400,39600,14800,19800,11900,8000,3700
206,18,20260301,True,147200,21000,13100,15500,39500,14800,19800,11900,7900,3700
207,18,20260201,True,154000,21700,12200,22800,39400,14800,19700,11800,7900,3700
208,18,20260101,True,159600,25500,13000,23800,39400,14800,19700,11800,7900,3700
209,18,20251201,True,154200,23900,10800,22500,39300,14700,19600,11800,7900,3700
210,18,20251101,True,147000,21500,13200,15400,39200,14700,19600,11800,7900,3700
211,18,20251001,True,149200,21400,14400,16700,39100,14700,19600,11700,7900,3700
212,18,20250901,True,152100,25600,14700,15500,39000,14600,19500,11700,7800,3700
213,18,20250801,True,148200,29100,12800,10000,39000,14600,19500,11700,7800,3700
214,18,20250701,True,146100,24700,13100,12200,38900,14600,19400,11700,7800,3700
215,18,20250601,True,141600,23800,11500,10400,38800,14600,19400,11600,7800,3700
216,18,20250501,True,145600,23000,12700,14200,38700,14500,19400,11600,7800,3700
217,18,20250401,True,145200,24700,12100,13000,38600,14500,19300,11600,7800,3600
218,18,20250301,True,151100,26800,15100,13800,38600,14500,19300,11600,7800,3600
219,18,20250201,True,151900,20600,12500,23900,38500,14400,19200,11500,7700,3600
220,18,20250101,True,151200,23500,12900,20000,38400,14400,19200,11500,7700,3600
221,18,20241201,True,152500,23500,12700,21600,38300,14400,19200,11500,7700,3600
222,18,20241101,True,148300,26600,12900,14400,38200,14300,19100,11500,7700,3600
223,18,20241001,True,147900,23900,12900,16800,38200,14300,19100,11400,7700,3600
224,18,20240901,True,141600,23700,9700,14100,38100,14300,19000,11400,7700,3600
225,18,20240801,True,149100,28800,12400,14100,38000,14200,19000,11400,7600,3600
226,18,20240701,True,136600,19700,10500,12700,37900,14200,19000,11400,7600,3600
227,18,20240601,True,137800,22900,10400,11000,37800,14200,18900,11400,7600,3600
228,18,20240501,True,145400,22300,11400,18300,37800,14200,18900,11300,7600,3600
229,18,20240401,True,148900,27200,11700,16900,37700,14100,18800,11300,7600,3600
230,18,20240301,False,144000,26400,11100,13500,37600,14100,18800,11300,7600,3600
231,18,20240201,True,147200,21900,11500,21100,37500,14100,18800,11300,7500,3500
232,18,20240101,True,151300,25200,13400,20400,37400,14000,18700,11200,7500,3500
233,18,20231201,True,151800,25200,10300,24000,37400,14000,18700,11200,7500,3500
234,18,20231101,True,146800,26000,11200,17500,37300,14000,18600,11200,7500,3500
235,18,20231001,True,145200,26600,11700,15000,37200,13900,18600,11200,7500,3500
236,18,20230901,True,143300,24000,11700,15900,37100,13900,18600,11100,7500,3500
237,18,20230801,True,142300,22500,14100,14300,37000,13900,18500,11100,7400,3500
238,18,20230701,True,139300,25200,11800,10900,37000,13900,18500,11100,7400,3500
239,18,20230601,True,138000,25500,11800,9600,36900,13800,18400,11100,7400,3500
240,18,20230501,True,142200,25800,12400,13100,36800,13800,18400,11000,7400,3500
241,18,20230401,True,146900,24200,14100,17800,36700,13800,18400,11000,7400,3500
242,19,20260901,True,168400,32600,16800,18800,40000,15000,20000,12000,7300,5900
243,19,20260801,True,158100,29500,15500,13000,39900,15000,20000,12000,7300,5900
244,19,20260701,True,158300,31300,15600,11600,39800,14900,19900,12000,7300,5900
245,19,20260601,True,153000,28400,12800,12100,39800,14900,19900,11900,7300,5900
246,19,20260501,True,161400,25500,15700,20700,39700,14900,19800,11900,7300,5900
247,19,20260401,True,159000,27400,13700,18700,39600,14800,19800,11900,7200,5900
248,19,20260301,True,163500,29100,14200,21100,39500,14800,19800,11900,7200,5900
249,20,20260901,True,173000,32100,16500,20300,40000,15000,20000,12000,11100,6000
250,20,20260801,True,166600,33800,15000,13800,39900,15000,20000,12000,11100,6000
251,20,20260701,True,162100,27400,16200,14900,39800,14900,19900,12000,11000,6000
252,20,20260601,True,165100,31100,16200,14300,39800,14900,19900,11900,11000,6000
253,20,20260501,True,170500,33000,16400,17800,39700,14900,19800,11900,11000,6000
254,20,20260401,True,167000,31500,16000,16400,39600,14800,19800,11900,11000,6000
255,20,20260301,True,165900,26600,14700,21700,39500,14800,19800,11900,11000,5900
256,20,20260201,True,175900,29600,17400,26400,39400,14800,19700,11800,10900,5900
257,20,20260101,True,172300,28400,16000,25400,39400,14800,19700,11800,10900,5900
258,20,20251201,True,172600,29600,12600,28200,39300,14700,19600,11800,10900,5900
259,20,20251101,True,163000,26600,15500,18800,39200,14700,19600,11800,10900,5900
260,20,20251001,False,164800,27100,16300,19600,39100,14700,19600,11700,10800,5900
261,20,20250901,True,162100,24400,14600,21600,39000,14600,19500,11700,10800,5900
262,20,20250801,True,165500,33000,16500,14500,39000,14600,19500,11700,10800,5900
263,20,20250701,True,161800,29000,17000,14500,38900,14600,19400,11700,10800,5900
264,21,20260901,True,239600,89300,21300,28800,40000,15000,20000,12000,7300,5900
265,22,20260901,True,168400,30700,16000,21800,40000,15000,20000,12000,9800,3100
266,22,20260801,True,157900,30200,15400,12500,39900,15000,20000,12000,9800,3100
267,23,20260901,True,145100,22100,9400,14800,40000,15000,20000,12000,7700,4100
268,24,20260901,True,167900,30200,15700,17700,40000,15000,20000,12000,10800,6500
269,24,20260801,True,159300,25700,14100,15300,39900,15000,20000,12000,10800,6500
270,24,20260701,True,156300,26000,12900,13500,39800,14900,19900,12000,10800,6500
271,24,20260601,False,154100,25300,13500,11500,39800,14900,19900,11900,10800,6500
272,24,20260501,True,164800,28500,13600,19300,39700,14900,19800,11900,10700,6400
273,24,20260401,True,166800,30100,14000,19500,39600,14800,19800,11900,10700,6400
274,24,20260301,True,161700,25100,14100,19400,39500,14800,19800,11900,10700,6400
275,24,20260201,True,174000,26100,15700,29400,39400,14800,19700,11800,10700,6400
276,24,20260101,True,168800,27200,14600,24200,39400,14800,19700,11800,10700,6400
277,25,20260901,True,157600,28800,12200,14800,40000,15000,20000,12000,11400,3400
278,25,20260801,True,149300,24300,13200,10200,39900,15000,20000,12000,11300,3400
279,25,20260701,True,157300,28500,14700,12800,39800,14900,19900,12000,11300,3400
280,25,20260601,True,155600,29400,13200,11800,39800,14900,19900,11900,11300,3400
281,25,20260501,True,153000,24700,13300,14000,39700,14900,19800,11900,11300,3400
282,25,20260401,True,162900,27000,15600,19600,39600,14800,19800,11900,11200,3400
283,25,20260301,True,158300,26400,13800,17500,39500,14800,19800,11900,11200,3400
284,26,20260901,True,157800,28600,15000,17000,40000,15000,20000,12000,6200,4000
285,26,20260801,True,152300,26100,16400,12800,39900,15000,20000,12000,6100,4000
286,26,20260701,True,158300,28800,18000,14800,39800,14900,19900,12000,6100,4000
287,26,20260601,True,157000,33100,15900,11400,39800,14900,19900,11900,6100,4000
288,26,20260501,True,165700,32900,15300,21100,39700,14900,19800,11900,6100,4000
289,26,20260401,True,164000,31300,16100,20400,39600,14800,19800,11900,6100,4000
290,26,20260301,True,163900,31600,15700,20600,39500,14800,19800,11900,6100,3900
291,26,20260201,True,171100,29500,16900,29000,39400,14800,19700,11800,6100,3900
292,26,20260101,True,173000,33400,15600,28300,39400,14800,19700,11800,6100,3900
293,26,20251201,True,171400,32700,16100,27300,39300,14700,19600,11800,6000,3900
294,26,20251101,True,164400,32700,15200,21300,39200,14700,19600,11800,6000,3900
295,26,20251001,True,161900,31000,15200,20700,39100,14700,19600,11700,6000,3900
296,26,20250901,True,162700,34400,14500,19100,39000,14600,19500,11700,6000,3900
297,26,20250801,True,154000,30400,14500,14400,39000,14600,19500,11700,6000,3900
298,26,20250701,True,154300,31000,14500,14300,38900,14600,19400,11700,6000,3900
299,26,20250601,True,152300,27900,15800,14300,38800,14600,19400,11600,6000,3900
300,26,20250501,True,168800,35600,15300,23800,38700,14500,19400,11600,6000,3900
301,26,20250401,True,155700,29500,14900,17500,38600,14500,19300,11600,5900,3900
302,26,20250301,True,159400,28900,15300,21400,38600,14500,19300,11600,5900,3900
303,26,20250201,True,172500,33500,16600,29100,38500,14400,19200,11500,5900,3800
304,27,20260901,True,171200,34200,12300,21300,40000,15000,20000,12000,11700,4700
305,28,20260901,True,158100,30300,14100,16500,40000,15000,20000,12000,6200,4000
306,29,20260901,True,182700,39900,19600,24400,40000,15000,20000,12000,7700,4100
307,29,20260801,True,167700,32800,20200,16100,39900,15000,20000,12000,7600,4100
308,29,20260701,True,181800,43900,22500,17100,39800,14900,19900,12000,7600,4100
309,29,20260601,True,170000,34000,19900,17900,39800,14900,19900,11900,7600,4100
310,29,20260501,True,178100,35300,18700,26100,39700,14900,19800,11900,7600,4100
311,29,20260401,True,178400,34800,19000,26800,39600,14800,19800,11900,7600,4100
312,29,20260301,True,179000,38600,18800,23900,39500,14800,19800,11900,7600,4100
313,29,20260201,True,189200,36400,20100,35400,39400,14800,19700,11800,7500,4100
314,29,20260101,True,192400,39900,19500,35700,39400,14800,19700,11800,7500,4100
315,29,20251201,True,180500,32600,17800,33200,39300,14700,19600,11800,7500,4000
316,29,20251101,True,182200,40800,19200,25400,39200,14700,19600,11800,7500,4000
317,29,20251001,True,176900,37400,18400,24500,39100,14700,19600,11700,7500,4000
318,29,20250901,True,185600,44500,19000,25800,39000,14600,19500,11700,7500,4000
319,29,20250801,True,169200,37000,19600,16300,39000,14600,19500,11700,7500,4000
320,29,20250701,True,168200,34000,21100,17100,38900,14600,19400,11700,7400,4000
321,29,20250601,True,169300,40400,18700,14400,38800,14600,19400,11600,7400,4000
322,29,20250501,True,176900,40200,19100,22000,38700,14500,19400,11600,7400,4000
323,29,20250401,False,171700,33100,19200,24000,38600,14500,19300,11600,7400,4000
324,29,20250301,True,178800,36600,21900,24900,38600,14500,19300,11600,7400,4000
325,29,20250201,True,181200,35600,18100,32500,38500,14400,19200,11500,7400,4000
326,29,20250101,True,189000,41100,20200,32900,38400,14400,19200,11500,7300,4000
327,29,20241201,True,189500,39300,21500,34100,38300,14400,19200,11500,7300,3900
328,29,20241101,True,173600,37100,17000,25200,38200,14300,19100,11500,7300,3900
329,29,20241001,True,175500,35700,20000,25600,38200,14300,19100,11400,7300,3900
330,29,20240901,True,176100,37700,20700,23700,38100,14300,19000,11400,7300,3900
331,29,20240801,True,171000,40300,20600,16300,38000,14200,19000,11400,7300,3900
332,29,20240701,True,173500,41200,19800,18800,37900,14200,19000,11400,7300,3900
333,29,20240601,True,168900,36100,20400,19000,37800,14200,18900,11400,7200,3900
334,29,20240501,False,173800,35200,19900,25400,37800,14200,18900,11300,7200,3900
335,29,20240401,True,175800,38500,18600,25700,37700,14100,18800,11300,7200,3900
336,29,20240301,True,170600,35000,18200,24500,37600,14100,18800,11300,7200,3900
337,29,20240201,True,180300,35700,18400,33400,37500,14100,18800,11300,7200,3900
338,29,20240101,True,181700,34500,20300,34500,37400,14000,18700,11200,7200,3900
339,29,20231201,True,184700,39200,20100,33200,37400,14000,18700,11200,7100,3800
340,29,20231101,True,170200,36600,17600,24000,37300,14000,18600,11200,7100,3800
341,29,20231001,True,178600,38700,21400,26700,37200,13900,18600,11200,7100,3800
342,29,20230901,True,171800,37200,18800,24200,37100,13900,18600,11100,7100,3800
343,29,20230801,True,164500,34800,19200,19100,37000,13900,18500,11100,7100,3800
344,29,20230701,True,164400,36000,20100,16900,37000,13900,18500,11100,7100,3800
345,29,20230601,True,168500,39900,19200,18300,36900,13800,18400,11100,7100,3800
346,29,20230501,True,170100,37300,19100,22900,36800,13800,18400,11000,7000,3800
347,29,20230401,True,171800,34700,21200,25200,36700,13800,18400,11000,7000,3800
348,29,20230301,True,172000,36200,19500,25900,36600,13700,18300,11000,7000,3800
349,29,20230201,True,181700,37200,19700,34400,36600,13700,18300,11000,7000,3800
350,29,20230101,True,182000,38400,19500,34000,36500,13700,18200,10900,7000,3800
351,29,20221201,True,176700,36900,16400,33600,36400,13600,18200,10900,7000,3700
352,29,20221101,True,172500,37900,19700,25300,36300,13600,18200,10900,6900,3700
353,30,20260901,True,154800,21400,13200,16400,40000,15000,20000,12000,10400,6400
354,30,20260801,True,148800,24300,12200,8600,39900,15000,20000,12000,10400,6400
355,30,20260701,True,145800,21100,10800,10500,39800,14900,19900,12000,10400,6400
356,30,20260601,True,150700,23900,11700,11900,39800,14900,19900,11900,10400,6300
357,30,20260501,True,155700,24800,12000,16000,39700,14900,19800,11900,10300,6300
358,31,20260901,True,142700,18600,13000,13900,40000,15000,20000,12000,6200,4000
359,31,20260801,True,143300,24700,11000,10600,39900,15000,20000,12000,6100,4000
360,31,20260701,True,144900,23900,13000,11300,39800,14900,19900,12000,6100,4000
361,31,20260601,True,145800,22500,14800,11900,39800,14900,19900,11900,6100,4000
362,31,20260501,True,150300,24900,13800,15200,39700,14900,19800,11900,6100,4000
363,31,20260401,True,151900,23300,14300,18100,39600,14800,19800,11900,6100,4000
364,31,20260301,True,149200,25900,11800,15500,39500,14800,19800,11900,6100,3900
365,31,20260201,True,154800,23600,13100,22400,39400,14800,19700,11800,6100,3900
366,32,20260901,True,154300,24400,12200,15900,40000,15000,20000,12000,11400,3400
367,32,20260801,True,156900,28700,13700,12900,39900,15000,20000,12000,11300,3400
368,32,20260701,True,146500,21300,12800,11100,39800,14900,19900,12000,11300,3400
369,32,20260601,True,155000,30200,12800,10800,39800,14900,19900,11900,11300,3400
370,32,20260501,True,159500,26800,13800,17900,39700,14900,19800,11900,11300,3400
371,32,20260401,True,156800,25400,13300,17400,39600,14800,19800,11900,11200,3400
372,32,20260301,True,153600,24600,12100,16300,39500,14800,19800,11900,11200,3400
373,32,20260201,True,165100,26100,14900,23800,39400,14800,19700,11800,11200,3400
374,32,20260101,True,164300,23500,13700,26800,39400,14800,19700,11800,11200,3400
375,32,20251201,True,162700,28200,14000,20600,39300,14700,19600,11800,11100,3400
376,32,20251101,True,158000,28700,13600,15900,39200,14700,19600,11800,11100,3400
377,32,20251001,True,159200,29400,12200,18000,39100,14700,19600,11700,11100,3400
378,32,20250901,True,158600,27900,13000,18400,39000,14600,19500,11700,11100,3400
379,32,20250801,True,154200,29500,13700,11800,39000,14600,19500,11700,11100,3300
380,32,20250701,True,147500,25400,11300,11900,38900,14600,19400,11700,11000,3300
381,32,20250601,False,151600,27900,12600,12400,38800,14600,19400,11600,11000,3300
382,32,20250501,True,157500,27800,15400,15800,38700,14500,19400,11600,11000,3300
383,32,20250401,True,153400,24200,15100,15800,38600,14500,19300,11600,11000,3300
384,32,20250301,True,146800,19500,12700,16400,38600,14500,19300,11600,10900,3300
385,32,20250201,True,153300,20500,12100,22900,38500,14400,19200,11500,10900,3300
386,32,20250101,True,162000,24500,14300,25500,38400,14400,19200,11500,10900,3300
387,32,20241201,True,161400,26400,13300,24100,38300,14400,19200,11500,10900,3300
388,32,20241101,True,155700,26400,13700,18300,38200,14300,19100,11500,10900,3300
389,32,20241001,True,151800,24900,13000,16800,38200,14300,19100,11400,10800,3300
390,32,20240901,True,148900,20100,12600,19300,38100,14300,19000,11400,10800,3300
391,32,20240801,True,151100,26600,14300,13500,38000,14200,19000,11400,10800,3300
392,32,20240701,True,148700,26000,13900,12200,37900,14200,19000,11400,10800,3300
393,32,20240601,True,151000,27800,14300,12700,37800,14200,18900,11400,10700,3200
394,32,20240501,True,155800,29300,13600,16800,37800,14200,18900,11300,10700,3200
395,32,20240401,True,155900,27800,13700,18600,37700,14100,18800,11300,10700,3200
396,32,20240301,True,155800,30800,13400,15900,37600,14100,18800,11300,10700,3200
397,32,20240201,True,160400,24700,13300,26900,37500,14100,18800,11300,10600,3200
398,32,20240101,True,159600,26800,13800,23900,37400,14000,18700,11200,10600,3200
399,32,20231201,True,156900,25100,12500,24200,37400,14000,18700,11200,10600,3200
400,32,20231101,True,151100,25000,14500,16700,37300,14000,18600,11200,10600,3200
401,32,20231001,True,152300,26500,15800,15300,37200,13900,18600,11200,10600,3200
402,32,20230901,True,149800,21200,17700,16500,37100,13900,18600,11100,10500,3200
403,32,20230801,True,148900,30000,11900,12800,37000,13900,18500,11100,10500,3200
404,32,20230701,True,147300,26800,15500,10800,37000,13900,18500,11100,10500,3200
405,32,20230601,True,146300,27100,14700,10600,36900,13800,18400,11100,10500,3200
406,32,20230501,True,153700,28600,14500,17000,36800,13800,18400,11000,10400,3200
407,32,20230401,True,155000,29500,14100,17900,36700,13800,18400,11000,10400,3200
408,32,20230301,True,152000,29100,13900,15900,36600,13700,18300,11000,10400,3100
409,32,20230201,True,163900,30400,14300,26100,36600,13700,18300,11000,10400,3100
410,32,20230101,True,155100,22700,16100,23500,36500,13700,18200,10900,10400,3100
411,33,20260901,True,181400,38400,20300,22800,40000,15000,20000,12000,9800,3100
412,33,20260801,True,177900,38800,21100,18200,39900,15000,20000,12000,9800,3100
413,33,20260701,True,171400,38100,18100,15700,39800,14900,19900,12000,9800,3100
414,34,20260901,True,144700,20700,9700,14100,40000,15000,20000,12000,7300,5900
415,35,20260901,True,200600,42400,25100,29000,40000,15000,20000,12000,11100,6000
416,35,20260801,True,192000,42200,23700,22100,39900,15000,20000,12000,11100,6000
417,36,20260901,True,180300,38900,18000,24600,40000,15000,20000,12000,7700,4100
418,36,20260801,True,173800,36400,19400,19400,39900,15000,20000,12000,7600,4100
419,36,20260701,True,170000,34300,19400,18000,39800,14900,19900,12000,7600,4100
420,36,20260601,True,167800,33900,19800,15900,39800,14900,19900,11900,7600,4100
421,36,20260501,True,176200,34700,18500,25000,39700,14900,19800,11900,7600,4100
422,36,20260401,True,178200,37400,17800,25200,39600,14800,19800,11900,7600,4100
423,36,20260301,True,171500,32600,19100,22100,39500,14800,19800,11900,7600,4100
424,36,20260201,True,186000,37300,16900,34500,39400,14800,19700,11800,7500,4100
425,36,20260101,True,185600,35000,19800,33500,39400,14800,19700,11800,7500,4100
426,36,20251201,True,184500,37600,18100,31900,39300,14700,19600,11800,7500,4000
427,36,20251101,True,178400,40200,19900,21500,39200,14700,19600,11800,7500,4000
428,36,20251001,True,172000,35700,19400,20300,39100,14700,19600,11700,7500,4000
429,36,20250901,True,176700,36800,19000,24600,39000,14600,19500,11700,7500,4000
430,36,20250801,True,169600,36400,19100,17800,39000,14600,19500,11700,7500,4000
431,36,20250701,True,167300,34500,20800,16000,38900,14600,19400,11700,7400,4000
432,36,20250601,True,159000,34200,17600,11400,38800,14600,19400,11600,7400,4000
433,36,20250501,True,177900,40200,18700,23400,38700,14500,19400,11600,7400,4000
434,36,20250401,True,169400,30500,19800,23700,38600,14500,19300,11600,7400,4000
435,36,20250301,True,172500,37900,16900,22300,38600,14500,19300,11600,7400,4000
436,36,20250201,True,181600,37400,17200,32000,38500,14400,19200,11500,7400,4000
437,36,20250101,True,179900,33000,19000,33100,38400,14400,19200,11500,7300,4000
438,36,20241201,True,181000,34600,18100,33700,38300,14400,19200,11500,7300,3900
439,36,20241101,True,168700,36000,17400,21000,38200,14300,19100,11500,7300,3900
440,36,20241001,True,169800,35600,18800,21200,38200,14300,19100,11400,7300,3900
441,36,20240901,True,168200,31700,19300,23200,38100,14300,19000,11400,7300,3900
442,36,20240801,True,164500,37500,19000,14200,38000,14200,19000,11400,7300,3900
443,36,20240701,True,165600,36700,20000,15200,37900,14200,19000,11400,7300,3900
444,37,20260901,True,185900,40700,21200,26800,40000,15000,20000,12000,6200,4000
445,37,20260801,True,180700,41900,21700,20100,39900,15000,20000,12000,6100,4000
446,38,20260901,True,144200,16500,10000,15100,40000,15000,20000,12000,9900,5700
447,39,20260901,True,188000,39800,18900,25200,40000,15000,20000,12000,11100,6000
448,39,20260801,True,185100,42700,20500,17900,39900,15000,20000,12000,11100,6000
449,39,20260701,True,190800,43900,23300,20000,39800,14900,19900,12000,11000,6000
450,39,20260601,True,216600,76600,21600,14900,39800,14900,19900,11900,11000,6000
451,40,20260901,True,193300,42500,24400,29300,40000,15000,20000,12000,6600,3500
452,40,20260801,True,185000,44100,22700,21300,39900,15000,20000,12000,6500,3500
453,41,20260901,True,201500,42100,26500,28600,40000,15000,20000,12000,10800,6500
454,41,20260801,True,195000,43500,24700,22600,39900,15000,20000,12000,10800,6500
455,41,20260701,True,197200,47200,25800,20300,39800,14900,19900,12000,10800,6500
456,42,20260901,True,194300,41200,22600,30300,40000,15000,20000,12000,7300,5900
457,42,20260801,True,181300,40300,22300,18600,39900,15000,20000,12000,7300,5900
458,42,20260701,True,184400,44500,20700,19400,39800,14900,19900,12000,7300,5900
459,42,20260601,True,185700,43800,21900,20300,39800,14900,19900,11900,7300,5900
460,43,20260901,True,186900,40300,22400,27100,40000,15000,20000,12000,6600,3500
461,43,20260801,True,174300,38000,22800,16600,39900,15000,20000,12000,6500,3500
462,44,20260901,True,172200,31400,15400,21100,40000,15000,20000,12000,10800,6500
463,45,20260901,True,148000,21000,13700,14500,40000,15000,20000,12000,8000,3800
464,45,20260801,True,140700,21400,10700,9900,39900,15000,20000,12000,8000,3800
465,46,20260901,True,151500,22100,12500,12800,40000,15000,20000,12000,11100,6000
466,46,20260801,True,146900,21300,12000,9600,39900,15000,20000,12000,11100,6000
467,46,20260701,True,144900,22400,9200,9700,39800,14900,19900,12000,11000,6000
468,46,20260601,True,144900,23100,9400,8900,39800,14900,19900,11900,11000,6000
469,46,20260501,True,149900,20200,10800,15600,39700,14900,19800,11900,11000,6000
470,46,20260401,True,150800,22900,11700,13100,39600,14800,19800,11900,11000,6000
471,46,20260301,True,146700,23300,8900,11600,39500,14800,19800,11900,11000,5900
472,46,20260201,True,155800,23800,11400,18100,39400,14800,19700,11800,10900,5900
473,46,20260101,True,155100,22400,12200,18000,39400,14800,19700,11800,10900,5900
474,46,20251201,True,151200,21900,9700,17400,39300,14700,19600,11800,10900,5900
475,46,20251101,True,154700,24100,11700,16800,39200,14700,19600,11800,10900,5900
476,46,20251001,True,152600,22300,12100,16400,39100,14700,19600,11700,10800,5900
477,46,20250901,True,145100,17300,10300,16000,39000,14600,19500,11700,10800,5900
478,46,20250801,True,144600,22500,12800,7800,39000,14600,19500,11700,10800,5900
479,46,20250701,True,141100,17300,11800,10700,38900,14600,19400,11700,10800,5900
480,46,20250601,True,142200,22600,10700,7900,38800,14600,19400,11600,10800,5800
481,46,20250501,True,145900,21400,9500,14300,38700,14500,19400,11600,10700,5800
482,46,20250401,True,147800,22400,11000,13900,38600,14500,19300,11600,10700,5800
483,46,20250301,True,140800,18500,9300,12500,38600,14500,19300,11600,10700,5800
484,47,20260901,True,185100,40000,20100,26400,40000,15000,20000,12000,8500,3100
485,47,20260801,True,178700,41300,21000,17900,39900,15000,20000,12000,8500,3100
486,47,20260701,True,173100,38200,20100,16600,39800,14900,19900,12000,8500,3100
487,47,20260601,True,174300,38500,20900,16800,39800,14900,19900,11900,8500,3100
488,47,20260501,True,180000,36200,19500,26400,39700,14900,19800,11900,8500,3100
489,47,20260401,False,185200,39200,21500,26900,39600,14800,19800,11900,8400,3100
490,47,20260301,True,181600,36600,21000,26500,39500,14800,19800,11900,8400,3100
491,47,20260201,True,192600,39400,20000,36000,39400,14800,19700,11800,8400,3100
492,47,20260101,True,194700,39200,20600,37700,39400,14800,19700,11800,8400,3100
493,47,20251201,True,198200,41200,22500,37600,39300,14700,19600,11800,8400,3100
494,47,20251101,True,180800,37600,20400,26000,39200,14700,19600,11800,8400,3100
495,47,20251001,False,178300,37500,19700,24600,39100,14700,19600,11700,8300,3100
496,47,20250901,True,182000,36400,22200,27200,39000,14600,19500,11700,8300,3100
497,47,20250801,True,173300,36300,21300,19500,39000,14600,19500,11700,8300,3100
498,47,20250701,True,176300,40200,21000,19100,38900,14600,19400,11700,8300,3100
499,47,20250601,True,175400,40900,20300,18400,38800,14600,19400,11600,8300,3100
500,47,20250501,True,184200,39600,23000,26100,38700,14500,19400,11600,8300,3000
501,47,20250401,True,181200,39100,20400,26500,38600,14500,19300,11600,8200,3000
502,47,20250301,True,180000,39200,21700,23900,38600,14500,19300,11600,8200,3000
503,47,20250201,True,188000,39400,20400,33400,38500,14400,19200,11500,8200,3000
504,47,20250101,True,191800,39100,20000,38000,38400,14400,19200,11500,8200,3000
505,47,20241201,True,183700,35400,18800,34900,38300,14400,19200,11500,8200,3000
506,47,20241101,True,182700,41100,20800,26500,38200,14300,19100,11500,8200,3000
507,47,20241001,True,180000,39300,20900,25700,38200,14300,19100,11400,8100,3000
508,47,20240901,True,180800,39200,20900,26800,38100,14300,19000,11400,8100,3000
509,47,20240801,True,169700,38400,19900,17700,38000,14200,19000,11400,8100,3000
510,48,20260901,True,199500,44600,24700,28400,40000,15000,20000,12000,11400,3400
511,48,20260801,True,192300,45400,22400,22900,39900,15000,20000,12000,11300,3400
512,48,20260701,True,188000,44900,24500,17300,39800,14900,19900,12000,11300,3400
513,48,20260601,True,189700,43400,23400,21700,39800,14900,19900,11900,11300,3400
514,48,20260501,True,198600,46300,23000,28300,39700,14900,19800,11900,11300,3400
515,48,20260401,True,202500,48900,22900,30000,39600,14800,19800,11900,11200,3400
516,48,20260301,True,197900,46300,23900,27100,39500,14800,19800,11900,11200,3400
517,48,20260201,True,214100,48800,23600,41400,39400,14800,19700,11800,11200,3400
518,48,20260101,True,210800,45300,24900,40300,39400,14800,19700,11800,11200,3400
519,48,20251201,True,203400,41000,23700,38800,39300,14700,19600,11800,11100,3400
520,48,20251101,True,198200,45000,24000,29400,39200,14700,19600,11800,11100,3400
521,48,20251001,True,197500,45200,23200,29500,39100,14700,19600,11700,11100,3400
522,48,20250901,True,200800,47700,23800,30000,39000,14600,19500,11700,11100,3400
523,48,20250801,True,192100,47000,24900,21000,39000,14600,19500,11700,11100,3300
524,48,20250701,True,189200,47400,23200,19700,38900,14600,19400,11700,11000,3300
525,48,20250601,True,180600,43900,20300,17700,38800,14600,19400,11600,11000,3300
526,48,20250501,True,200300,46900,24500,30400,38700,14500,19400,11600,11000,3300
527,48,20250401,True,196900,45300,23500,29800,38600,14500,19300,11600,11000,3300
528,48,20250301,True,192500,42600,24600,27100,38600,14500,19300,11600,10900,3300
529,48,20250201,True,209700,45600,25700,40600,38500,14400,19200,11500,10900,3300
530,48,20250101,True,212800,46500,26300,42300,38400,14400,19200,11500,10900,3300
531,48,20241201,True,211600,49600,23600,40800,38300,14400,19200,11500,10900,3300
532,48,20241101,True,193600,43400,24800,28100,38200,14300,19100,11500,10900,3300
533,49,20260901,True,197800,42300,23200,28200,40000,15000,20000,12000,11100,6000
534,49,20260801,True,186600,42000,22100,18500,39900,15000,20000,12000,11100,6000
535,49,20260701,True,191300,46800,21600,19300,39800,14900,19900,12000,11000,6000
536,49,20260601,True,183000,42000,19700,17800,39800,14900,19900,11900,11000,6000
537,49,20260501,True,193200,41700,23100,25100,39700,14900,19800,11900,11000,6000
538,49,20260401,True,194900,42200,22100,27500,39600,14800,19800,11900,11000,6000
539,49,20260301,True,189300,37900,22500,26000,39500,14800,19800,11900,11000,5900
540,49,20260201,True,206000,44000,22500,37000,39400,14800,19700,11800,10900,5900
541,49,20260101,True,204600,42800,20700,38600,39400,14800,19700,11800,10900,5900
542,49,20251201,True,201500,40200,20700,38400,39300,14700,19600,11800,10900,5900
543,49,20251101,True,188300,37900,22500,25800,39200,14700,19600,11800,10900,5900
544,49,20251001,True,192400,41500,23000,26100,39100,14700,19600,11700,10800,5900
545,49,20250901,True,192400,41100,20400,29400,39000,14600,19500,11700,10800,5900
546,49,20250801,True,186700,43600,21200,20400,39000,14600,19500,11700,10800,5900
547,49,20250701,True,179900,39400,21500,17700,38900,14600,19400,11700,10800,5900
548,49,20250601,True,185300,42400,21400,20500,38800,14600,19400,11600,10800,5800
549,49,20250501,True,187600,38700,21800,26400,38700,14500,19400,11600,10700,5800
550,49,20250401,True,188100,39300,21800,26500,38600,14500,19300,11600,10700,5800
551,49,20250301,True,189700,43500,20200,25500,38600,14500,19300,11600,10700,5800
552,49,20250201,True,201500,42700,20700,38000,38500,14400,19200,11500,10700,5800
553,49,20250101,True,196900,40800,20500,35700,38400,14400,19200,11500,10600,5800
554,49,20241201,True,210100,47800,23900,38600,38300,14400,19200,11500,10600,5800
555,49,20241101,True,190800,42200,21700,27400,38200,14300,19100,11500,10600,5800
556,49,20241001,True,184300,40300,21900,22800,38200,14300,19100,11400,10600,5700
557,49,20240901,True,185500,41500,19700,25200,38100,14300,19000,11400,10600,5700
558,49,20240801,True,181300,44100,20900,17500,38000,14200,19000,11400,10500,5700
559,49,20240701,True,181600,43200,22100,17600,37900,14200,19000,11400,10500,5700
560,49,20240601,True,178400,41800,19000,19100,37800,14200,18900,11400,10500,5700
561,49,20240501,True,188700,38400,23100,28800,37800,14200,18900,11300,10500,5700
562,49,20240401,True,190500,41600,22700,28200,37700,14100,18800,11300,10400,5700
563,49,20240301,True,188200,42200,21500,26600,37600,14100,18800,11300,10400,5700
564,49,20240201,True,199700,44200,21300,36500,37500,14100,18800,11300,10400,5600
565,49,20240101,True,198000,41700,22100,36900,37400,14000,18700,11200,10400,5600
566,49,20231201,True,189900,38500,20800,33300,37400,14000,18700,11200,10400,5600
567,49,20231101,True,192900,45700,23000,27200,37300,14000,18600,11200,10300,5600
568,49,20231001,True,184200,39800,20000,27600,37200,13900,18600,11200,10300,5600
569,49,20230901,True,184200,37800,21700,28100,37100,13900,18600,11100,10300,5600
570,49,20230801,True,172700,38700,21500,16100,37000,13900,18500,11100,10300,5600
571,49,20230701,False,182400,45400,20600,20100,37000,13900,18500,11100,10200,5600
572,49,20230601,True,177200,43000,22300,16000,36900,13800,18400,11100,10200,5500
573,49,20230501,True,185500,40700,22500,26600,36800,13800,18400,11000,10200,5500
574,49,20230401,True,181600,37000,22400,26600,36700,13800,18400,11000,10200,5500
575,49,20230301,True,183600,39800,21700,26800,36600,13700,18300,11000,10200,5500
576,49,20230201,True,192200,38300,20800,37900,36600,13700,18300,11000,10100,5500
577,49,20230101,True,194000,39500,22000,37600,36500,13700,18200,10900,10100,5500
578,49,20221201,False,194500,42100,20300,37400,36400,13600,18200,10900,10100,5500
579,49,20221101,True,187500,43400,22700,26800,36300,13600,18200,10900,10100,5500
580,49,20221001,True,182400,42500,21700,23900,36200,13600,18100,10900,10000,5500
581,50,20260901,True,167900,28700,16800,18300,40000,15000,20000,12000,11100,6000
582,51,20260901,True,183100,35500,20200,24000,40000,15000,20000,12000,11700,4700
583,52,20260901,True,155100,26200,13300,18500,40000,15000,20000,12000,6600,3500
584,53,20260901,True,165100,29300,15100,18900,40000,15000,20000,12000,11400,3400
585,53,20260801,True,159900,28900,16200,13200,39900,15000,20000,12000,11300,3400
586,53,20260701,True,161000,28300,14500,16900,39800,14900,19900,12000,11300,3400
587,53,20260601,True,154800,26400,13000,14200,39800,14900,19900,11900,11300,3400
588,53,20260501,True,162500,29000,15100,17400,39700,14900,19800,11900,11300,3400
589,53,20260401,True,156000,22300,14400,18600,39600,14800,19800,11900,11200,3400
590,53,20260301,True,163800,31500,14900,16800,39500,14800,19800,11900,11200,3400
591,53,20260201,True,168900,26600,16400,25600,39400,14800,19700,11800,11200,3400
592,54,20260901,True,179500,37400,18900,24600,40000,15000,20000,12000,8500,3100
593,54,20260801,True,170400,32800,19800,19300,39900,15000,20000,12000,8500,3100
594,54,20260701,True,167900,34800,18800,16100,39800,14900,19900,12000,8500,3100
595,54,20260601,True,171300,37300,17900,18000,39800,14900,19900,11900,8500,3100
596,54,20260501,True,171300,30700,19400,23300,39700,14900,19800,11900,8500,3100
597,54,20260401,True,168600,29600,18200,23200,39600,14800,19800,11900,8400,3100
598,54,20260301,True,172200,33700,17100,23900,39500,14800,19800,11900,8400,3100
599,54,20260201,True,185000,37700,17700,32400,39400,14800,19700,11800,8400,3100
600,55,20260901,True,201100,48400,23900,28900,40000,15000,20000,12000,9800,3100
601,56,20260901,True,146900,19300,12200,16600,40000,15000,20000,12000,7700,4100
602,56,20260801,True,132700,16200,10500,7400,39900,15000,20000,12000,7600,4100
603,56,20260701,True,141100,21200,12100,9500,39800,14900,19900,12000,7600,4100
604,56,20260601,True,136400,16500,9100,12600,39800,14900,19900,11900,7600,4100
605,56,20260501,True,144300,23600,10200,12500,39700,14900,19800,11900,7600,4100
606,56,20260401,False,141800,17600,11700,14700,39600,14800,19800,11900,7600,4100
607,56,20260301,True,140900,17800,9500,15900,39500,14800,19800,11900,7600,4100
608,56,20260201,True,142600,17200,11100,17000,39400,14800,19700,11800,7500,4100
609,56,20260101,True,153800,23800,11000,21700,39400,14800,19700,11800,7500,4100
610,56,20251201,True,153700,23400,14200,19200,39300,14700,19600,11800,7500,4000
611,56,20251101,True,139200,15700,11200,15500,39200,14700,19600,11800,7500,4000
612,56,20251001,True,140000,20100,9800,13500,39100,14700,19600,11700,7500,4000
613,56,20250901,True,146900,23800,13200,13600,39000,14600,19500,11700,7500,4000
614,56,20250801,True,136700,19800,11000,9600,39000,14600,19500,11700,7500,4000
615,56,20250701,True,137900,22900,10200,8800,38900,14600,19400,11700,7400,4000
616,57,20260901,True,162200,31800,15400,17800,40000,15000,20000,12000,6200,4000
617,57,20260801,True,158500,34000,15200,12300,39900,15000,20000,12000,6100,4000
618,57,20260701,True,149700,25500,14800,12700,39800,14900,19900,12000,6100,4000
619,57,20260601,True,156600,31000,14700,14300,39800,14900,19900,11900,6100,4000
620,57,20260501,True,165800,33600,16100,19700,39700,14900,19800,11900,6100,4000
621,57,20260401,True,161400,27400,17900,19900,39600,14800,19800,11900,6100,4000
622,57,20260301,True,154700,26400,14500,17800,39500,14800,19800,11900,6100,3900
623,57,20260201,True,172200,33000,15400,28100,39400,14800,19700,11800,6100,3900
624,58,20260901,True,148200,22800,11100,14100,40000,15000,20000,12000,7300,5900
625,58,20260801,True,155000,37400,7900,9600,39900,15000,20000,12000,7300,5900
626,59,20260901,True,207900,47400,27600,28600,40000,15000,20000,12000,10800,6500
627,59,20260801,False,202300,48500,25800,23800,39900,15000,20000,12000,10800,6500
628,59,20260701,True,200100,49800,27700,18700,39800,14900,19900,12000,10800,6500
629,59,20260601,True,199200,47600,26800,21000,39800,14900,19900,11900,10800,6500
630,59,20260501,True,203500,44600,24200,31300,39700,14900,19800,11900,10700,6400
631,59,20260401,True,209200,49000,27000,30000,39600,14800,19800,11900,10700,6400
632,59,20260301,True,213000,47900,27600,34400,39500,14800,19800,11900,10700,6400
633,59,20260201,True,219800,50100,24600,42300,39400,14800,19700,11800,10700,6400
634,60,20260901,True,163200,29500,15900,20600,40000,15000,20000,12000,6200,4000
635,61,20260901,True,189900,42800,20000,26200,40000,15000,20000,12000,10900,3000
636,62,20260901,True,160100,27300,15400,18800,40000,15000,20000,12000,8500,3100
637,62,20260801,True,156200,32500,14800,10400,39900,15000,20000,12000,8500,3100
638,62,20260701,True,153500,29200,12900,13200,39800,14900,19900,12000,8500,3100
639,62,20260601,True,150700,23600,17200,11800,39800,14900,19900,11900,8500,3100
640,62,20260501,True,167100,32700,15300,21200,39700,14900,19800,11900,8500,3100
641,62,20260401,True,162300,30000,13100,21600,39600,14800,19800,11900,8400,3100
642,62,20260301,True,163500,30200,15400,20400,39500,14800,19800,11900,8400,3100
643,62,20260201,True,161900,23000,17000,24700,39400,14800,19700,11800,8400,3100
644,62,20260101,True,164200,24500,16300,26200,39400,14800,19700,11800,8400,3100
645,62,20251201,True,168600,26600,16300,28800,39300,14700,19600,11800,8400,3100
646,62,20251101,True,158800,28300,13700,20000,39200,14700,19600,11800,8400,3100
647,62,20251001,True,160700,27800,16600,19800,39100,14700,19600,11700,8300,3100
648,62,20250901,True,163000,33200,14300,19300,39000,14600,19500,11700,8300,3100
649,62,20250801,True,152200,28600,13200,14200,39000,14600,19500,11700,8300,3100
650,62,20250701,True,146100,24000,14500,11600,38900,14600,19400,11700,8300,3100
651,62,20250601,True,153200,29300,15400,12700,38800,14600,19400,11600,8300,3100
652,62,20250501,True,157000,26600,15300,19600,38700,14500,19400,11600,8300,3000
653,62,20250401,True,157800,28600,12800,21200,38600,14500,19300,11600,8200,3000
654,62,20250301,True,155000,28800,13200,17800,38600,14500,19300,11600,8200,3000
655,63,20260901,True,197800,43000,21800,28700,40000,15000,20000,12000,10800,6500
656,63,20260801,True,184500,40800,23300,16200,39900,15000,20000,12000,10800,6500
657,63,20260701,True,194000,47200,23600,19300,39800,14900,19900,12000,10800,6500
658,63,20260601,True,188400,42300,23500,18800,39800,14900,19900,11900,10800,6500
659,63,20260501,True,185600,36100,20000,26100,39700,14900,19800,11900,10700,6400
660,63,20260401,True,193100,39800,22700,27400,39600,14800,19800,11900,10700,6400
661,63,20260301,True,192100,37800,21900,29300,39500,14800,19800,11900,10700,6400
662,63,20260201,True,203600,40600,20500,39700,39400,14800,19700,11800,10700,6400
663,63,20260101,True,204100,42600,20100,38600,39400,14800,19700,11800,10700,6400
664,63,20251201,True,197400,36700,21200,37100,39300,14700,19600,11800,10600,6400
665,63,20251101,True,191100,40200,20900,27700,39200,14700,19600,11800,10600,6400
666,63,20251001,True,191700,42300,20000,27400,39100,14700,19600,11700,10600,6300
667,63,20250901,True,190000,41100,21800,25400,39000,14600,19500,11700,10600,6300
668,63,20250801,True,184900,40200,21500,21500,39000,14600,19500,11700,10600,6300
669,63,20250701,True,181400,42000,21100,16900,38900,14600,19400,11700,10500,6300
670,63,20250601,True,183400,42000,20400,19800,38800,14600,19400,11600,10500,6300
671,63,20250501,True,194800,42300,22100,29400,38700,14500,19400,11600,10500,6300
672,63,20250401,True,192400,39200,22700,29700,38600,14500,19300,11600,10500,6300
673,63,20250301,True,192000,44800,22000,24500,38600,14500,19300,11600,10400,6300
674,63,20250201,True,199400,40600,20400,38200,38500,14400,19200,11500,10400,6200
675,63,20250101,True,197400,38200,20800,38300,38400,14400,19200,11500,10400,6200
676,64,20260901,True,197100,43900,23900,25500,40000,15000,20000,12000,10400,6400
677,64,20260801,True,193200,46400,23300,19800,39900,15000,20000,12000,10400,6400
678,64,20260701,True,189100,44200,21800,19700,39800,14900,19900,12000,10400,6400
679,64,20260601,True,194200,46000,24200,20800,39800,14900,19900,11900,10400,6300
680,64,20260501,True,199300,46500,21600,28300,39700,14900,19800,11900,10300,6300
681,64,20260401,True,207100,51900,24500,28000,39600,14800,19800,11900,10300,6300
682,64,20260301,True,199200,45000,22600,29000,39500,14800,19800,11900,10300,6300
683,65,20260901,True,156300,24400,12700,14900,40000,15000,20000,12000,10800,6500
684,65,20260801,True,155800,30100,10600,10900,39900,15000,20000,12000,10800,6500
685,65,20260701,True,147600,22900,11600,9200,39800,14900,19900,12000,10800,6500
686,65,20260601,True,146200,22600,9200,10600,39800,14900,19900,11900,10800,6500
687,65,20260501,True,156000,22500,13900,16200,39700,14900,19800,11900,10700,6400
688,65,20260401,True,156800,25500,13100,15000,39600,14800,19800,11900,10700,6400
689,65,20260301,True,159800,25200,13600,17900,39500,14800,19800,11900,10700,6400
690,65,20260201,True,155500,18900,12000,21800,39400,14800,19700,11800,10700,6400
691,65,20260101,True,161600,23600,13200,22000,39400,14800,19700,11800,10700,6400
692,65,20251201,True,162700,23700,12700,23900,39300,14700,19600,11800,10600,6400
693,65,20251101,True,157800,26500,12000,17000,39200,14700,19600,11800,10600,6400
694,65,20251001,True,155500,25400,11100,17000,39100,14700,19600,11700,10600,6300
695,66,20260901,True,143800,20000,10600,13300,40000,15000,20000,12000,9800,3100
696,66,20260801,True,131700,12800,10400,8700,39900,15000,20000,12000,9800,3100
697,66,20260701,True,140400,18400,12000,10500,39800,14900,19900,12000,9800,3100
698,67,20260901,True,164600,27300,15100,20400,40000,15000,20000,12000,11400,3400
699,67,20260801,True,166300,33100,15600,16000,39900,15000,20000,12000,11300,3400
700,67,20260701,True,162900,31000,16200,14400,39800,14900,19900,12000,11300,3400
701,68,20260901,False,194700,44100,22700,29100,40000,15000,20000,12000,8000,3800
702,68,20260801,True,221200,77700,25600,19200,39900,15000,20000,12000,8000,3800
703,68,20260701,True,191000,45700,22900,24000,39800,14900,19900,12000,8000,3800
704,68,20260601,True,195900,49100,24300,24200,39800,14900,19900,11900,8000,3800
705,68,20260501,True,193000,45400,23200,26400,39700,14900,19800,11900,8000,3700
706,68,20260401,True,192100,44300,22000,28000,39600,14800,19800,11900,8000,3700
707,68,20260301,True,197300,47000,24400,28300,39500,14800,19800,11900,7900,3700
708,68,20260201,True,207000,44200,23700,41800,39400,14800,19700,11800,7900,3700
709,68,20260101,True,209800,47200,24100,41200,39400,14800,19700,11800,7900,3700
710,68,20251201,True,203900,43500,24400,39000,39300,14700,19600,11800,7900,3700
711,68,20251101,True,195600,45900,22300,30500,39200,14700,19600,11800,7900,3700
712,68,20251001,True,191900,43400,23000,28800,39100,14700,19600,11700,7900,3700
713,69,20260901,True,163600,28200,13900,18900,40000,15000,20000,12000,9900,5700
714,69,20260801,True,158800,28500,14700,13100,39900,15000,20000,12000,9900,5700
715,69,20260701,True,161600,32800,14800,11800,39800,14900,19900,12000,9900,5700
716,69,20260601,True,162200,32900,15100,12200,39800,14900,19900,11900,9800,5700
717,69,20260501,True,163200,27100,15900,18400,39700,14900,19800,11900,9800,5700
718,69,20260401,True,171400,31900,14900,23000,39600,14800,19800,11900,9800,5700
719,69,20260301,True,163100,25800,15400,20400,39500,14800,19800,11900,9800,5700
720,69,20260201,True,172000,28900,15300,26700,39400,14800,19700,11800,9800,5600
721,69,20260101,False,175100,28200,17500,28400,39400,14800,19700,11800,9700,5600
722,69,20251201,True,171600,26800,16400,27700,39300,14700,19600,11800,9700,5600
723,69,20251101,True,170000,32400,16500,20500,39200,14700,19600,11800,9700,5600
724,69,20251001,True,166900,30700,17600,18200,39100,14700,19600,11700,9700,5600
725,69,20250901,True,169600,35800,15800,17900,39000,14600,19500,11700,9700,5600
726,69,20250801,True,155900,24500,16500,14900,39000,14600,19500,11700,9600,5600
727,69,20250701,True,154700,28200,13900,12800,38900,14600,19400,11700,9600,5600
728,69,20250601,True,159100,29400,16400,13700,38800,14600,19400,11600,9600,5600
729,69,20250501,True,162300,29800,15500,17700,38700,14500,19400,11600,9600,5500
730,69,20250401,True,167000,31100,13400,23400,38600,14500,19300,11600,9600,5500
731,69,20250301,True,162000,26700,13300,23000,38600,14500,19300,11600,9500,5500
732,69,20250201,True,170600,29700,15500,26800,38500,14400,19200,11500,9500,5500
733,69,20250101,True,172100,28300,15800,29500,38400,14400,19200,11500,9500,5500
734,69,20241201,True,169100,27900,16200,26600,38300,14400,19200,11500,9500,5500
735,69,20241101,True,162100,28800,16100,19100,38200,14300,19100,11500,9500,5500
736,69,20241001,False,162500,30300,14900,19400,38200,14300,19100,11400,9400,5500
737,70,20260901,True,170700,32600,15500,18800,40000,15000,20000,12000,10400,6400
738,70,20260801,True,158500,26100,17100,11600,39900,15000,20000,12000,10400,6400
739,70,20260701,True,164100,29700,17000,14000,39800,14900,19900,12000,10400,6400
740,70,20260601,True,161600,30600,14900,12900,39800,14900,19900,11900,10400,6300
741,70,20260501,True,174500,35500,14400,21700,39700,14900,19800,11900,10300,6300
742,70,20260401,True,168000,29600,17900,17800,39600,14800,19800,11900,10300,6300
743,70,20260301,True,171200,34200,14200,20200,39500,14800,19800,11900,10300,6300
744,70,20260201,True,175800,30500,14700,28300,39400,14800,19700,11800,10300,6300
745,70,20260101,True,178600,32200,16400,27700,39400,14800,19700,11800,10300,6300
746,70,20251201,True,174900,27900,17000,28100,39300,14700,19600,11800,10200,6300
747,70,20251101,True,171500,31400,17100,21200,39200,14700,19600,11800,10200,6300
748,70,20251001,True,166100,28900,15800,19900,39100,14700,19600,11700,10200,6200
749,70,20250901,True,165200,30600,14800,18600,39000,14600,19500,11700,10200,6200
750,70,20250801,True,162300,30800,14000,16400,39000,14600,19500,11700,10100,6200
751,70,20250701,True,161100,28500,15500,16200,38900,14600,19400,11700,10100,6200
752,70,20250601,True,160300,30200,15100,14300,38800,14600,19400,11600,10100,6200
753,70,20250501,True,168300,30400,15600,21800,38700,14500,19400,11600,10100,6200
754,70,20250401,True,165400,27800,16500,20800,38600,14500,19300,11600,10100,6200
755,70,20250301,True,168700,32100,16600,19800,38600,14500,19300,11600,10000,6200
756,70,20250201,True,169700,31000,14200,24800,38500,14400,19200,11500,10000,6100
757,70,20250101,True,181000,37300,14800,29300,38400,14400,19200,11500,10000,6100
758,70,20241201,True,173900,32400,13900,28100,38300,14400,19200,11500,10000,6100
759,70,20241101,True,169900,33300,17100,20300,38200,14300,19100,11500,10000,6100
760,70,20241001,True,159900,27900,15400,17600,38200,14300,19100,11400,9900,6100
761,70,20240901,True,167500,31000,15100,22600,38100,14300,19000,11400,9900,6100
762,70,20240801,True,159300,29200,16500,15000,38000,14200,19000,11400,9900,6100
763,70,20240701,True,165300,34200,15900,16700,37900,14200,19000,11400,9900,6100
764,70,20240601,True,159200,31900,14200,14900,37800,14200,18900,11400,9900,6000
765,70,20240501,True,167000,33300,15800,19900,37800,14200,18900,11300,9800,6000
766,71,20260901,True,191300,44000,21200,28900,40000,15000,20000,12000,6200,4000
767,71,20260801,True,181300,42800,22000,19500,39900,15000,20000,12000,6100,4000
768,71,20260701,True,185400,44200,22600,21900,39800,14900,19900,12000,6100,4000
769,71,20260601,True,177000,41700,21700,17000,39800,14900,19900,11900,6100,4000
770,71,20260501,True,193900,43700,24300,29500,39700,14900,19800,11900,6100,4000
771,71,20260401,True,189600,41800,22300,29300,39600,14800,19800,11900,6100,4000
772,71,20260301,True,187900,40200,23100,28600,39500,14800,19800,11900,6100,3900
773,71,20260201,True,199900,41400,23300,39500,39400,14800,19700,11800,6100,3900
774,71,20260101,True,202800,44300,23500,39300,39400,14800,19700,11800,6100,3900
775,71,20251201,True,198700,44600,21900,36900,39300,14700,19600,11800,6000,3900
776,71,20251101,True,189100,42400,23600,27900,39200,14700,19600,11800,6000,3900
777,71,20251001,True,187700,42200,22900,27600,39100,14700,19600,11700,6000,3900
778,71,20250901,True,190600,43400,23600,28900,39000,14600,19500,11700,6000,3900
779,71,20250801,True,183200,46700,22100,19700,39000,14600,19500,11700,6000,3900
780,71,20250701,True,185200,48300,22800,19600,38900,14600,19400,11700,6000,3900
781,71,20250601,True,177300,41800,21900,19300,38800,14600,19400,11600,6000,3900
782,71,20250501,True,187900,45000,21800,27000,38700,14500,19400,11600,6000,3900
783,71,20250401,True,188500,43000,24100,27600,38600,14500,19300,11600,5900,3900
784,71,20250301,True,185700,44000,21900,26000,38600,14500,19300,11600,5900,3900
785,71,20250201,False,196000,43200,22100,37400,38500,14400,19200,11500,5900,3800
786,71,20250101,True,199600,46500,22700,37200,38400,14400,19200,11500,5900,3800
787,71,20241201,True,195700,41500,22200,38900,38300,14400,19200,11500,5900,3800
788,71,20241101,False,190700,46300,23200,28400,38200,14300,19100,11500,5900,3800
789,71,20241001,True,186800,40700,21600,31800,38200,14300,19100,11400,5900,3800
790,71,20240901,True,187800,44700,24400,26200,38100,14300,19000,11400,5900,3800
791,71,20240801,True,182800,44000,24000,22500,38000,14200,19000,11400,5900,3800
792,71,20240701,True,179300,46500,22000,18700,37900,14200,19000,11400,5800,3800
793,71,20240601,True,172600,38800,23100,18800,37800,14200,18900,11400,5800,3800
794,71,20240501,True,187200,42700,23600,29100,37800,14200,18900,11300,5800,3800
795,71,20240401,True,181700,41700,20300,28200,37700,14100,18800,11300,5800,3800
796,71,20240301,True,178800,38200,21700,27500,37600,14100,18800,11300,5800,3800
797,71,20240201,True,196300,40700,24000,40400,37500,14100,18800,11300,5800,3700
798,71,20240101,True,196300,44800,21300,39400,37400,14000,18700,11200,5800,3700
799,71,20231201,True,199900,47200,22100,39800,37400,14000,18700,11200,5800,3700
800,71,20231101,True,186600,44700,23700,27700,37300,14000,18600,11200,5700,3700
801,72,20260901,True,162800,27800,13600,18800,40000,15000,20000,12000,9900,5700
802,72,20260801,True,154200,26600,14300,10800,39900,15000,20000,12000,9900,5700
803,72,20260701,True,153500,24000,13400,13900,39800,14900,19900,12000,9900,5700
804,72,20260601,True,154600,28100,12200,12300,39800,14900,19900,11900,9800,5700
805,72,20260501,True,158600,24300,14700,17800,39700,14900,19800,11900,9800,5700
806,72,20260401,True,157900,27100,12300,16900,39600,14800,19800,11900,9800,5700
807,72,20260301,True,164000,32600,13900,16000,39500,14800,19800,11900,9800,5700
808,72,20260201,True,165100,26700,13500,23800,39400,14800,19700,11800,9800,5600
809,72,20260101,True,166900,28200,12900,24800,39400,14800,19700,11800,9700,5600
810,72,20251201,True,169500,28200,13900,26700,39300,14700,19600,11800,9700,5600
811,72,20251101,True,160900,26000,15400,18900,39200,14700,19600,11800,9700,5600
812,72,20251001,True,162000,26200,15300,20100,39100,14700,19600,11700,9700,5600
813,72,20250901,True,167200,33500,14800,18800,39000,14600,19500,11700,9700,5600
814,73,20260901,False,183500,35900,20000,25000,40000,15000,20000,12000,9900,5700
815,74,20260901,True,165500,27600,14400,19400,40000,15000,20000,12000,11100,6000
816,75,20260901,True,177900,39300,18400,21400,40000,15000,20000,12000,7700,4100
817,75,20260801,True,170000,37500,19600,14300,39900,15000,20000,12000,7600,4100
818,75,20260701,True,172200,40900,17600,15400,39800,14900,19900,12000,7600,4100
819,75,20260601,True,164100,31400,19200,15300,39800,14900,19900,11900,7600,4100
820,75,20260501,True,175600,35800,19400,22400,39700,14900,19800,11900,7600,4100
821,75,20260401,True,171400,37900,15600,20100,39600,14800,19800,11900,7600,4100
822,75,20260301,True,165100,31900,16600,18900,39500,14800,19800,11900,7600,4100
823,75,20260201,True,180700,33700,19400,30300,39400,14800,19700,11800,7500,4100
824,75,20260101,True,178500,32900,16700,31600,39400,14800,19700,11800,7500,4100
825,76,20260901,True,169500,31400,17300,20900,40000,15000,20000,12000,9800,3100
826,76,20260801,True,156900,28400,13900,14800,39900,15000,20000,12000,9800,3100
827,77,20260901,False,183100,38200,21000,24100,40000,15000,20000,12000,7300,5500
828,77,20260801,True,177000,39900,18600,18800,39900,15000,20000,12000,7300,5500
829,77,20260701,True,181400,41000,22100,18900,39800,14900,19900,12000,7300,5500
830,77,20260601,True,178100,39000,20500,19300,39800,14900,19900,11900,7300,5500
831,77,20260501,True,186800,43000,19300,25400,39700,14900,19800,11900,7300,5500
832,77,20260401,True,185300,38000,21500,27000,39600,14800,19800,11900,7200,5500
833,77,20260301,True,179700,36000,21200,23800,39500,14800,19800,11900,7200,5500
834,77,20260201,True,200200,41800,22100,38000,39400,14800,19700,11800,7200,5400
835,77,20260101,True,195300,40600,20800,35600,39400,14800,19700,11800,7200,5400
836,77,20251201,True,197700,40300,23000,36400,39300,14700,19600,11800,7200,5400
837,77,20251101,True,185000,40700,20500,25900,39200,14700,19600,11800,7200,5400
838,77,20251001,True,182500,37500,22300,25000,39100,14700,19600,11700,7200,5400
839,77,20250901,True,183800,39600,20600,26300,39000,14600,19500,11700,7100,5400
840,77,20250801,True,170900,36500,21700,15400,39000,14600,19500,11700,7100,5400
841,77,20250701,True,177200,40700,21100,18300,38900,14600,19400,11700,7100,5400
842,77,20250601,True,169200,34200,21200,16900,38800,14600,19400,11600,7100,5400
843,77,20250501,True,179800,37600,20900,24700,38700,14500,19400,11600,7100,5300
844,77,20250401,True,181600,39000,20500,25700,38600,14500,19300,11600,7100,5300
845,77,20250301,True,188300,42500,21200,28300,38600,14500,19300,11600,7000,5300
846,77,20250201,True,195400,42600,20700,36200,38500,14400,19200,11500,7000,5300
847,77,20250101,False,192300,39800,21600,35100,38400,14400,19200,11500,7000,5300
848,77,20241201,True,196200,41000,20100,39400,38300,14400,19200,11500,7000,5300
849,77,20241101,True,177600,38000,19100,25100,38200,14300,19100,11500,7000,5300
850,78,20260901,True,165200,28600,14000,22400,40000,15000,20000,12000,7300,5900
851,78,20260801,True,171100,34900,20700,15400,39900,15000,20000,12000,7300,5900
852,78,20260701,True,168600,34900,17100,16800,39800,14900,19900,12000,7300,5900
853,78,20260601,True,168400,34800,17500,16400,39800,14900,19900,11900,7300,5900
854,78,20260501,True,173300,34300,16700,22800,39700,14900,19800,11900,7300,5900
855,78,20260401,True,177000,35000,18800,24000,39600,14800,19800,11900,7200,5900
856,79,20260901,True,166400,28000,15000,19100,40000,15000,20000,12000,10800,6500
857,79,20260801,True,163600,31800,15000,12600,39900,15000,20000,12000,10800,6500
858,79,20260701,True,167000,30400,15400,17300,39800,14900,19900,12000,10800,6500
859,79,20260601,True,165900,31700,13700,16700,39800,14900,19900,11900,10800,6500
860,79,20260501,True,163500,25100,15800,19200,39700,14900,19800,11900,10700,6400
861,79,20260401,True,173100,32000,16700,21200,39600,14800,19800,11900,10700,6400
862,79,20260301,True,162200,23900,15900,19300,39500,14800,19800,11900,10700,6400
863,79,20260201,True,175000,26800,16600,28800,39400,14800,19700,11800,10700,6400
864,79,20260101,True,181800,32100,17100,29800,39400,14800,19700,11800,10700,6400
865,80,20260901,True,181600,37700,21900,21800,40000,15000,20000,12000,7300,5900
866,81,20260901,True,146100,21700,9300,12500,40000,15000,20000,12000,9900,5700
867,81,20260801,True,151200,24800,12900,11000,39900,15000,20000,12000,9900,5700
868,81,20260701,True,140300,19700,9300,9100,39800,14900,19900,12000,9900,5700
869,81,20260601,True,140300,17800,10800,9700,39800,14900,19900,11900,9800,5700
870,81,20260501,True,146100,21900,10400,12000,39700,14900,19800,11900,9800,5700
871,81,20260401,True,145700,21700,8500,13900,39600,14800,19800,11900,9800,5700
872,82,20260901,True,160900,27200,13100,18000,40000,15000,20000,12000,9900,5700
873,82,20260801,True,154000,27600,12700,11200,39900,15000,20000,12000,9900,5700
874,82,20260701,True,158300,26400,15600,14100,39800,14900,19900,12000,9900,5700
875,82,20260601,True,152700,23100,15400,12200,39800,14900,19900,11900,9800,5700
876,82,20260501,True,156000,24900,11400,17900,39700,14900,19800,11900,9800,5700
877,82,20260401,True,151300,20700,12700,16300,39600,14800,19800,11900,9800,5700
878,82,20260301,True,162100,27000,13900,19700,39500,14800,19800,11900,9800,5700
879,82,20260201,True,170600,29100,14800,25600,39400,14800,19700,11800,9800,5600
880,82,20260101,True,166200,29400,13200,22600,39400,14800,19700,11800,9700,5600
881,82,20251201,True,164400,27300,13800,22600,39300,14700,19600,11800,9700,5600
882,82,20251101,False,155100,24800,13000,16700,39200,14700,19600,11800,9700,5600
883,82,20251001,True,158700,27000,14100,17200,39100,14700,19600,11700,9700,5600
884,82,20250901,True,156700,26600,14200,15800,39000,14600,19500,11700,9700,5600
885,82,20250801,True,152000,26500,12300,13200,39000,14600,19500,11700,9600,5600
886,82,20250701,True,154800,28600,14900,11500,38900,14600,19400,11700,9600,5600
887,82,20250601,True,149500,25700,12300,11900,38800,14600,19400,11600,9600,5600
888,83,20260901,True,168800,31800,17100,21300,40000,15000,20000,12000,8500,3100
889,84,20260901,True,153300,23000,11500,17000,40000,15000,20000,12000,11400,3400
890,84,20260801,True,152400,26400,11800,12600,39900,15000,20000,12000,11300,3400
891,84,20260701,True,152700,27700,12400,11300,39800,14900,19900,12000,11300,3400
892,84,20260601,True,147400,23200,11900,11100,39800,14900,19900,11900,11300,3400
893,84,20260501,True,159000,25900,15600,16500,39700,14900,19800,11900,11300,3400
894,84,20260401,True,156800,26200,10700,19200,39600,14800,19800,11900,11200,3400
895,84,20260301,False,155200,25000,11600,18000,39500,14800,19800,11900,11200,3400
896,84,20260201,True,160100,26000,14200,19600,39400,14800,19700,11800,11200,3400
897,84,20260101,True,159700,24300,12500,22600,39400,14800,19700,11800,11200,3400
898,84,20251201,True,156400,22400,12100,22000,39300,14700,19600,11800,11100,3400
899,84,20251101,True,152900,24500,13100,15500,39200,14700,19600,11800,11100,3400
900,84,20251001,True,156600,27000,12700,17300,39100,14700,19600,11700,11100,3400
901,84,20250901,True,152000,22300,14400,16000,39000,14600,19500,11700,11100,3400
902,85,20260901,True,169000,31300,15900,20000,40000,15000,20000,12000,11400,3400
903,85,20260801,True,161600,29800,15800,14400,39900,15000,20000,12000,11300,3400
904,85,20260701,True,163400,28800,16400,16900,39800,14900,19900,12000,11300,3400
905,85,20260601,True,160300,29800,16100,13200,39800,14900,19900,11900,11300,3400
906,86,20260901,True,165900,30100,17100,19900,40000,15000,20000,12000,8000,3800
907,87,20260901,True,176900,42200,16200,18600,40000,15000,20000,12000,9800,3100
908,87,20260801,False,151700,26300,13000,12600,39900,15000,20000,12000,9800,3100
909,87,20260701,False,151700,26200,11700,14300,39800,14900,19900,12000,9800,3100
910,87,20260601,True,152500,25600,14600,12900,39800,14900,19900,11900,9800,3100
911,87,20260501,True,155800,26100,13000,17500,39700,14900,19800,11900,9800,3100
912,88,20260901,True,143200,19600,9700,13000,40000,15000,20000,12000,10900,3000
913,88,20260801,True,136300,16700,9500,9400,39900,15000,20000,12000,10800,3000
914,88,20260701,True,141400,22300,8300,10400,39800,14900,19900,12000,10800,3000
915,88,20260601,True,148000,24200,11800,11700,39800,14900,19900,11900,10800,3000
916,88,20260501,True,139200,17900,9500,11700,39700,14900,19800,11900,10800,3000
917,88,20260401,True,148800,24300,13300,11400,39600,14800,19800,11900,10700,3000
918,88,20260301,False,140300,20500,9100,11000,39500,14800,19800,11900,10700,3000
919,88,20260201,True,149000,18500,12500,18600,39400,14800,19700,11800,10700,3000
920,88,20260101,True,151900,22900,11500,18100,39400,14800,19700,11800,10700,3000
921,88,20251201,True,151200,24200,9400,18500,39300,14700,19600,11800,10700,3000
922,88,20251101,True,144600,22000,10300,13400,39200,14700,19600,11800,10600,3000
923,88,20251001,True,144800,22900,12100,11100,39100,14700,19600,11700,10600,3000
924,88,20250901,True,147800,21000,12200,16200,39000,14600,19500,11700,10600,3000
925,89,20260901,True,184400,35300,20900,27300,40000,15000,20000,12000,10900,3000
926,89,20260801,False,183800,40600,22700,19800,39900,15000,20000,12000,10800,3000
927,89,20260701,True,183700,43000,21500,18800,39800,14900,19900,12000,10800,3000
928,89,20260601,True,186100,43900,22400,19500,39800,14900,19900,11900,10800,3000
929,89,20260501,True,189000,41900,20900,26100,39700,14900,19800,11900,10800,3000
930,89,20260401,True,190400,41900,23000,25700,39600,14800,19800,11900,10700,3000
931,89,20260301,True,191200,42400,22300,26800,39500,14800,19800,11900,10700,3000
932,90,20260901,True,144900,20600,11500,12600,40000,15000,20000,12000,7300,5900
933,90,20260801,True,143700,24400,8600,10600,39900,15000,20000,12000,7300,5900
934,90,20260701,True,141400,22600,12400,6600,39800,14900,19900,12000,7300,5900
935,90,20260601,True,138400,18200,12000,8500,39800,14900,19900,11900,7300,5900
936,90,20260501,True,144500,20800,12000,12200,39700,14900,19800,11900,7300,5900
937,90,20260401,True,140700,18300,9500,13700,39600,14800,19800,11900,7200,5900
938,90,20260301,True,142500,19000,10800,13600,39500,14800,19800,11900,7200,5900
939,90,20260201,True,150900,22100,9900,20100,39400,14800,19700,11800,7200,5900
940,90,20260101,True,153600,23000,11800,20000,39400,14800,19700,11800,7200,5900
941,90,20251201,True,146200,19800,10800,17200,39300,14700,19600,11800,7200,5800
942,90,20251101,True,144600,21700,11800,12800,39200,14700,19600,11800,7200,5800
943,90,20251001,True,150900,24400,11700,16700,39100,14700,19600,11700,7200,5800
944,90,20250901,True,139400,18100,10800,12800,39000,14600,19500,11700,7100,5800
945,90,20250801,True,140600,19900,11600,11400,39000,14600,19500,11700,7100,5800
946,90,20250701,False,136600,20800,10300,8000,38900,14600,19400,11700,7100,5800
947,90,20250601,True,139700,20800,11000,10600,38800,14600,19400,11600,7100,5800
948,90,20250501,True,143100,23200,10000,12800,38700,14500,19400,11600,7100,5800
949,90,20250401,True,143200,24200,11000,11200,38600,14500,19300,11600,7100,5700
950,90,20250301,True,146600,24900,9900,15000,38600,14500,19300,11600,7100,5700
951,90,20250201,True,149000,20100,10800,21800,38500,14400,19200,11500,7000,5700
952,90,20250101,True,141000,16300,10300,18200,38400,14400,19200,11500,7000,5700
953,90,20241201,True,147300,20200,10300,20700,38300,14400,19200,11500,7000,5700
954,90,20241101,True,144000,22000,10100,16100,38200,14300,19100,11500,7000,5700
955,91,20260901,True,193900,43000,20600,26000,40000,15000,20000,12000,10800,6500
956,91,20260801,True,183400,39200,22000,18000,39900,15000,20000,12000,10800,6500
957,91,20260701,True,186400,42800,21100,18600,39800,14900,19900,12000,10800,6500
958,91,20260601,True,184100,39400,21000,19900,39800,14900,19900,11900,10800,6500
959,91,20260501,True,190300,37100,22000,27800,39700,14900,19800,11900,10700,6400
960,91,20260401,True,196400,44200,20600,28400,39600,14800,19800,11900,10700,6400
961,92,20260901,True,205100,46200,24900,30600,40000,15000,20000,12000,11700,4700
962,92,20260801,True,195000,43200,26300,22200,39900,15000,20000,12000,11700,4700
963,92,20260701,True,196600,44900,24000,24700,39800,14900,19900,12000,11700,4700
964,92,20260601,True,192300,46000,24700,18700,39800,14900,19900,11900,11700,4700
965,92,20260501,True,203200,45900,25400,29400,39700,14900,19800,11900,11600,4600
966,92,20260401,True,203900,46900,25100,29600,39600,14800,19800,11900,11600,4600
967,93,20260901,True,178600,38100,18600,23100,40000,15000,20000,12000,7700,4100
968,94,20260901,True,170300,32500,14600,22300,40000,15000,20000,12000,10900,3000
969,95,20260901,True,151400,24600,12500,15700,40000,15000,20000,12000,8500,3100
970,95,20260801,True,147900,22500,12300,14600,39900,15000,20000,12000,8500,3100
971,95,20260701,True,141600,19900,12300,11200,39800,14900,19900,12000,8500,3100
972,95,20260601,True,146300,24800,9900,13500,39800,14900,19900,11900,8500,3100
973,95,20260501,True,152800,25900,11300,17700,39700,14900,19800,11900,8500,3100
974,95,20260401,True,150100,23100,14100,15300,39600,14800,19800,11900,8400,3100
975,95,20260301,True,141100,17700,11600,14300,39500,14800,19800,11900,8400,3100
976,95,20260201,True,148300,19300,10400,21400,39400,14800,19700,11800,8400,3100
977,95,20260101,True,149300,20800,12800,18500,39400,14800,19700,11800,8400,3100
978,95,20251201,True,152800,22100,12200,21600,39300,14700,19600,11800,8400,3100
979,95,20251101,True,143400,21300,11900,13400,39200,14700,19600,11800,8400,3100
980,95,20251001,True,144300,20900,9900,17000,39100,14700,19600,11700,8300,3100
981,95,20250901,True,142900,21700,10400,14600,39000,14600,19500,11700,8300,3100
982,95,20250801,True,145200,26100,13700,9200,39000,14600,19500,11700,8300,3100
983,95,20250701,True,146900,27200,11500,12200,38900,14600,19400,11700,8300,3100
984,95,20250601,True,140900,24900,10700,9500,38800,14600,19400,11600,8300,3100
985,95,20250501,True,141200,18500,11600,15600,38700,14500,19400,11600,8300,3000
986,95,20250401,True,143200,22200,10100,15700,38600,14500,19300,11600,8200,3000
987,95,20250301,True,145800,24700,11800,14100,38600,14500,19300,11600,8200,3000
988,95,20250201,True,150200,23500,10500,21400,38500,14400,19200,11500,8200,3000
989,95,20250101,True,155000,23600,12900,23800,38400,14400,19200,11500,8200,3000
990,95,20241201,True,154800,27300,12700,20200,38300,14400,19200,11500,8200,3000
991,95,20241101,True,143600,24400,9900,15000,38200,14300,19100,11500,8200,3000
992,95,20241001,True,143300,22400,11000,15800,38200,14300,19100,11400,8100,3000
993,95,20240901,True,144200,21600,14000,14700,38100,14300,19000,11400,8100,3000
994,95,20240801,True,142100,27500,11900,9000,38000,14200,19000,11400,8100,3000
995,95,20240701,True,141100,23000,14200,10300,37900,14200,19000,11400,8100,3000
996,95,20240601,True,140300,22900,12300,11700,37800,14200,18900,11400,8100,3000
997,95,20240501,True,141400,24600,9600,13900,37800,14200,18900,11300,8100,3000
998,95,20240401,True,143300,21400,15200,13800,37700,14100,18800,11300,8000,3000
999,95,20240301,True,146400,23000,14800,15800,37600,14100,18800,11300,8000,3000
1000,95,20240201,True,150000,26100,12600,18600,37500,14100,18800,11300,8000,3000
1001,95,20240101,True,143300,21500,11300,18300,37400,14000,18700,11200,8000,2900
1002,95,20231201,True,146400,17500,12800,23900,37400,14000,18700,11200,8000,2900
1003,95,20231101,False,140700,20000,11500,17200,37300,14000,18600,11200,8000,2900
1004,96,20260901,True,170900,34700,15100,20900,40000,15000,20000,12000,7300,5900
1005,97,20260901,True,174300,34900,15400,21400,40000,15000,20000,12000,9900,5700
1006,97,20260801,True,164200,32500,14900,14300,39900,15000,20000,12000,9900,5700
1007,97,20260701,True,168200,34200,18200,13600,39800,14900,19900,12000,9900,5700
1008,97,20260601,True,170000,35200,17500,15300,39800,14900,19900,11900,9800,5700
1009,97,20260501,True,172800,32400,15100,23500,39700,14900,19800,11900,9800,5700
1010,97,20260401,True,175800,35100,17700,21400,39600,14800,19800,11900,9800,5700
1011,97,20260301,False,171700,30500,18200,21500,39500,14800,19800,11900,9800,5700
1012,97,20260201,True,185200,35300,18500,30300,39400,14800,19700,11800,9800,5600
1013,97,20260101,True,182200,32100,17500,31600,39400,14800,19700,11800,9700,5600
1014,97,20251201,True,177100,29600,17900,28900,39300,14700,19600,11800,9700,5600
1015,98,20260901,True,172100,31200,19600,19500,40000,15000,20000,12000,11400,3400
1016,98,20260801,True,161800,29500,16300,14400,39900,15000,20000,12000,11300,3400
1017,98,20260701,True,163000,28800,17200,15700,39800,14900,19900,12000,11300,3400
1018,98,20260601,True,166100,33400,17200,14300,39800,14900,19900,11900,11300,3400
1019,98,20260501,True,169300,29700,16800,21800,39700,14900,19800,11900,11300,3400
1020,98,20260401,True,168200,30000,16500,21000,39600,14800,19800,11900,11200,3400
1021,98,20260301,True,179600,37800,18200,23000,39500,14800,19800,11900,11200,3400
1022,99,20260901,True,166900,32200,15000,20900,40000,15000,20000,12000,8000,3800
1023,99,20260801,True,161500,34200,14500,14100,39900,15000,20000,12000,8000,3800
1024,99,20260701,True,161200,30700,16400,15700,39800,14900,19900,12000,8000,3800
1025,99,20260601,True,162400,29900,15500,18700,39800,14900,19900,11900,8000,3800
1026,99,20260501,True,161500,29200,14100,20200,39700,14900,19800,11900,8000,3700
1027,99,20260401,True,162100,29000,15500,19800,39600,14800,19800,11900,8000,3700
1028,100,20260901,True,155500,22900,14900,19100,40000,15000,20000,12000,8500,3100
1029,101,20260901,True,185900,38600,19000,24900,40000,15000,20000,12000,11700,4700
1030,102,20260901,True,181800,39700,19400,23900,40000,15000,20000,12000,8000,3800
1031,102,20260801,True,168700,34800,19500,15700,39900,15000,20000,12000,8000,3800
1032,102,20260701,True,164600,29700,18600,17900,39800,14900,19900,12000,8000,3800
1033,102,20260601,True,169700,37800,18500,15100,39800,14900,19900,11900,8000,3800
1034,102,20260501,True,173100,34900,18800,21400,39700,14900,19800,11900,8000,3700
1035,102,20260401,True,173100,33100,18700,23500,39600,14800,19800,11900,8000,3700
1036,102,20260301,True,172700,37000,17800,20300,39500,14800,19800,11900,7900,3700
1037,102,20260201,True,182700,35100,20000,30300,39400,14800,19700,11800,7900,3700
1038,102,20260101,True,183700,33500,18000,34900,39400,14800,19700,11800,7900,3700
1039,102,20251201,True,187400,38400,18400,33600,39300,14700,19600,11800,7900,3700
1040,102,20251101,True,169900,33800,18800,20400,39200,14700,19600,11800,7900,3700
1041,102,20251001,True,169000,33200,17700,21400,39100,14700,19600,11700,7900,3700
1042,102,20250901,True,175600,37000,17600,24700,39000,14600,19500,11700,7800,3700
1043,102,20250801,False,170400,37000,19100,18000,39000,14600,19500,11700,7800,3700
1044,102,20250701,True,165800,36200,17900,15600,38900,14600,19400,11700,7800,3700
1045,102,20250601,True,168100,37300,17300,17600,38800,14600,19400,11600,7800,3700
1046,102,20250501,True,173700,35100,19500,23400,38700,14500,19400,11600,7800,3700
1047,102,20250401,True,172500,33600,20700,22800,38600,14500,19300,11600,7800,3600
1048,102,20250301,False,172000,36400,18200,22000,38600,14500,19300,11600,7800,3600
1049,102,20250201,True,181300,35800,18200,32400,38500,14400,19200,11500,7700,3600
1050,102,20250101,True,182900,35900,18200,34000,38400,14400,19200,11500,7700,3600
1051,102,20241201,True,179200,37100,16300,31100,38300,14400,19200,11500,7700,3600
1052,102,20241101,True,168800,34700,17600,22100,38200,14300,19100,11500,7700,3600
1053,102,20241001,True,171700,37200,19400,20800,38200,14300,19100,11400,7700,3600
1054,102,20240901,True,168200,32300,19100,22700,38100,14300,19000,11400,7700,3600
1055,102,20240801,False,165700,37600,18000,16300,38000,14200,19000,11400,7600,3600
1056,102,20240701,True,162700,33400,18500,17100,37900,14200,19000,11400,7600,3600
1057,102,20240601,True,165400,36600,17500,17800,37800,14200,18900,11400,7600,3600
1058,102,20240501,True,171900,35400,19300,23800,37800,14200,18900,11300,7600,3600
1059,102,20240401,True,169500,34500,19800,22100,37700,14100,18800,11300,7600,3600
1060,102,20240301,False,165900,34700,17300,20900,37600,14100,18800,11300,7600,3600
1061,102,20240201,True,184300,41100,18600,31900,37500,14100,18800,11300,7500,3500
1062,102,20240101,True,183600,40300,16700,34300,37400,14000,18700,11200,7500,3500
1063,102,20231201,True,179200,36200,18600,32100,37400,14000,18700,11200,7500,3500
1064,102,20231101,True,172300,34900,20600,24700,37300,14000,18600,11200,7500,3500
1065,102,20231001,True,168300,35300,17900,23200,37200,13900,18600,11200,7500,3500
1066,103,20260901,True,165800,29600,15800,20500,40000,15000,20000,12000,9800,3100
1067,103,20260801,True,160200,30200,16000,14200,39900,15000,20000,12000,9800,3100
1068,104,20260901,True,188400,40400,24600,24800,40000,15000,20000,12000,8500,3100
1069,105,20260901,True,188100,41200,21600,25500,40000,15000,20000,12000,7300,5500
1070,105,20260801,True,177800,39100,20900,18100,39900,15000,20000,12000,7300,5500
1071,105,20260701,True,179400,41200,21400,17400,39800,14900,19900,12000,7300,5500
1072,105,20260601,True,176300,37000,21100,18900,39800,14900,19900,11900,7300,5500
1073,105,20260501,True,190200,41500,20100,29500,39700,14900,19800,11900,7300,5500
1074,105,20260401,True,181600,35200,23000,24600,39600,14800,19800,11900,7200,5500
1075,105,20260301,True,189300,39200,22800,28600,39500,14800,19800,11900,7200,5500
1076,106,20260901,True,163400,31800,15700,18800,40000,15000,20000,12000,6600,3500
1077,106,20260801,True,147200,24400,13300,12600,39900,15000,20000,12000,6500,3500
1078,107,20260901,True,167000,31200,16500,20700,40000,15000,20000,12000,8500,3100
1079,108,20260901,True,200000,46500,24500,28100,40000,15000,20000,12000,10900,3000
1080,108,20260801,True,181800,37800,24000,19300,39900,15000,20000,12000,10800,3000
1081,108,20260701,True,182900,41800,23000,17700,39800,14900,19900,12000,10800,3000
1082,108,20260601,True,179800,42400,21000,16100,39800,14900,19900,11900,10800,3000
1083,108,20260501,True,194000,41200,24500,28200,39700,14900,19800,11900,10800,3000
1084,108,20260401,True,195900,44900,22600,28600,39600,14800,19800,11900,10700,3000
1085,108,20260301,True,186600,38300,21900,26700,39500,14800,19800,11900,10700,3000
1086,108,20260201,True,201700,39600,22900,39800,39400,14800,19700,11800,10700,3000
1087,109,20260901,True,185700,40000,20700,26400,40000,15000,20000,12000,8500,3100
1088,109,20260801,True,175700,39200,21100,16900,39900,15000,20000,12000,8500,3100
1089,109,20260701,True,176200,40500,21300,16200,39800,14900,19900,12000,8500,3100
1090,110,20260901,True,151300,21100,12900,13000,40000,15000,20000,12000,10800,6500
1091,110,20260801,True,150200,21700,12800,11500,39900,15000,20000,12000,10800,6500
1092,110,20260701,True,151300,25100,12300,10000,39800,14900,19900,12000,10800,6500
1093,111,20260901,True,156200,21800,16100,18400,40000,15000,20000,12000,9800,3100
1094,111,20260801,True,148600,24000,13700,11100,39900,15000,20000,12000,9800,3100
1095,111,20260701,True,150700,25900,14300,11000,39800,14900,19900,12000,9800,3100
1096,111,20260601,True,154900,30900,13200,11400,39800,14900,19900,11900,9800,3100
1097,111,20260501,True,157900,29100,12200,17400,39700,14900,19800,11900,9800,3100
1098,111,20260401,True,161600,31500,13700,17500,39600,14800,19800,11900,9700,3100
1099,111,20260301,True,153000,24800,12500,16900,39500,14800,19800,11900,9700,3100
1100,111,20260201,True,170000,31900,14700,24900,39400,14800,19700,11800,9700,3100
1101,111,20260101,True,164700,27900,14700,23600,39400,14800,19700,11800,9700,3100
1102,111,20251201,True,162700,26200,13500,24800,39300,14700,19600,11800,9700,3100
1103,111,20251101,True,149900,23800,12000,16100,39200,14700,19600,11800,9600,3100
1104,111,20251001,True,155700,27200,12300,18400,39100,14700,19600,11700,9600,3100
1105,111,20250901,False,149200,23300,13300,15100,39000,14600,19500,11700,9600,3100
1106,111,20250801,True,145900,27700,11800,9000,39000,14600,19500,11700,9600,3000
1107,111,20250701,True,150800,26400,14000,13200,38900,14600,19400,11700,9600,3000
1108,112,20260901,True,171000,32500,17300,21300,40000,15000,20000,12000,9800,3100
1109,112,20260801,True,165300,32600,18500,14400,39900,15000,20000,12000,9800,3100
1110,112,20260701,True,163800,29700,18400,16200,39800,14900,19900,12000,9800,3100
1111,112,20260601,True,164400,33500,16100,15400,39800,14900,19900,11900,9800,3100
1112,112,20260501,True,173700,36300,16200,22000,39700,14900,19800,11900,9800,3100
1113,112,20260401,True,165900,28800,15700,22500,39600,14800,19800,11900,9700,3100
1114,112,20260301,True,168400,33800,16400,19400,39500,14800,19800,11900,9700,3100
1115,112,20260201,True,177500,30200,19300,29500,39400,14800,19700,11800,9700,3100
1116,112,20260101,True,180100,34300,17500,29800,39400,14800,19700,11800,9700,3100
1117,112,20251201,True,178900,33200,16400,31100,39300,14700,19600,11800,9700,3100
1118,112,20251101,True,168500,32300,16400,21800,39200,14700,19600,11800,9600,3100
1119,112,20251001,False,166800,32000,17300,19700,39100,14700,19600,11700,9600,3100
1120,112,20250901,True,158200,27700,14200,18800,39000,14600,19500,11700,9600,3100
1121,112,20250801,True,157800,29600,16100,14700,39000,14600,19500,11700,9600,3000
1122,112,20250701,True,160900,33300,17500,12900,38900,14600,19400,11700,9600,3000
1123,112,20250601,True,164200,36800,16700,13800,38800,14600,19400,11600,9500,3000
1124,112,20250501,True,167200,31900,17100,21500,38700,14500,19400,11600,9500,3000
1125,112,20250401,True,164500,30700,18600,18700,38600,14500,19300,11600,9500,3000
1126,112,20250301,True,168400,33300,17700,20900,38600,14500,19300,11600,9500,3000
1127,112,20250201,True,173500,29700,16900,30800,38500,14400,19200,11500,9500,3000
1128,112,20250101,True,170700,32300,16200,26300,38400,14400,19200,11500,9400,3000
1129,113,20260901,True,180200,38200,17400,26000,40000,15000,20000,12000,8500,3100
1130,113,20260801,True,173700,35500,21100,18600,39900,15000,20000,12000,8500,3100
1131,113,20260701,True,175000,37300,19500,20000,39800,14900,19900,12000,8500,3100
1132,114,20260901,True,200300,44400,23400,28700,40000,15000,20000,12000,10400,6400
1133,115,20260901,True,156500,23200,12800,16400,40000,15000,20000,12000,11100,6000
1134,116,20260901,True,174000,31400,18500,26900,40000,15000,20000,12000,6200,4000
1135,117,20260901,True,176200,36100,20500,19700,40000,15000,20000,12000,9800,3100
1136,117,20260801,True,161700,28900,19000,14000,39900,15000,20000,12000,9800,3100
1137,117,20260701,True,169800,36100,16900,17300,39800,14900,19900,12000,9800,3100
1138,117,20260601,True,167800,33100,17500,17800,39800,14900,19900,11900,9800,3100
1139,117,20260501,True,169900,35800,16900,18000,39700,14900,19800,11900,9800,3100
1140,117,20260401,True,177000,37900,17600,22600,39600,14800,19800,11900,9700,3100
1141,117,20260301,False,169000,31600,17600,21000,39500,14800,19800,11900,9700,3100
1142,117,20260201,True,177600,32200,14700,32200,39400,14800,19700,11800,9700,3100
1143,117,20260101,True,182400,34400,16700,32800,39400,14800,19700,11800,9700,3100
1144,117,20251201,True,178200,33300,17200,29500,39300,14700,19600,11800,9700,3100
1145,117,20251101,True,176500,37700,20200,20600,39200,14700,19600,11800,9600,3100
1146,117,20251001,True,169900,31300,17400,23400,39100,14700,19600,11700,9600,3100
1147,117,20250901,True,172400,34000,17500,23400,39000,14600,19500,11700,9600,3100
1148,117,20250801,True,164500,34400,17400,15300,39000,14600,19500,11700,9600,3000
1149,117,20250701,True,164600,33000,18900,15500,38900,14600,19400,11700,9600,3000
1150,117,20250601,True,165300,33800,17700,16900,38800,14600,19400,11600,9500,3000
1151,117,20250501,True,170500,32900,20000,20900,38700,14500,19400,11600,9500,3000
1152,117,20250401,True,167400,30200,18000,22700,38600,14500,19300,11600,9500,3000
1153,117,20250301,True,173800,32800,21600,22900,38600,14500,19300,11600,9500,3000
1154,117,20250201,True,183100,37000,18400,31600,38500,14400,19200,11500,9500,3000
1155,117,20250101,True,177300,31600,17900,31900,38400,14400,19200,11500,9400,3000
1156,117,20241201,True,174200,30600,14900,32900,38300,14400,19200,11500,9400,3000
1157,117,20241101,True,171000,35500,18200,21800,38200,14300,19100,11500,9400,3000
1158,117,20241001,True,168600,35900,16000,21300,38200,14300,19100,11400,9400,3000
1159,117,20240901,True,168600,32500,19100,21800,38100,14300,19000,11400,9400,3000
1160,117,20240801,True,163000,32400,18700,17000,38000,14200,19000,11400,9300,3000
1161,117,20240701,True,160200,33600,18200,13600,37900,14200,19000,11400,9300,3000
1162,117,20240601,True,158800,32500,16600,15100,37800,14200,18900,11400,9300,3000
1163,117,20240501,True,170300,35800,16800,23200,37800,14200,18900,11300,9300,3000
1164,117,20240401,True,172100,36000,16600,25400,37700,14100,18800,11300,9300,2900
1165,117,20240301,True,164300,33200,16400,20800,37600,14100,18800,11300,9200,2900
1166,117,20240201,True,177600,35000,17500,31300,37500,14100,18800,11300,9200,2900
1167,117,20240101,True,166900,28000,16600,28900,37400,14000,18700,11200,9200,2900
1168,117,20231201,True,176400,35900,16900,30200,37400,14000,18700,11200,9200,2900
1169,117,20231101,True,169800,34000,19100,23500,37300,14000,18600,11200,9200,2900
1170,117,20231001,True,167500,36100,16800,21700,37200,13900,18600,11200,9100,2900
1171,117,20230901,True,165300,34000,16500,22100,37100,13900,18600,11100,9100,2900
1172,117,20230801,True,157900,34100,18600,12700,37000,13900,18500,11100,9100,2900
1173,117,20230701,True,161600,33100,17800,18200,37000,13900,18500,11100,9100,2900
1174,117,20230601,True,159200,35500,17100,14400,36900,13800,18400,11100,9100,2900
1175,117,20230501,True,166700,35600,18300,20900,36800,13800,18400,11000,9000,2900
1176,117,20230401,True,168600,34200,19500,23100,36700,13800,18400,11000,9000,2900
1177,117,20230301,True,162600,32000,15900,23200,36600,13700,18300,11000,9000,2900
1178,117,20230201,True,177900,34500,18900,33000,36600,13700,18300,11000,9000,2900
1179,118,20260901,True,183100,39500,20700,23000,40000,15000,20000,12000,9800,3100
1180,118,20260801,False,166900,34900,17400,14800,39900,15000,20000,12000,9800,3100
1181,118,20260701,True,173400,40200,17900,15800,39800,14900,19900,12000,9800,3100
1182,118,20260601,True,170500,34800,19400,16900,39800,14900,19900,11900,9800,3100
1183,118,20260501,True,178800,38200,17800,23600,39700,14900,19800,11900,9800,3100
1184,118,20260401,True,180200,37200,20200,23900,39600,14800,19800,11900,9700,3100
1185,118,20260301,True,174000,31600,20500,23100,39500,14800,19800,11900,9700,3100
1186,118,20260201,True,233300,81700,19100,34000,39400,14800,19700,11800,9700,3100
1187,118,20260101,True,185700,35800,20400,31000,39400,14800,19700,11800,9700,3100
1188,118,20251201,True,188400,37400,19200,33600,39300,14700,19600,11800,9700,3100
1189,118,20251101,True,177800,37400,18800,23600,39200,14700,19600,11800,9600,3100
1190,118,20251001,True,172200,34100,16900,23400,39100,14700,19600,11700,9600,3100
1191,119,20260901,True,166700,31300,17000,19800,40000,15000,20000,12000,8500,3100
1192,119,20260801,True,157900,31500,14700,13200,39900,15000,20000,12000,8500,3100
1193,119,20260701,True,159600,30000,16900,14500,39800,14900,19900,12000,8500,3100
1194,119,20260601,True,155000,27700,16000,13200,39800,14900,19900,11900,8500,3100
1195,119,20260501,True,162800,30100,16300,18500,39700,14900,19800,11900,8500,3100
1196,119,20260401,True,168000,32500,17400,20500,39600,14800,19800,11900,8400,3100
1197,119,20260301,True,162200,28900,14600,21200,39500,14800,19800,11900,8400,3100
1198,119,20260201,True,174000,29100,17300,30400,39400,14800,19700,11800,8400,3100
1199,120,20260901,True,148700,20600,10700,14800,40000,15000,20000,12000,9900,5700
1200,120,20260801,True,146000,23400,11200,8900,39900,15000,20000,12000,9900,5700
1201,121,20260901,True,148700,25200,10800,14100,40000,15000,20000,12000,8500,3100
1202,121,20260801,True,146000,22600,12600,12300,39900,15000,20000,12000,8500,3100
1203,121,20260701,True,140400,20100,11100,11000,39800,14900,19900,12000,8500,3100
1204,121,20260601,True,140100,21600,12000,8400,39800,14900,19900,11900,8500,3100
1205,121,20260501,True,148700,23500,11400,15900,39700,14900,19800,11900,8500,3100
1206,121,20260401,True,145600,20300,13200,14500,39600,14800,19800,11900,8400,3100
1207,121,20260301,True,148000,24400,13300,12800,39500,14800,19800,11900,8400,3100
1208,122,20260901,True,179400,35400,18700,25500,40000,15000,20000,12000,7300,5500
1209,122,20260801,True,164300,32800,18000,13800,39900,15000,20000,12000,7300,5500
1210,122,20260701,True,168100,33200,19100,16400,39800,14900,19900,12000,7300,5500
1211,122,20260601,True,167900,35400,17900,15300,39800,14900,19900,11900,7300,5500
1212,122,20260501,True,172500,33100,18300,22000,39700,14900,19800,11900,7300,5500
1213,122,20260401,True,181200,36100,20800,25500,39600,14800,19800,11900,7200,5500
1214,122,20260301,True,178000,33400,20800,25100,39500,14800,19800,11900,7200,5500
1215,122,20260201,True,187000,35300,17600,35800,39400,14800,19700,11800,7200,5400
1216,122,20260101,True,185500,34700,19600,32900,39400,14800,19700,11800,7200,5400
1217,122,20251201,True,188000,39600,19300,31100,39300,14700,19600,11800,7200,5400
1218,122,20251101,True,175900,36500,18600,22900,39200,14700,19600,11800,7200,5400
1219,122,20251001,True,175500,36100,19300,22400,39100,14700,19600,11700,7200,5400
1220,122,20250901,True,172800,36000,17800,21700,39000,14600,19500,11700,7100,5400
1221,122,20250801,True,169800,36600,20100,15800,39000,14600,19500,11700,7100,5400
1222,122,20250701,True,164400,34000,18700,14600,38900,14600,19400,11700,7100,5400
1223,122,20250601,True,163100,31300,18400,16500,38800,14600,19400,11600,7100,5400
1224,122,20250501,True,174800,35900,19300,23000,38700,14500,19400,11600,7100,5300
1225,122,20250401,True,178000,36900,18900,25800,38600,14500,19300,11600,7100,5300
1226,122,20250301,True,170600,35700,16600,22000,38600,14500,19300,11600,7000,5300
1227,122,20250201,True,184600,33600,20300,34800,38500,14400,19200,11500,7000,5300
1228,123,20260901,True,140500,19800,9900,13600,40000,15000,20000,12000,6200,4000
1229,123,20260801,True,140300,22100,12900,8300,39900,15000,20000,12000,6100,4000
1230,123,20260701,False,138100,20900,12600,7900,39800,14900,19900,12000,6100,4000
1231,123,20260601,True,135400,21800,9500,7500,39800,14900,19900,11900,6100,4000
1232,123,20260501,True,137300,17300,10100,13500,39700,14900,19800,11900,6100,4000
1233,123,20260401,True,139900,19800,10600,13300,39600,14800,19800,11900,6100,4000
1234,124,20260901,True,185200,38100,19600,24900,40000,15000,20000,12000,9900,5700
1235,124,20260801,True,178600,39000,18900,18200,39900,15000,20000,12000,9900,5700
1236,124,20260701,True,176300,35900,18300,19900,39800,14900,19900,12000,9900,5700
1237,124,20260601,True,178200,39200,20600,16400,39800,14900,19900,11900,9800,5700
1238,125,20260901,True,151100,24700,11200,16400,40000,15000,20000,12000,7700,4100
1239,125,20260801,True,145300,23800,14300,8600,39900,15000,20000,12000,7600,4100
1240,125,20260701,True,142200,23600,10400,9900,39800,14900,19900,12000,7600,4100
1241,125,20260601,False,152700,28700,12600,13200,39800,14900,19900,11900,7600,4100
1242,125,20260501,True,156800,25600,13600,19600,39700,14900,19800,11900,7600,4100
1243,125,20260401,True,154700,26700,13100,17100,39600,14800,19800,11900,7600,4100
1244,125,20260301,True,147000,23100,12900,13300,39500,14800,19800,11900,7600,4100
1245,125,20260201,True,162300,27800,13300,23900,39400,14800,19700,11800,7500,4100
1246,125,20260101,True,151800,22100,11000,21400,39400,14800,19700,11800,7500,4100
1247,125,20251201,True,159200,25900,11800,24600,39300,14700,19600,11800,7500,4000
1248,125,20251101,True,148800,26200,12600,13200,39200,14700,19600,11800,7500,4000
1249,125,20251001,True,154100,27300,11900,18300,39100,14700,19600,11700,7500,4000
1250,125,20250901,True,155900,28000,13900,17700,39000,14600,19500,11700,7500,4000
1251,125,20250801,True,144700,25500,13900,9000,39000,14600,19500,11700,7500,4000
1252,126,20260901,True,194100,43600,23400,27200,40000,15000,20000,12000,9800,3100
1253,127,20260901,True,193600,41400,21600,26800,40000,15000,20000,12000,10400,6400
1254,127,20260801,True,181500,39300,20800,17700,39900,15000,20000,12000,10400,6400
1255,127,20260701,True,182700,40700,21500,17100,39800,14900,19900,12000,10400,6400
1256,127,20260601,True,184900,41200,21300,19200,39800,14900,19900,11900,10400,6300
1257,128,20260901,True,169100,32900,16300,22800,40000,15000,20000,12000,6600,3500
1258,129,20260901,True,177000,38200,17800,22200,40000,15000,20000,12000,8000,3800
1259,129,20260801,True,173300,36000,20600,18000,39900,15000,20000,12000,8000,3800
1260,129,20260701,True,171900,36500,19800,17200,39800,14900,19900,12000,8000,3800
1261,129,20260601,True,170500,33800,20700,17700,39800,14900,19900,11900,8000,3800
1262,129,20260501,True,179500,34500,21800,25200,39700,14900,19800,11900,8000,3700
1263,129,20260401,True,180400,38700,19000,24900,39600,14800,19800,11900,8000,3700
1264,129,20260301,True,179000,37700,18800,24900,39500,14800,19800,11900,7900,3700
1265,130,20260901,True,186000,34300,20300,27300,40000,15000,20000,12000,11100,6000
1266,130,20260801,False,170900,30000,19600,17300,39900,15000,20000,12000,11100,6000
1267,130,20260701,True,173900,33600,17300,19400,39800,14900,19900,12000,11000,6000
1268,130,20260601,True,179600,38300,19300,18500,39800,14900,19900,11900,11000,6000
1269,130,20260501,True,181600,37700,16400,24200,39700,14900,19800,11900,11000,6000
1270,130,20260401,True,179600,33500,18400,24600,39600,14800,19800,11900,11000,6000
1271,130,20260301,True,175000,30800,18000,23300,39500,14800,19800,11900,11000,5900
1272,130,20260201,True,195800,40900,18200,34200,39400,14800,19700,11800,10900,5900
1273,130,20260101,True,188800,37400,19500,29400,39400,14800,19700,11800,10900,5900
1274,130,20251201,True,191900,38900,18300,32500,39300,14700,19600,11800,10900,5900
1275,130,20251101,True,181300,39700,17600,21900,39200,14700,19600,11800,10900,5900
1276,130,20251001,True,178200,35300,18200,22900,39100,14700,19600,11700,10800,5900
1277,130,20250901,True,177400,34900,16700,24300,39000,14600,19500,11700,10800,5900
1278,130,20250801,True,171600,36000,16900,17200,39000,14600,19500,11700,10800,5900
1279,131,20260901,True,195900,42100,21700,27800,40000,15000,20000,12000,10800,6500
1280,131,20260801,True,183400,39900,20900,18400,39900,15000,20000,12000,10800,6500
1281,131,20260701,True,188000,42500,21700,19900,39800,14900,19900,12000,10800,6500
1282,131,20260601,True,185700,39700,23000,19200,39800,14900,19900,11900,10800,6500
1283,131,20260501,True,191000,39900,22100,25600,39700,14900,19800,11900,10700,6400
1284,131,20260401,True,194200,44100,20100,26800,39600,14800,19800,11900,10700,6400
1285,131,20260301,False,201300,45800,22200,30200,39500,14800,19800,11900,10700,6400
1286,131,20260201,True,200800,39500,21800,36700,39400,14800,19700,11800,10700,6400
1287,131,20260101,True,204400,42500,21000,38100,39400,14800,19700,11800,10700,6400
1288,132,20260901,True,178000,33900,20700,23600,40000,15000,20000,12000,7300,5500
1289,132,20260801,True,165700,32000,17100,16900,39900,15000,20000,12000,7300,5500
1290,132,20260701,True,161700,30000,18800,13500,39800,14900,19900,12000,7300,5500
1291,132,20260601,True,164300,29800,17800,17400,39800,14900,19900,11900,7300,5500
1292,132,20260501,True,177300,34800,20300,23100,39700,14900,19800,11900,7300,5500
1293,133,20260901,True,159400,26200,16500,19500,40000,15000,20000,12000,6200,4000
1294,134,20260901,True,193700,39700,23100,26800,40000,15000,20000,12000,11100,6000
1295,134,20260801,True,189300,43400,21800,20100,39900,15000,20000,12000,11100,6000
1296,134,20260701,True,183400,40500,21400,17900,39800,14900,19900,12000,11000,6000
1297,134,20260601,True,189700,45900,21800,18500,39800,14900,19900,11900,11000,6000
1298,134,20260501,True,198200,44700,22700,27500,39700,14900,19800,11900,11000,6000
1299,134,20260401,True,192900,41400,22700,25700,39600,14800,19800,11900,11000,6000
1300,134,20260301,True,191100,38100,22800,27300,39500,14800,19800,11900,11000,5900
1301,134,20260201,True,200500,39100,19900,39000,39400,14800,19700,11800,10900,5900
1302,134,20260101,True,202000,39400,22000,38100,39400,14800,19700,11800,10900,5900
1303,134,20251201,True,205000,43900,22100,36800,39300,14700,19600,11800,10900,5900
1304,134,20251101,True,190100,39200,20500,28300,39200,14700,19600,11800,10900,5900
1305,134,20251001,True,194800,46300,23000,23700,39100,14700,19600,11700,10800,5900
1306,134,20250901,True,189600,39600,20900,27600,39000,14600,19500,11700,10800,5900
1307,134,20250801,True,182400,42000,20900,18000,39000,14600,19500,11700,10800,5900
1308,134,20250701,True,187600,41700,22900,21700,38900,14600,19400,11700,10800,5900
1309,134,20250601,True,181200,40600,21100,18500,38800,14600,19400,11600,10800,5800
1310,134,20250501,True,188600,40300,20500,27100,38700,14500,19400,11600,10700,5800
1311,134,20250401,True,191700,40300,23200,27700,38600,14500,19300,11600,10700,5800
1312,134,20250301,True,200300,47700,25100,27000,38600,14500,19300,11600,10700,5800
1313,134,20250201,True,207700,46400,22000,39200,38500,14400,19200,11500,10700,5800
1314,134,20250101,True,200000,39100,22600,38400,38400,14400,19200,11500,10600,5800
1315,134,20241201,True,204900,43900,22700,38500,38300,14400,19200,11500,10600,5800
1316,134,20241101,True,193100,42300,22200,29100,38200,14300,19100,11500,10600,5800
1317,134,20241001,True,191500,43400,20200,28600,38200,14300,19100,11400,10600,5700
1318,134,20240901,True,191000,42700,21700,27500,38100,14300,19000,11400,10600,5700
1319,134,20240801,True,181900,39800,21100,22200,38000,14200,19000,11400,10500,5700
1320,134,20240701,True,180900,40800,19800,21600,37900,14200,19000,11400,10500,5700
1321,134,20240601,True,180200,41400,22100,18200,37800,14200,18900,11400,10500,5700
1322,134,20240501,True,193000,43100,22700,28800,37800,14200,18900,11300,10500,5700
1323,134,20240401,True,189600,43000,22300,26300,37700,14100,18800,11300,10400,5700
1324,134,20240301,True,189500,45300,21700,24600,37600,14100,18800,11300,10400,5700
1325,134,20240201,True,193500,40200,19000,36600,37500,14100,18800,11300,10400,5600
1326,134,20240101,True,200000,43900,21400,37400,37400,14000,18700,11200,10400,5600
1327,134,20231201,True,201000,41900,20100,41700,37400,14000,18700,11200,10400,5600
1328,134,20231101,True,187200,39800,23300,27100,37300,14000,18600,11200,10300,5600
1329,134,20231001,True,190700,45100,21800,27000,37200,13900,18600,11200,10300,5600
1330,134,20230901,True,188000,38500,23600,29300,37100,13900,18600,11100,10300,5600
1331,134,20230801,False,177300,42600,20200,18100,37000,13900,18500,11100,10300,5600
1332,134,20230701,True,176700,39000,21500,19900,37000,13900,18500,11100,10200,5600
1333,134,20230601,True,171000,36700,20600,17800,36900,13800,18400,11100,10200,5500
1334,134,20230501,True,190900,45500,22700,27000,36800,13800,18400,11000,10200,5500
1335,134,20230401,True,185900,38900,24800,26600,36700,13800,18400,11000,10200,5500
1336,134,20230301,True,184200,39100,23000,26800,36600,13700,18300,11000,10200,5500
1337,134,20230201,True,201400,44400,22500,39300,36600,13700,18300,11000,10100,5500
1338,134,20230101,True,196700,42700,20900,38200,36500,13700,18200,10900,10100,5500
1339,134,20221201,True,197900,42000,21000,40200,36400,13600,18200,10900,10100,5500
1340,134,20221101,True,179000,35100,22600,26700,36300,13600,18200,10900,10100,5500
1341,135,20260901,True,207100,51800,24800,30600,40000,15000,20000,12000,9800,3100
1342,135,20260801,True,192400,45700,26100,20800,39900,15000,20000,12000,9800,3100
1343,135,20260701,True,197900,50500,26600,21300,39800,14900,19900,12000,9800,3100
1344,135,20260601,True,193500,48600,23300,22200,39800,14900,19900,11900,9800,3100
1345,135,20260501,True,205500,49100,26500,30700,39700,14900,19800,11900,9800,3100
1346,135,20260401,True,204800,49000,24000,32900,39600,14800,19800,11900,9700,3100
1347,135,20260301,True,205200,47900,24500,34000,39500,14800,19800,11900,9700,3100
1348,135,20260201,True,220000,51600,25900,44000,39400,14800,19700,11800,9700,3100
1349,135,20260101,True,216200,49100,26200,42400,39400,14800,19700,11800,9700,3100
1350,135,20251201,True,216600,48300,24800,45300,39300,14700,19600,11800,9700,3100
1351,135,20251101,True,208100,51300,27100,31700,39200,14700,19600,11800,9600,3100
1352,135,20251001,True,207100,50700,24600,34000,39100,14700,19600,11700,9600,3100
1353,135,20250901,True,205000,46800,27200,33500,39000,14600,19500,11700,9600,3100
1354,135,20250801,True,200300,51100,28200,23600,39000,14600,19500,11700,9600,3000
1355,135,20250701,True,196400,53800,25000,20400,38900,14600,19400,11700,9600,3000
1356,135,20250601,True,189500,45600,23900,23100,38800,14600,19400,11600,9500,3000
1357,135,20250501,True,199200,47300,23900,31300,38700,14500,19400,11600,9500,3000
1358,135,20250401,True,198200,45300,26400,30000,38600,14500,19300,11600,9500,3000
1359,135,20250301,True,200900,48800,25900,29700,38600,14500,19300,11600,9500,3000
1360,135,20250201,True,212000,46500,24800,44600,38500,14400,19200,11500,9500,3000
1361,135,20250101,True,217600,50400,27500,43800,38400,14400,19200,11500,9400,3000
1362,135,20241201,True,220600,52800,26000,46000,38300,14400,19200,11500,9400,3000
1363,136,20260901,True,174100,36800,18100,20400,40000,15000,20000,12000,7700,4100
1364,137,20260901,True,187900,40400,22600,26100,40000,15000,20000,12000,7700,4100
1365,137,20260801,True,178400,37800,23000,19000,39900,15000,20000,12000,7600,4100
1366,137,20260701,True,180600,40700,24000,17600,39800,14900,19900,12000,7600,4100
1367,137,20260601,True,177300,40600,20400,18100,39800,14900,19900,11900,7600,4100
1368,137,20260501,True,193200,46000,21300,27900,39700,14900,19800,11900,7600,4100
1369,137,20260401,True,187800,41900,22600,25500,39600,14800,19800,11900,7600,4100
1370,137,20260301,False,191500,41000,23100,29700,39500,14800,19800,11900,7600,4100
1371,137,20260201,True,199400,40700,23300,38100,39400,14800,19700,11800,7500,4100
1372,138,20260901,True,183400,39200,19700,25700,40000,15000,20000,12000,7700,4100
1373,138,20260801,True,171700,35300,19300,18500,39900,15000,20000,12000,7600,4100
1374,138,20260701,True,179800,41000,22200,18300,39800,14900,19900,12000,7600,4100
1375,138,20260601,True,169000,36500,19600,14700,39800,14900,19900,11900,7600,4100
1376,138,20260501,True,181400,38400,19100,25900,39700,14900,19800,11900,7600,4100
1377,138,20260401,True,182100,40600,19400,24300,39600,14800,19800,11900,7600,4100
1378,138,20260301,True,179400,38500,17200,26000,39500,14800,19800,11900,7600,4100
1379,138,20260201,True,188700,36900,17200,37300,39400,14800,19700,11800,7500,4100
1380,138,20260101,True,193300,41700,19300,35000,39400,14800,19700,11800,7500,4100
1381,138,20251201,True,189900,39400,20500,33100,39300,14700,19600,11800,7500,4000
1382,138,20251101,True,172400,32400,20500,22700,39200,14700,19600,11800,7500,4000
1383,138,20251001,True,180900,38300,20300,25700,39100,14700,19600,11700,7500,4000
1384,138,20250901,True,179900,40000,17900,25700,39000,14600,19500,11700,7500,4000
1385,138,20250801,True,169600,37600,19400,16300,39000,14600,19500,11700,7500,4000
1386,138,20250701,True,167200,33200,20300,17700,38900,14600,19400,11700,7400,4000
1387,138,20250601,True,169700,37300,18400,18200,38800,14600,19400,11600,7400,4000
1388,138,20250501,True,180600,41100,20700,23200,38700,14500,19400,11600,7400,4000
1389,138,20250401,True,181200,41400,19300,25100,38600,14500,19300,11600,7400,4000
1390,138,20250301,True,181400,41400,20400,24200,38600,14500,19300,11600,7400,4000
1391,138,20250201,True,189100,39000,21100,34000,38500,14400,19200,11500,7400,4000
1392,138,20250101,True,187300,38300,19200,35000,38400,14400,19200,11500,7300,4000
1393,138,20241201,True,184000,37400,19400,32600,38300,14400,19200,11500,7300,3900
1394,138,20241101,True,178700,37700,20100,26600,38200,14300,19100,11500,7300,3900
1395,138,20241001,True,173700,34700,19900,24900,38200,14300,19100,11400,7300,3900
1396,138,20240901,True,173700,37400,19200,23100,38100,14300,19000,11400,7300,3900
1397,138,20240801,True,166300,36900,19200,16400,38000,14200,19000,11400,7300,3900
1398,138,20240701,True,173100,40600,22200,16600,37900,14200,19000,11400,7300,3900
1399,138,20240601,False,168600,40900,17700,16600,37800,14200,18900,11400,7200,3900
1400,138,20240501,True,171100,35600,18700,23500,37800,14200,18900,11300,7200,3900
1401,138,20240401,True,174300,36100,19500,25700,37700,14100,18800,11300,7200,3900
1402,138,20240301,True,182200,44400,21400,23500,37600,14100,18800,11300,7200,3900
1403,138,20240201,True,183900,35700,20400,35000,37500,14100,18800,11300,7200,3900
1404,139,20260901,True,205800,47700,25100,32800,40000,15000,20000,12000,7300,5900
1405,140,20260901,True,145400,21500,10700,14400,40000,15000,20000,12000,8000,3800
1406,140,20260801,False,144100,23500,13300,8600,39900,15000,20000,12000,8000,3800
1407,140,20260701,True,144100,24900,10400,10400,39800,14900,19900,12000,8000,3800
1408,140,20260601,False,143400,22100,11500,11500,39800,14900,19900,11900,8000,3800
1409,140,20260501,True,146600,24200,10600,13800,39700,14900,19800,11900,8000,3700
1410,140,20260401,True,144300,21900,11000,13600,39600,14800,19800,11900,8000,3700
1411,140,20260301,True,146700,23700,10400,15000,39500,14800,19800,11900,7900,3700
1412,140,20260201,True,152700,23500,10800,21100,39400,14800,19700,11800,7900,3700
1413,140,20260101,True,150800,22200,11300,20000,39400,14800,19700,11800,7900,3700
1414,140,20251201,True,152700,23300,12700,19700,39300,14700,19600,11800,7900,3700
1415,140,20251101,True,147800,22900,11000,17000,39200,14700,19600,11800,7900,3700
1416,140,20251001,True,147700,22000,12600,16400,39100,14700,19600,11700,7900,3700
1417,140,20250901,True,144100,23200,11500,13100,39000,14600,19500,11700,7800,3700
1418,140,20250801,True,144700,25700,11000,11700,39000,14600,19500,11700,7800,3700
1419,140,20250701,True,141600,22800,11200,11500,38900,14600,19400,11700,7800,3700
1420,140,20250601,True,136800,23200,8200,9500,38800,14600,19400,11600,7800,3700
1421,140,20250501,True,145100,24000,10600,14800,38700,14500,19400,11600,7800,3700
1422,140,20250401,True,144500,20700,12200,16200,38600,14500,19300,11600,7800,3600
1423,140,20250301,True,142800,20000,12400,15000,38600,14500,19300,11600,7800,3600
1424,140,20250201,True,149600,23100,12700,18900,38500,14400,19200,11500,7700,3600
1425,140,20250101,True,147100,19800,11400,21100,38400,14400,19200,11500,7700,3600
1426,140,20241201,True,149500,22000,11500,21300,38300,14400,19200,11500,7700,3600
1427,140,20241101,True,142200,20100,10300,17400,38200,14300,19100,11500,7700,3600
1428,140,20241001,True,143700,23600,12100,13700,38200,14300,19100,11400,7700,3600
1429,140,20240901,True,143100,19000,12900,17100,38100,14300,19000,11400,7700,3600
1430,140,20240801,True,137200,19200,12900,11300,38000,14200,19000,11400,7600,3600
1431,140,20240701,True,137900,21500,9700,13000,37900,14200,19000,11400,7600,3600
1432,140,20240601,False,135300,23200,9000,9600,37800,14200,18900,11400,7600,3600
1433,140,20240501,True,144100,25400,12500,12800,37800,14200,18900,11300,7600,3600
1434,140,20240401,True,144700,25700,12900,13000,37700,14100,18800,11300,7600,3600
1435,140,20240301,True,139000,19000,12500,14500,37600,14100,18800,11300,7600,3600
1436,140,20240201,True,155500,25300,14200,23300,37500,14100,18800,11300,7500,3500
1437,140,20240101,True,143900,20500,11100,20000,37400,14000,18700,11200,7500,3500
1438,140,20231201,True,148300,23500,10800,21700,37400,14000,18700,11200,7500,3500
1439,140,20231101,True,140900,21900,13400,13500,37300,14000,18600,11200,7500,3500
1440,140,20231001,True,142900,22600,13500,14900,37200,13900,18600,11200,7500,3500
1441,140,20230901,True,144000,26700,11000,14600,37100,13900,18600,11100,7500,3500
1442,140,20230801,True,133100,20000,11400,10300,37000,13900,18500,11100,7400,3500
1443,140,20230701,True,134600,23100,10300,9800,37000,13900,18500,11100,7400,3500
1444,140,20230601,True,136700,22900,11400,11300,36900,13800,18400,11100,7400,3500
1445,140,20230501,False,138200,22000,11200,14100,36800,13800,18400,11000,7400,3500
1446,140,20230401,True,140300,22100,13100,14300,36700,13800,18400,11000,7400,3500
1447,140,20230301,True,143600,24900,12200,16000,36600,13700,18300,11000,7400,3500
1448,140,20230201,True,142100,20100,12700,18900,36600,13700,18300,11000,7300,3500
1449,140,20230101,True,146400,25400,12100,18900,36500,13700,18200,10900,7300,3400
1450,140,20221201,True,147100,24900,11800,20600,36400,13600,18200,10900,7300,3400
1451,140,20221101,True,137000,21400,10100,15800,36300,13600,18200,10900,7300,3400
1452,141,20260901,True,195300,40200,22200,29100,40000,15000,20000,12000,10400,6400
1453,142,20260901,True,160300,25700,14900,19900,40000,15000,20000,12000,7300,5500
1454,143,20260901,True,188400,39000,19400,26200,40000,15000,20000,12000,10400,6400
1455,143,20260801,True,177100,35600,20100,17700,39900,15000,20000,12000,10400,6400
1456,143,20260701,True,175900,33900,20300,18300,39800,14900,19900,12000,10400,6400
1457,143,20260601,True,181200,39800,20900,17300,39800,14900,19900,11900,10400,6300
1458,144,20260901,True,181400,33700,18500,25100,40000,15000,20000,12000,11100,6000
1459,145,20260901,True,180600,37800,19300,20100,40000,15000,20000,12000,11700,4700
1460,145,20260801,True,169700,34000,17000,15400,39900,15000,20000,12000,11700,4700
1461,145,20260701,False,171800,35700,16800,16300,39800,14900,19900,12000,11700,4700
1462,145,20260601,True,172000,34000,19600,15500,39800,14900,19900,11900,11700,4700
1463,145,20260501,True,175700,35400,17000,20800,39700,14900,19800,11900,11600,4600
1464,145,20260401,True,179700,38600,17000,21800,39600,14800,19800,11900,11600,4600
1465,145,20260301,True,178100,33000,19500,23400,39500,14800,19800,11900,11600,4600
1466,145,20260201,True,179200,28100,16600,32600,39400,14800,19700,11800,11600,4600
1467,145,20260101,True,181800,32200,17800,29900,39400,14800,19700,11800,11600,4600
1468,145,20251201,True,190500,37500,20500,31000,39300,14700,19600,11800,11500,4600
1469,145,20251101,True,177500,35900,19300,20900,39200,14700,19600,11800,11500,4600
1470,145,20251001,True,177500,34300,18300,23700,39100,14700,19600,11700,11500,4600
1471,146,20260901,True,155700,24700,12700,15700,40000,15000,20000,12000,9900,5700
1472,146,20260801,True,151200,22800,13800,12100,39900,15000,20000,12000,9900,5700
1473,146,20260701,True,153800,27300,13600,10700,39800,14900,19900,12000,9900,5700
1474,146,20260601,True,145900,23900,11100,8900,39800,14900,19900,11900,9800,5700
1475,146,20260501,True,155300,24200,12900,16400,39700,14900,19800,11900,9800,5700
1476,146,20260401,True,156900,26300,13800,15200,39600,14800,19800,11900,9800,5700
1477,146,20260301,False,153600,24100,11600,16400,39500,14800,19800,11900,9800,5700
1478,147,20260901,True,184200,35800,20200,26400,40000,15000,20000,12000,11400,3400
1479,148,20260901,True,204600,47500,26300,31000,40000,15000,20000,12000,7300,5500
1480,148,20260801,True,195600,47600,25400,22900,39900,15000,20000,12000,7300,5500
1481,148,20260701,True,194000,48600,25800,20200,39800,14900,19900,12000,7300,5500
1482,148,20260601,False,186400,44600,22700,19800,39800,14900,19900,11900,7300,5500
1483,148,20260501,True,193200,41300,22800,30000,39700,14900,19800,11900,7300,5500
1484,148,20260401,True,196900,43100,25400,29600,39600,14800,19800,11900,7200,5500
1485,148,20260301,True,202700,48300,24800,30900,39500,14800,19800,11900,7200,5500
1486,148,20260201,True,216300,52100,24200,41700,39400,14800,19700,11800,7200,5400
1487,148,20260101,True,215300,46400,24800,45800,39400,14800,19700,11800,7200,5400
1488,148,20251201,True,218100,49600,26200,44300,39300,14700,19600,11800,7200,5400
1489,148,20251101,True,196700,44000,25400,29400,39200,14700,19600,11800,7200,5400
1490,148,20251001,True,204700,50500,24800,31700,39100,14700,19600,11700,7200,5400
1491,148,20250901,True,195700,47100,22900,28400,39000,14600,19500,11700,7100,5400
1492,148,20250801,True,193900,50300,24600,21700,39000,14600,19500,11700,7100,5400
1493,148,20250701,True,188600,45100,24200,22200,38900,14600,19400,11700,7100,5400
1494,148,20250601,True,193100,49600,24600,22000,38800,14600,19400,11600,7100,5400
1495,148,20250501,True,195600,44000,25200,29800,38700,14500,19400,11600,7100,5300
1496,148,20250401,True,200100,44700,26600,32400,38600,14500,19300,11600,7100,5300
1497,148,20250301,True,198200,45600,24100,32200,38600,14500,19300,11600,7000,5300
1498,148,20250201,True,204500,42800,24900,40900,38500,14400,19200,11500,7000,5300
1499,148,20250101,True,209400,43400,25500,44700,38400,14400,19200,11500,7000,5300
1500,148,20241201,True,207100,42600,25200,43600,38300,14400,19200,11500,7000,5300
1501,148,20241101,True,203200,54000,23100,30700,38200,14300,19100,11500,7000,5300
1502,148,20241001,True,201400,48700,25300,32100,38200,14300,19100,11400,7000,5300
1503,148,20240901,True,197800,43900,27100,31700,38100,14300,19000,11400,7000,5300
1504,148,20240801,True,186700,45000,25700,21200,38000,14200,19000,11400,6900,5300
1505,148,20240701,True,179500,44300,23400,17200,37900,14200,19000,11400,6900,5200
1506,148,20240601,True,190300,51400,24500,20000,37800,14200,18900,11400,6900,5200
1507,148,20240501,True,201600,49500,25300,32500,37800,14200,18900,11300,6900,5200
1508,148,20240401,True,195000,47300,23100,30600,37700,14100,18800,11300,6900,5200
1509,148,20240301,True,194100,45000,25000,30200,37600,14100,18800,11300,6900,5200
1510,148,20240201,False,203000,42900,24200,42100,37500,14100,18800,11300,6900,5200
1511,148,20240101,True,205100,44100,26000,41700,37400,14000,18700,11200,6800,5200
1512,148,20231201,True,206700,42700,25800,44900,37400,14000,18700,11200,6800,5200
1513,148,20231101,True,201000,50600,25900,31400,37300,14000,18600,11200,6800,5200
1514,148,20231001,True,194500,48300,24500,28900,37200,13900,18600,11200,6800,5100
1515,148,20230901,True,195900,47800,24000,31500,37100,13900,18600,11100,6800,5100
1516,148,20230801,True,180500,43600,24700,19800,37000,13900,18500,11100,6800,5100
1517,148,20230701,True,180800,44000,22500,21900,37000,13900,18500,11100,6800,5100
1518,149,20260901,True,160200,27000,16600,18000,40000,15000,20000,12000,8500,3100
1519,149,20260801,True,152900,27600,14900,11900,39900,15000,20000,12000,8500,3100
1520,149,20260701,True,150700,25700,14500,12300,39800,14900,19900,12000,8500,3100
1521,149,20260601,True,157500,29400,16600,13400,39800,14900,19900,11900,8500,3100
1522,149,20260501,True,160900,29500,14900,18600,39700,14900,19800,11900,8500,3100
1523,149,20260401,True,152400,24900,13500,16400,39600,14800,19800,11900,8400,3100
1524,149,20260301,True,158800,29800,16300,15200,39500,14800,19800,11900,8400,3100
1525,149,20260201,True,166700,26700,16100,26700,39400,14800,19700,11800,8400,3100
1526,149,20260101,True,166900,29800,15000,24900,39400,14800,19700,11800,8400,3100
1527,149,20251201,True,166600,28900,14500,26300,39300,14700,19600,11800,8400,3100
1528,149,20251101,False,158400,27100,15600,18900,39200,14700,19600,11800,8400,3100
1529,149,20251001,True,156800,27500,14500,18300,39100,14700,19600,11700,8300,3100
1530,149,20250901,True,155100,28200,13800,16900,39000,14600,19500,11700,8300,3100
1531,149,20250801,True,153000,32200,12700,11900,39000,14600,19500,11700,8300,3100
1532,149,20250701,True,156000,31400,16900,11700,38900,14600,19400,11700,8300,3100
1533,149,20250601,True,148500,27800,12700,12200,38800,14600,19400,11600,8300,3100
1534,149,20250501,False,159600,30200,14500,19400,38700,14500,19400,11600,8300,3000
1535,149,20250401,True,153700,25500,14200,18800,38600,14500,19300,11600,8200,3000
1536,149,20250301,True,159300,26200,15700,22200,38600,14500,19300,11600,8200,3000
1537,149,20250201,True,165200,27700,16000,26700,38500,14400,19200,11500,8200,3000
1538,149,20250101,True,164600,29200,13300,27400,38400,14400,19200,11500,8200,3000
1539,149,20241201,True,157300,23200,14400,25100,38300,14400,19200,11500,8200,3000
1540,149,20241101,True,154600,26500,16200,17600,38200,14300,19100,11500,8200,3000
1541,149,20241001,True,159600,29700,16000,19800,38200,14300,19100,11400,8100,3000
1542,149,20240901,True,151700,27800,13600,16400,38100,14300,19000,11400,8100,3000
1543,149,20240801,True,151400,27300,15800,14600,38000,14200,19000,11400,8100,3000
1544,149,20240701,True,147200,27300,14700,11600,37900,14200,19000,11400,8100,3000
1545,149,20240601,True,147200,26200,14600,13000,37800,14200,18900,11400,8100,3000
1546,149,20240501,True,156400,29800,16000,17300,37800,14200,18900,11300,8100,3000
1547,149,20240401,True,149500,26000,13700,16900,37700,14100,18800,11300,8000,3000
1548,149,20240301,True,151600,28400,13100,17300,37600,14100,18800,11300,8000,3000
1549,149,20240201,True,163100,29700,14100,26600,37500,14100,18800,11300,8000,3000
1550,149,20240101,True,161800,29300,15300,25000,37400,14000,18700,11200,8000,2900
1551,149,20231201,True,159100,25700,14900,26300,37400,14000,18700,11200,8000,2900
1552,149,20231101,True,152200,27000,14300,18900,37300,14000,18600,11200,8000,2900
1553,150,20260901,True,164400,29900,17100,20300,40000,15000,20000,12000,6600,3500
1554,150,20260801,True,162600,35200,16200,14300,39900,15000,20000,12000,6500,3500
1555,150,20260701,True,162200,33600,16400,15600,39800,14900,19900,12000,6500,3500
1556,150,20260601,True,165500,37900,16600,14500,39800,14900,19900,11900,6500,3500
1557,150,20260501,True,170700,33300,17900,23200,39700,14900,19800,11900,6500,3500
1558,151,20260901,True,153900,21900,14100,13600,40000,15000,20000,12000,10800,6500
1559,151,20260801,True,151700,24800,12400,10300,39900,15000,20000,12000,10800,6500
1560,151,20260701,True,150900,26000,11000,10000,39800,14900,19900,12000,10800,6500
1561,151,20260601,True,148700,23800,12500,8600,39800,14900,19900,11900,10800,6500
1562,151,20260501,True,147000,20500,8700,14400,39700,14900,19800,11900,10700,6400
1563,151,20260401,True,149600,21500,11300,13600,39600,14800,19800,11900,10700,6400
1564,151,20260301,True,149300,18900,12100,15200,39500,14800,19800,11900,10700,6400
1565,151,20260201,True,157000,23100,11000,20100,39400,14800,19700,11800,10700,6400
1566,151,20260101,True,159000,24800,9900,21500,39400,14800,19700,11800,10700,6400
1567,151,20251201,True,158600,23200,12300,20700,39300,14700,19600,11800,10600,6400
1568,151,20251101,True,152600,24200,12400,13700,39200,14700,19600,11800,10600,6400
1569,151,20251001,True,148000,22500,10900,12600,39100,14700,19600,11700,10600,6300
1570,151,20250901,True,150200,21200,12300,15000,39000,14600,19500,11700,10600,6300
1571,151,20250801,True,149200,25300,12500,9700,39000,14600,19500,11700,10600,6300
1572,151,20250701,True,146500,23800,10500,10800,38900,14600,19400,11700,10500,6300
1573,151,20250601,True,145700,20900,11800,11800,38800,14600,19400,11600,10500,6300
1574,151,20250501,True,151100,21500,10400,18200,38700,14500,19400,11600,10500,6300
1575,151,20250401,False,148400,20900,12200,14500,38600,14500,19300,11600,10500,6300
1576,151,20250301,True,153300,26400,12700,13500,38600,14500,19300,11600,10400,6300
1577,151,20250201,True,151100,20400,11400,19100,38500,14400,19200,11500,10400,6200
1578,151,20250101,True,152600,16900,14100,21500,38400,14400,19200,11500,10400,6200
1579,151,20241201,True,155800,23500,12400,19900,38300,14400,19200,11500,10400,6200
1580,151,20241101,True,152800,24900,13200,15000,38200,14300,19100,11500,10400,6200
1581,151,20241001,True,148500,21900,11900,15200,38200,14300,19100,11400,10300,6200
1582,151,20240901,True,152800,25600,12600,15300,38100,14300,19000,11400,10300,6200
1583,151,20240801,True,147100,24800,12300,10900,38000,14200,19000,11400,10300,6200
1584,151,20240701,True,146500,24000,10900,12600,37900,14200,19000,11400,10300,6200
1585,151,20240601,True,142500,20800,11700,11400,37800,14200,18900,11400,10200,6100
1586,151,20240501,True,147300,22300,10400,16100,37800,14200,18900,11300,10200,6100
1587,151,20240401,True,151000,26300,12900,13600,37700,14100,18800,11300,10200,6100
1588,151,20240301,True,148700,26000,10900,13700,37600,14100,18800,11300,10200,6100
1589,151,20240201,True,154300,23200,10900,22200,37500,14100,18800,11300,10200,6100
1590,151,20240101,True,154700,24900,11500,20800,37400,14000,18700,11200,10100,6100
1591,152,20260901,True,140000,18800,9200,13400,40000,15000,20000,12000,8500,3100
1592,152,20260801,True,139500,21300,8900,10800,39900,15000,20000,12000,8500,3100
1593,152,20260701,True,145700,24300,12100,11100,39800,14900,19900,12000,8500,3100
1594,152,20260601,True,135800,19300,11100,7300,39800,14900,19900,11900,8500,3100
1595,153,20260901,True,152000,28100,10000,16700,40000,15000,20000,12000,6200,4000
1596,154,20260901,True,186700,40500,19000,27000,40000,15000,20000,12000,7300,5900
1597,154,20260801,False,182400,40200,20400,21700,39900,15000,20000,12000,7300,5900
1598,154,20260701,True,177000,39800,20500,16900,39800,14900,19900,12000,7300,5900
1599,154,20260601,True,175600,36100,20600,19200,39800,14900,19900,11900,7300,5900
1600,154,20260501,True,183400,37600,20400,25900,39700,14900,19800,11900,7300,5900
1601,154,20260401,True,188100,41400,19800,27700,39600,14800,19800,11900,7200,5900
1602,154,20260301,True,186500,40500,19900,27000,39500,14800,19800,11900,7200,5900
1603,154,20260201,True,192600,37600,18900,37300,39400,14800,19700,11800,7200,5900
1604,154,20260101,True,196600,39800,20400,37600,39400,14800,19700,11800,7200,5900
1605,155,20260901,True,167700,30100,17100,21700,40000,15000,20000,12000,7700,4100
1606,156,20260901,True,187700,41900,21600,25400,40000,15000,20000,12000,8000,3800
1607,157,20260901,True,143700,19700,11200,13000,40000,15000,20000,12000,7300,5500
1608,157,20260801,True,142900,20600,11600,11000,39900,15000,20000,12000,7300,5500
1609,157,20260701,False,139800,22700,10000,7700,39800,14900,19900,12000,7300,5500
1610,157,20260601,True,142200,21800,13000,8100,39800,14900,19900,11900,7300,5500
1611,157,20260501,True,147400,25100,9800,13400,39700,14900,19800,11900,7300,5500
1612,157,20260401,True,144100,20600,10500,14200,39600,14800,19800,11900,7200,5500
1613,157,20260301,True,140100,17800,9500,14100,39500,14800,19800,11900,7200,5500
1614,157,20260201,True,146000,19800,8800,19100,39400,14800,19700,11800,7200,5400
1615,157,20260101,True,148300,19000,12200,18800,39400,14800,19700,11800,7200,5400
1616,157,20251201,True,154400,23300,11500,21600,39300,14700,19600,11800,7200,5400
1617,157,20251101,True,143600,20200,8800,16700,39200,14700,19600,11800,7200,5400
1618,157,20251001,True,147200,23500,12800,13200,39100,14700,19600,11700,7200,5400
1619,157,20250901,True,132300,13600,9000,12400,39000,14600,19500,11700,7100,5400
1620,157,20250801,True,134700,18800,11200,7400,39000,14600,19500,11700,7100,5400
1621,158,20260901,True,161800,27500,13200,16800,40000,15000,20000,12000,10800,6500
1622,159,20260901,True,190900,45200,20500,28100,40000,15000,20000,12000,6600,3500
1623,159,20260801,True,179200,40700,22100,19500,39900,15000,20000,12000,6500,3500
1624,160,20260901,True,159100,26900,14000,18300,40000,15000,20000,12000,9800,3100
1625,160,20260801,True,153800,27900,13600,12500,39900,15000,20000,12000,9800,3100
1626,160,20260701,True,149200,22600,13400,13700,39800,14900,19900,12000,9800,3100
1627,160,20260601,True,151400,27100,12000,12900,39800,14900,19900,11900,9800,3100
1628,160,20260501,True,156000,27200,13400,16200,39700,14900,19800,11900,9800,3100
1629,160,20260401,True,150300,23100,12400,15900,39600,14800,19800,11900,9700,3100
1630,160,20260301,True,153600,24400,12200,18200,39500,14800,19800,11900,9700,3100
1631,160,20260201,True,158000,23500,13200,22800,39400,14800,19700,11800,9700,3100
1632,160,20260101,True,163200,25400,12700,26600,39400,14800,19700,11800,9700,3100
1633,160,20251201,True,164900,29000,15500,22200,39300,14700,19600,11800,9700,3100
1634,160,20251101,True,156900,26200,14200,18500,39200,14700,19600,11800,9600,3100
1635,160,20251001,True,152300,23200,14600,16700,39100,14700,19600,11700,9600,3100
1636,160,20250901,False,151000,25800,10100,17600,39000,14600,19500,11700,9600,3100
1637,160,20250801,True,152600,29800,14600,10800,39000,14600,19500,11700,9600,3000
1638,160,20250701,True,147000,25800,13600,10400,38900,14600,19400,11700,9600,3000
1639,160,20250601,True,145600,24800,13700,10200,38800,14600,19400,11600,9500,3000
1640,160,20250501,True,150200,24400,12500,16600,38700,14500,19400,11600,9500,3000
1641,160,20250401,True,151400,26600,11600,16700,38600,14500,19300,11600,9500,3000
1642,160,20250301,True,158600,30200,14800,17100,38600,14500,19300,11600,9500,3000
1643,160,20250201,True,158000,23800,13300,24800,38500,14400,19200,11500,9500,3000
1644,160,20250101,True,159300,25800,12900,24700,38400,14400,19200,11500,9400,3000
1645,160,20241201,True,163600,27800,14200,25800,38300,14400,19200,11500,9400,3000
1646,160,20241101,True,152200,23000,16900,16800,38200,14300,19100,11500,9400,3000
1647,160,20241001,True,150500,24000,13300,17800,38200,14300,19100,11400,9400,3000
1648,160,20240901,True,159600,31500,13200,19700,38100,14300,19000,11400,9400,3000
1649,160,20240801,True,142100,23700,12300,11200,38000,14200,19000,11400,9300,3000
1650,160,20240701,True,141100,22900,12700,10700,37900,14200,19000,11400,9300,3000
1651,160,20240601,True,142500,24500,13400,10000,37800,14200,18900,11400,9300,3000
1652,160,20240501,True,156600,28600,13000,20500,37800,14200,18900,11300,9300,3000
1653,160,20240401,True,155800,29000,15600,17100,37700,14100,18800,11300,9300,2900
1654,160,20240301,True,149800,26300,14600,15000,37600,14100,18800,11300,9200,2900
1655,160,20240201,True,155700,24100,12100,25700,37500,14100,18800,11300,9200,2900
1656,160,20240101,True,158800,28100,12500,24800,37400,14000,18700,11200,9200,2900
1657,160,20231201,True,158100,26400,13900,24400,37400,14000,18700,11200,9200,2900
1658,160,20231101,True,153100,29600,13100,17200,37300,14000,18600,11200,9200,2900
1659,160,20231001,True,149100,23900,13100,19200,37200,13900,18600,11200,9100,2900
1660,160,20230901,True,152800,26700,14400,19000,37100,13900,18600,11100,9100,2900
1661,161,20260901,True,147100,21900,10000,18000,40000,15000,20000,12000,6200,4000
1662,161,20260801,True,144700,24900,13000,9800,39900,15000,20000,12000,6100,4000
1663,161,20260701,True,144700,22800,12600,12600,39800,14900,19900,12000,6100,4000
1664,161,20260601,True,142300,23000,12600,10100,39800,14900,19900,11900,6100,4000
1665,161,20260501,True,146100,20500,13000,16200,39700,14900,19800,11900,6100,4000
1666,161,20260401,True,151000,25700,13000,16100,39600,14800,19800,11900,6100,4000
1667,161,20260301,True,145400,22000,12100,15300,39500,14800,19800,11900,6100,3900
1668,161,20260201,True,153600,21900,12700,23300,39400,14800,19700,11800,6100,3900
1669,161,20260101,True,153000,20900,13100,23300,39400,14800,19700,11800,6100,3900
1670,161,20251201,True,149700,19900,14500,20000,39300,14700,19600,11800,6000,3900
1671,161,20251101,True,152600,24500,14600,18300,39200,14700,19600,11800,6000,3900
1672,161,20251001,True,148000,26200,12200,14600,39100,14700,19600,11700,6000,3900
1673,161,20250901,True,142800,21600,12500,14000,39000,14600,19500,11700,6000,3900
1674,161,20250801,True,147500,27300,15100,10400,39000,14600,19500,11700,6000,3900
1675,161,20250701,True,135000,20500,12300,7700,38900,14600,19400,11700,6000,3900
1676,161,20250601,True,136000,19700,12400,9600,38800,14600,19400,11600,6000,3900
1677,161,20250501,True,148300,24800,12300,17100,38700,14500,19400,11600,6000,3900
1678,161,20250401,True,142100,20100,12600,15600,38600,14500,19300,11600,5900,3900
1679,161,20250301,True,142800,19800,14300,14900,38600,14500,19300,11600,5900,3900
1680,161,20250201,True,150200,22400,12800,21700,38500,14400,19200,11500,5900,3800
1681,162,20260901,True,204600,51000,24100,29300,40000,15000,20000,12000,7300,5900
1682,162,20260801,True,192900,46500,25600,20700,39900,15000,20000,12000,7300,5900
1683,162,20260701,True,195000,47800,25200,22200,39800,14900,19900,12000,7300,5900
1684,162,20260601,True,200400,51500,25700,23500,39800,14900,19900,11900,7300,5900
1685,162,20260501,True,202700,47600,24600,31000,39700,14900,19800,11900,7300,5900
1686,162,20260401,True,199800,44600,25800,30200,39600,14800,19800,11900,7200,5900
1687,162,20260301,True,202200,47800,24800,30500,39500,14800,19800,11900,7200,5900
1688,162,20260201,True,218300,49200,25700,44600,39400,14800,19700,11800,7200,5900
1689,162,20260101,True,223500,50500,26900,47300,39400,14800,19700,11800,7200,5900
1690,162,20251201,True,215200,49400,24100,43300,39300,14700,19600,11800,7200,5800
1691,162,20251101,True,203500,47200,27600,30400,39200,14700,19600,11800,7200,5800
1692,162,20251001,True,200600,47700,25400,29400,39100,14700,19600,11700,7200,5800
1693,162,20250901,True,209500,51200,27600,33000,39000,14600,19500,11700,7100,5800
1694,162,20250801,True,196400,51100,26400,21200,39000,14600,19500,11700,7100,5800
1695,162,20250701,True,196300,49300,28100,21400,38900,14600,19400,11700,7100,5800
1696,162,20250601,True,194300,47900,26900,22200,38800,14600,19400,11600,7100,5800
1697,162,20250501,True,196300,43600,25700,29900,38700,14500,19400,11600,7100,5800
1698,162,20250401,True,202700,48300,28400,29200,38600,14500,19300,11600,7100,5700
1699,162,20250301,True,197600,46500,24500,29800,38600,14500,19300,11600,7100,5700
1700,162,20250201,True,215300,48600,23800,46600,38500,14400,19200,11500,7000,5700
1701,162,20250101,True,208200,45600,23900,42500,38400,14400,19200,11500,7000,5700
1702,162,20241201,True,215300,48900,24500,45800,38300,14400,19200,11500,7000,5700
1703,162,20241101,True,203900,50200,26100,31800,38200,14300,19100,11500,7000,5700
1704,162,20241001,True,200100,50000,24300,30100,38200,14300,19100,11400,7000,5700
1705,162,20240901,True,201300,49800,26300,29700,38100,14300,19000,11400,7000,5700
1706,162,20240801,True,191400,48600,25700,21900,38000,14200,19000,11400,7000,5600
1707,162,20240701,True,190000,48500,23600,22900,37900,14200,19000,11400,6900,5600
1708,162,20240601,True,184600,43400,25700,20700,37800,14200,18900,11400,6900,5600
1709,162,20240501,True,206100,52000,26100,33300,37800,14200,18900,11300,6900,5600
1710,162,20240401,True,202900,47700,25400,35400,37700,14100,18800,11300,6900,5600
1711,162,20240301,True,203300,50400,24600,34000,37600,14100,18800,11300,6900,5600
1712,162,20240201,True,214100,50700,24400,44800,37500,14100,18800,11300,6900,5600
1713,162,20240101,True,216100,48700,27900,45700,37400,14000,18700,11200,6900,5600
1714,162,20231201,True,217400,54000,26300,43400,37400,14000,18700,11200,6800,5600
1715,163,20260901,True,151900,24100,12000,17200,40000,15000,20000,12000,8500,3100
1716,164,20260901,True,148200,22400,11300,17400,40000,15000,20000,12000,6600,3500
1717,164,20260801,True,139100,22100,8900,11200,39900,15000,20000,12000,6500,3500
1718,164,20260701,True,141400,22000,11300,11500,39800,14900,19900,12000,6500,3500
1719,164,20260601,False,142800,22900,13600,9800,39800,14900,19900,11900,6500,3500
1720,164,20260501,True,145800,22900,11900,14700,39700,14900,19800,11900,6500,3500
1721,164,20260401,True,143400,22900,11100,13400,39600,14800,19800,11900,6500,3400
1722,164,20260301,True,145200,23100,11100,15100,39500,14800,19800,11900,6500,3400
1723,164,20260201,True,147000,19800,10700,20900,39400,14800,19700,11800,6500,3400
1724,164,20260101,True,150200,23000,9200,22400,39400,14800,19700,11800,6500,3400
1725,164,20251201,True,147500,22200,10300,19800,39300,14700,19600,11800,6400,3400
1726,164,20251101,True,138600,20100,10300,13100,39200,14700,19600,11800,6400,3400
1727,164,20251001,True,145100,24600,11600,14000,39100,14700,19600,11700,6400,3400
1728,164,20250901,True,143300,23800,10900,14000,39000,14600,19500,11700,6400,3400
1729,164,20250801,True,136800,20700,11700,9800,39000,14600,19500,11700,6400,3400
1730,164,20250701,True,136300,21200,10500,10200,38900,14600,19400,11700,6400,3400
1731,164,20250601,True,135900,21400,10300,10000,38800,14600,19400,11600,6400,3400
1732,164,20250501,True,141300,21800,11600,14000,38700,14500,19400,11600,6300,3400
1733,164,20250401,True,146600,28000,11700,13200,38600,14500,19300,11600,6300,3400
1734,164,20250301,True,146000,22500,12500,17300,38600,14500,19300,11600,6300,3400
1735,164,20250201,True,148500,22200,11100,21900,38500,14400,19200,11500,6300,3400
1736,164,20250101,True,143200,21000,10700,18400,38400,14400,19200,11500,6300,3300
1737,164,20241201,True,149300,23100,12100,21100,38300,14400,19200,11500,6300,3300
1738,164,20241101,True,145800,24800,10900,17400,38200,14300,19100,11500,6300,3300
1739,164,20241001,True,139400,19000,11900,15900,38200,14300,19100,11400,6300,3300
1740,164,20240901,True,139100,21900,11100,13800,38100,14300,19000,11400,6200,3300
1741,164,20240801,True,139300,23600,12700,10900,38000,14200,19000,11400,6200,3300
1742,164,20240701,True,136400,24000,11000,9400,37900,14200,19000,11400,6200,3300
1743,164,20240601,True,132400,19900,11500,9200,37800,14200,18900,11400,6200,3300
1744,164,20240501,True,138300,21200,11500,13900,37800,14200,18900,11300,6200,3300
1745,164,20240401,True,143700,22200,14400,15700,37700,14100,18800,11300,6200,3300
1746,164,20240301,True,140100,20600,10900,17300,37600,14100,18800,11300,6200,3300
1747,164,20240201,True,145800,23700,10700,20300,37500,14100,18800,11300,6100,3300
1748,164,20240101,False,148800,25700,11600,20800,37400,14000,18700,11200,6100,3300
1749,164,20231201,True,144900,23500,11500,19200,37400,14000,18700,11200,6100,3300
1750,164,20231101,True,143800,24700,12400,16300,37300,14000,18600,11200,6100,3200
1751,164,20231001,True,141700,22000,13800,15700,37200,13900,18600,11200,6100,3200
1752,164,20230901,True,145500,26200,11500,17800,37100,13900,18600,11100,6100,3200
1753,164,20230801,True,136000,25300,11800,9100,37000,13900,18500,11100,6100,3200
1754,164,20230701,True,134000,24900,11500,7800,37000,13900,18500,11100,6100,3200
1755,164,20230601,True,131200,20700,10700,10400,36900,13800,18400,11100,6000,3200
1756,164,20230501,True,142500,23700,12600,17000,36800,13800,18400,11000,6000,3200
1757,165,20260901,True,199700,46100,22200,31500,40000,15000,20000,12000,9800,3100
1758,166,20260901,True,161800,28600,15900,18500,40000,15000,20000,12000,7700,4100
1759,167,20260901,False,177500,37000,17100,21600,40000,15000,20000,12000,11400,3400
1760,167,20260801,True,174200,40600,17200,14800,39900,15000,20000,12000,11300,3400
1761,167,20260701,True,168200,35300,18000,13600,39800,14900,19900,12000,11300,3400
1762,168,20260901,True,174100,31500,16500,22700,40000,15000,20000,12000,11700,4700
1763,168,20260801,True,169700,32800,16500,17100,39900,15000,20000,12000,11700,4700
1764,168,20260701,True,164400,31500,17900,12000,39800,14900,19900,12000,11700,4700
1765,169,20260901,False,143000,19900,10800,13500,40000,15000,20000,12000,7700,4100
1766,170,20260901,True,185800,38500,20000,27500,40000,15000,20000,12000,7300,5500
1767,170,20260801,True,176000,37800,19500,19000,39900,15000,20000,12000,7300,5500
1768,170,20260701,True,177500,36000,22100,20000,39800,14900,19900,12000,7300,5500
1769,170,20260601,True,178700,42200,19400,17800,39800,14900,19900,11900,7300,5500
1770,171,20260901,True,183800,35300,20500,29200,40000,15000,20000,12000,7700,4100
1771,171,20260801,True,179800,41600,21000,18600,39900,15000,20000,12000,7600,4100
1772,171,20260701,False,182600,43200,21300,19800,39800,14900,19900,12000,7600,4100
1773,171,20260601,True,179600,43500,21600,16300,39800,14900,19900,11900,7600,4100
1774,171,20260501,True,187900,38100,22900,28900,39700,14900,19800,11900,7600,4100
1775,171,20260401,True,186100,37500,22800,28000,39600,14800,19800,11900,7600,4100
1776,171,20260301,True,188900,37100,25200,28900,39500,14800,19800,11900,7600,4100
1777,171,20260201,True,201400,39300,22900,41900,39400,14800,19700,11800,7500,4100
1778,171,20260101,True,198300,41400,22500,37100,39400,14800,19700,11800,7500,4100
1779,171,20251201,True,195900,39600,21600,37800,39300,14700,19600,11800,7500,4000
1780,171,20251101,True,189000,42400,22300,27500,39200,14700,19600,11800,7500,4000
1781,171,20251001,True,186900,40500,21600,28200,39100,14700,19600,11700,7500,4000
1782,171,20250901,True,188700,44100,22700,25600,39000,14600,19500,11700,7500,4000
1783,171,20250801,True,175700,38000,22100,19300,39000,14600,19500,11700,7500,4000
1784,171,20250701,True,175900,42500,20900,16500,38900,14600,19400,11700,7400,4000
1785,171,20250601,True,174500,36500,22300,19900,38800,14600,19400,11600,7400,4000
1786,171,20250501,True,186500,41500,21400,28000,38700,14500,19400,11600,7400,4000
1787,171,20250401,True,183500,39200,21200,27700,38600,14500,19300,11600,7400,4000
1788,172,20260901,True,182200,35500,23100,24800,40000,15000,20000,12000,7700,4100
1789,172,20260801,True,174700,37800,21300,17000,39900,15000,20000,12000,7600,4100
1790,172,20260701,True,176000,37800,21800,18100,39800,14900,19900,12000,7600,4100
1791,172,20260601,True,179100,42400,22700,15800,39800,14900,19900,11900,7600,4100
1792,172,20260501,True,179700,37300,19000,25400,39700,14900,19800,11900,7600,4100
1793,172,20260401,True,190200,40900,22900,28600,39600,14800,19800,11900,7600,4100
1794,172,20260301,True,179100,37100,20400,23900,39500,14800,19800,11900,7600,4100
1795,172,20260201,True,194600,40000,21400,35900,39400,14800,19700,11800,7500,4100
1796,172,20260101,True,191200,40600,17900,35400,39400,14800,19700,11800,7500,4100
1797,172,20251201,True,194400,40800,20900,35800,39300,14700,19600,11800,7500,4000
1798,172,20251101,True,183000,40300,22600,23300,39200,14700,19600,11800,7500,4000
1799,172,20251001,True,183500,38600,20100,28200,39100,14700,19600,11700,7500,4000
1800,172,20250901,True,192600,46100,21000,29200,39000,14600,19500,11700,7500,4000
1801,172,20250801,True,177100,39600,20500,20700,39000,14600,19500,11700,7500,4000
1802,172,20250701,True,174700,35300,22800,20600,38900,14600,19400,11700,7400,4000
1803,172,20250601,True,180100,44500,21100,18700,38800,14600,19400,11600,7400,4000
1804,172,20250501,True,182000,38100,22000,26300,38700,14500,19400,11600,7400,4000
1805,172,20250401,True,184100,40900,22700,25100,38600,14500,19300,11600,7400,4000
1806,172,20250301,True,181900,38800,22200,25500,38600,14500,19300,11600,7400,4000
1807,172,20250201,True,188600,36800,20100,36700,38500,14400,19200,11500,7400,4000
1808,172,20250101,True,193600,41000,22600,35200,38400,14400,19200,11500,7300,4000
1809,172,20241201,True,187900,34300,23800,35200,38300,14400,19200,11500,7300,3900
1810,172,20241101,True,183500,40400,22000,26800,38200,14300,19100,11500,7300,3900
1811,173,20260901,True,196000,42100,24000,29700,40000,15000,20000,12000,7300,5900
1812,174,20260901,True,146800,20700,11100,12400,40000,15000,20000,12000,9900,5700
1813,174,20260801,True,147100,22400,9800,12400,39900,15000,20000,12000,9900,5700
1814,174,20260701,True,140900,19300,8600,10800,39800,14900,19900,12000,9900,5700
1815,174,20260601,True,146500,17700,15300,11500,39800,14900,19900,11900,9800,5700
1816,174,20260501,True,149100,22700,9700,14900,39700,14900,19800,11900,9800,5700
1817,174,20260401,True,147800,22800,10400,13000,39600,14800,19800,11900,9800,5700
1818,174,20260301,True,146600,19100,11300,14700,39500,14800,19800,11900,9800,5700
1819,174,20260201,True,151900,19700,10500,20600,39400,14800,19700,11800,9800,5600
1820,174,20260101,True,154600,24100,10700,18800,39400,14800,19700,11800,9700,5600
1821,174,20251201,True,150200,22500,8400,18600,39300,14700,19600,11800,9700,5600
1822,174,20251101,True,143800,18900,10100,14200,39200,14700,19600,11800,9700,5600
1823,174,20251001,True,153400,23600,13200,16200,39100,14700,19600,11700,9700,5600
1824,174,20250901,True,166600,42600,11000,12900,39000,14600,19500,11700,9700,5600
1825,174,20250801,True,141700,22100,11200,8400,39000,14600,19500,11700,9600,5600
1826,174,20250701,True,136800,20900,8800,7300,38900,14600,19400,11700,9600,5600
1827,174,20250601,True,142000,20700,11800,9900,38800,14600,19400,11600,9600,5600
1828,174,20250501,True,142400,18700,10900,13500,38700,14500,19400,11600,9600,5500
1829,175,20260901,True,200400,48900,21900,30800,40000,15000,20000,12000,7700,4100
1830,176,20260901,True,188800,40200,19600,24700,40000,15000,20000,12000,10800,6500
1831,176,20260801,True,183400,39700,20900,18600,39900,15000,20000,12000,10800,6500
1832,176,20260701,True,182000,38800,21300,18000,39800,14900,19900,12000,10800,6500
1833,176,20260601,True,176700,32400,21300,19200,39800,14900,19900,11900,10800,6500
1834,176,20260501,True,189600,37100,21800,27300,39700,14900,19800,11900,10700,6400
1835,177,20260901,True,164100,29000,14900,16800,40000,15000,20000,12000,11700,4700
1836,177,20260801,True,167200,31400,16900,15600,39900,15000,20000,12000,11700,4700
1837,177,20260701,True,161600,28100,16900,13600,39800,14900,19900,12000,11700,4700
1838,177,20260601,True,157300,27600,15700,11100,39800,14900,19900,11900,11700,4700
1839,178,20260901,True,177500,34500,18500,24700,40000,15000,20000,12000,7300,5500
1840,178,20260801,True,171900,38200,17800,16200,39900,15000,20000,12000,7300,5500
1841,178,20260701,True,169900,36000,18400,16100,39800,14900,19900,12000,7300,5500
1842,179,20260901,True,154500,24300,12900,17500,40000,15000,20000,12000,7300,5500
1843,180,20260901,True,150400,23200,11800,18200,40000,15000,20000,12000,6200,4000
1844,180,20260801,True,142900,23800,11100,11000,39900,15000,20000,12000,6100,4000
1845,180,20260701,True,147800,27500,11300,12300,39800,14900,19900,12000,6100,4000
1846,180,20260601,True,144300,26300,11900,9500,39800,14900,19900,11900,6100,4000
1847,180,20260501,True,151200,25000,12600,17200,39700,14900,19800,11900,6100,4000
1848,180,20260401,True,149000,23000,13500,16300,39600,14800,19800,11900,6100,4000
1849,180,20260301,True,152900,25000,13300,18600,39500,14800,19800,11900,6100,3900
1850,180,20260201,True,157800,25300,13300,23500,39400,14800,19700,11800,6100,3900
1851,180,20260101,True,150800,21800,12100,21200,39400,14800,19700,11800,6100,3900
1852,180,20251201,True,156500,27300,13300,20600,39300,14700,19600,11800,6000,3900
1853,180,20251101,True,145400,22700,12900,14600,39200,14700,19600,11800,6000,3900
1854,180,20251001,True,147400,22200,13400,16800,39100,14700,19600,11700,6000,3900
1855,180,20250901,True,144100,25100,10000,14300,39000,14600,19500,11700,6000,3900
1856,180,20250801,True,150100,28900,12600,13900,39000,14600,19500,11700,6000,3900
1857,180,20250701,True,138600,21300,12800,10000,38900,14600,19400,11700,6000,3900
1858,180,20250601,True,140100,21200,11900,12700,38800,14600,19400,11600,6000,3900
1859,180,20250501,True,147400,26600,13100,13600,38700,14500,19400,11600,6000,3900
1860,180,20250401,True,143300,19400,13300,16800,38600,14500,19300,11600,5900,3900
1861,181,20260901,True,143000,19700,10900,12600,40000,15000,20000,12000,7300,5500
1862,181,20260801,True,140000,20200,11400,8700,39900,15000,20000,12000,7300,5500
1863,181,20260701,True,138100,14300,12100,12300,39800,14900,19900,12000,7300,5500
1864,181,20260601,True,141800,23400,9500,9600,39800,14900,19900,11900,7300,5500
1865,181,20260501,True,152300,29300,9100,14800,39700,14900,19800,11900,7300,5500
1866,181,20260401,True,149000,25400,10700,14100,39600,14800,19800,11900,7200,5500
1867,181,20260301,True,142100,20700,9600,13100,39500,14800,19800,11900,7200,5500
1868,181,20260201,True,147900,20100,11600,17900,39400,14800,19700,11800,7200,5400
1869,182,20260901,True,190500,42300,20700,27600,40000,15000,20000,12000,9800,3100
1870,182,20260801,True,186900,47600,20700,18800,39900,15000,20000,12000,9800,3100
1871,182,20260701,True,182200,42800,22200,17700,39800,14900,19900,12000,9800,3100
1872,182,20260601,True,178300,39000,22900,17000,39800,14900,19900,11900,9800,3100
1873,183,20260901,True,159200,29600,15900,14900,40000,15000,20000,12000,7700,4100
1874,184,20260901,True,180200,32900,18200,27300,40000,15000,20000,12000,11400,3400
1875,184,20260801,True,177800,38000,18400,19800,39900,15000,20000,12000,11300,3400
1876,184,20260701,True,168700,32100,19800,15500,39800,14900,19900,12000,11300,3400
1877,185,20260901,True,158800,28300,14800,17100,40000,15000,20000,12000,8500,3100
1878,186,20260901,True,196700,43000,21800,27600,40000,15000,20000,12000,10800,6500
1879,187,20260901,True,145400,24000,9900,14300,40000,15000,20000,12000,6200,4000
1880,188,20260901,True,190000,41400,21200,27600,40000,15000,20000,12000,7300,5500
1881,188,20260801,False,183500,43500,20000,20300,39900,15000,20000,12000,7300,5500
1882,188,20260701,True,178900,35900,21900,21700,39800,14900,19900,12000,7300,5500
1883,188,20260601,True,180300,40100,20900,20000,39800,14900,19900,11900,7300,5500
1884,188,20260501,False,198600,46000,24600,28900,39700,14900,19800,11900,7300,5500
1885,188,20260401,True,192800,40700,24300,29000,39600,14800,19800,11900,7200,5500
1886,188,20260301,True,192500,44500,22400,26900,39500,14800,19800,11900,7200,5500
1887,188,20260201,True,196900,38100,22400,38100,39400,14800,19700,11800,7200,5400
1888,188,20260101,True,201100,41200,22600,39000,39400,14800,19700,11800,7200,5400
1889,188,20251201,True,201100,44400,22800,35900,39300,14700,19600,11800,7200,5400
1890,188,20251101,True,189700,42300,21600,27900,39200,14700,19600,11800,7200,5400
1891,188,20251001,True,190700,41500,20500,31000,39100,14700,19600,11700,7200,5400
1892,188,20250901,True,191100,44600,22700,26500,39000,14600,19500,11700,7100,5400
1893,188,20250801,True,179900,40600,25300,16700,39000,14600,19500,11700,7100,5400
1894,188,20250701,True,185200,45200,22800,20100,38900,14600,19400,11700,7100,5400
1895,188,20250601,True,172800,37200,20600,18100,38800,14600,19400,11600,7100,5400
1896,188,20250501,True,182000,37500,21800,26100,38700,14500,19400,11600,7100,5300
1897,188,20250401,True,194800,48500,24300,25600,38600,14500,19300,11600,7100,5300
1898,188,20250301,True,185600,39600,20200,29500,38600,14500,19300,11600,7000,5300
1899,188,20250201,True,194500,39200,19800,39600,38500,14400,19200,11500,7000,5300
1900,188,20250101,True,192800,41000,20200,35800,38400,14400,19200,11500,7000,5300
1901,188,20241201,True,198100,40800,23700,37900,38300,14400,19200,11500,7000,5300
1902,188,20241101,True,186500,43500,20500,27100,38200,14300,19100,11500,7000,5300
1903,188,20241001,True,187300,45300,18900,27800,38200,14300,19100,11400,7000,5300
1904,188,20240901,True,185500,42200,22100,26100,38100,14300,19000,11400,7000,5300
1905,189,20260901,True,152200,22900,13700,16800,40000,15000,20000,12000,7700,4100
1906,189,20260801,True,147500,25200,14000,9700,39900,15000,20000,12000,7600,4100
1907,189,20260701,True,143600,21800,12700,10800,39800,14900,19900,12000,7600,4100
1908,189,20260601,True,152600,28300,14700,11400,39800,14900,19900,11900,7600,4100
1909,189,20260501,True,152300,23500,12600,18200,39700,14900,19800,11900,7600,4100
1910,189,20260401,True,148000,20200,13100,16900,39600,14800,19800,11900,7600,4100
1911,189,20260301,True,152300,26400,12500,15700,39500,14800,19800,11900,7600,4100
1912,189,20260201,True,156000,21400,12500,24800,39400,14800,19700,11800,7500,4100
1913,189,20260101,True,160700,26100,12500,24800,39400,14800,19700,11800,7500,4100
1914,190,20260901,True,181800,34800,19400,25000,40000,15000,20000,12000,9900,5700
1915,191,20260901,True,168200,32900,14000,17000,40000,15000,20000,12000,10800,6500
1916,191,20260801,True,157300,25500,14700,12900,39900,15000,20000,12000,10800,6500
1917,191,20260701,True,160500,28100,14700,13800,39800,14900,19900,12000,10800,6500
1918,191,20260601,True,160600,28200,16700,11900,39800,14900,19900,11900,10800,6500
1919,191,20260501,True,162600,28000,12500,18700,39700,14900,19800,11900,10700,6400
1920,192,20260901,True,161100,29000,10900,19400,40000,15000,20000,12000,11400,3400
1921,193,20260901,True,158500,26200,14900,18800,40000,15000,20000,12000,8500,3100
1922,194,20260901,True,154700,23500,12500,14900,40000,15000,20000,12000,10400,6400
1923,194,20260801,True,148400,23200,10800,10700,39900,15000,20000,12000,10400,6400
1924,194,20260701,True,146000,19600,11100,11900,39800,14900,19900,12000,10400,6400
1925,194,20260601,True,148800,20000,13400,12200,39800,14900,19900,11900,10400,6300
1926,194,20260501,True,149100,18600,10800,16800,39700,14900,19800,11900,10300,6300
1927,194,20260401,True,149800,22400,9300,15400,39600,14800,19800,11900,10300,6300
1928,195,20260901,True,150100,25500,12200,15200,40000,15000,20000,12000,6200,4000
1929,195,20260801,True,135100,19500,9900,8700,39900,15000,20000,12000,6100,4000
1930,195,20260701,True,138100,20900,10000,10500,39800,14900,19900,12000,6100,4000
1931,195,20260601,True,137300,20300,9600,10800,39800,14900,19900,11900,6100,4000
1932,195,20260501,True,133100,15900,10800,10000,39700,14900,19800,11900,6100,4000
1933,195,20260401,True,138700,20400,11200,10900,39600,14800,19800,11900,6100,4000
1934,195,20260301,True,136400,18200,10200,12000,39500,14800,19800,11900,6100,3900
1935,195,20260201,True,143400,21000,9200,17500,39400,14800,19700,11800,6100,3900
1936,195,20260101,False,149700,23200,10900,19900,39400,14800,19700,11800,6100,3900
1937,195,20251201,True,139700,16700,9300,18400,39300,14700,19600,11800,6000,3900
1938,195,20251101,True,139600,22000,10400,12000,39200,14700,19600,11800,6000,3900
1939,195,20251001,True,140500,16400,12300,16800,39100,14700,19600,11700,6000,3900
1940,195,20250901,True,142000,24700,11700,10900,39000,14600,19500,11700,6000,3900
1941,195,20250801,True,141600,20000,12200,14700,39000,14600,19500,11700,6000,3900
1942,195,20250701,True,140400,25700,10400,9800,38900,14600,19400,11700,6000,3900
1943,195,20250601,True,131300,17400,10200,9400,38800,14600,19400,11600,6000,3900
1944,195,20250501,True,140400,23800,12400,10100,38700,14500,19400,11600,6000,3900
1945,195,20250401,True,139600,21000,11600,13200,38600,14500,19300,11600,5900,3900
1946,195,20250301,True,138800,19500,11600,13900,38600,14500,19300,11600,5900,3900
1947,195,20250201,True,148600,24300,10900,20100,38500,14400,19200,11500,5900,3800
1948,195,20250101,True,139800,18700,9200,18700,38400,14400,19200,11500,5900,3800
1949,195,20241201,True,139300,16800,11900,17500,38300,14400,19200,11500,5900,3800
1950,195,20241101,True,136400,19200,13300,11100,38200,14300,19100,11500,5900,3800
1951,195,20241001,True,138800,20800,8800,16500,38200,14300,19100,11400,5900,3800
1952,195,20240901,True,138700,20400,10600,15200,38100,14300,19000,11400,5900,3800
1953,195,20240801,True,136100,25700,9000,9100,38000,14200,19000,11400,5900,3800
1954,195,20240701,True,135900,23000,11300,9500,37900,14200,19000,11400,5800,3800
1955,195,20240601,True,135200,25600,8000,9700,37800,14200,18900,11400,5800,3800
1956,195,20240501,True,145700,24000,13000,16900,37800,14200,18900,11300,5800,3800
1957,196,20260901,True,188900,43600,21400,26700,40000,15000,20000,12000,6200,4000
1958,196,20260801,True,181300,43300,23300,17700,39900,15000,20000,12000,6100,4000
1959,196,20260701,True,178300,42300,20900,18400,39800,14900,19900,12000,6100,4000
1960,196,20260601,True,180600,40500,24100,19400,39800,14900,19900,11900,6100,4000
1961,196,20260501,True,188000,42300,22600,26700,39700,14900,19800,11900,6100,4000
1962,196,20260401,False,186600,41000,20000,29400,39600,14800,19800,11900,6100,4000
1963,196,20260301,True,192100,44500,24100,27500,39500,14800,19800,11900,6100,3900
1964,196,20260201,True,201500,42700,21400,41700,39400,14800,19700,11800,6100,3900
1965,196,20260101,True,206600,45300,24200,41400,39400,14800,19700,11800,6100,3900
1966,196,20251201,True,197700,44600,20100,37700,39300,14700,19600,11800,6000,3900
1967,196,20251101,True,184200,42400,20900,25700,39200,14700,19600,11800,6000,3900
1968,196,20251001,True,190700,43200,26000,26500,39100,14700,19600,11700,6000,3900
1969,196,20250901,True,188100,43600,24000,25800,39000,14600,19500,11700,6000,3900
1970,196,20250801,True,180100,42100,22000,21300,39000,14600,19500,11700,6000,3900
1971,196,20250701,True,183300,47300,20700,20800,38900,14600,19400,11700,6000,3900
1972,196,20250601,True,180500,45500,22300,18400,38800,14600,19400,11600,6000,3900
1973,197,20260901,True,172900,35500,16900,20700,40000,15000,20000,12000,7300,5500
1974,197,20260801,True,166200,29800,19200,17500,39900,15000,20000,12000,7300,5500
1975,197,20260701,True,159400,29800,15800,14400,39800,14900,19900,12000,7300,5500
1976,197,20260601,True,160900,28100,16800,16700,39800,14900,19900,11900,7300,5500
1977,197,20260501,True,169200,32200,16000,21900,39700,14900,19800,11900,7300,5500
1978,197,20260401,True,171400,35400,16200,21000,39600,14800,19800,11900,7200,5500
1979,197,20260301,True,171900,37200,18300,17700,39500,14800,19800,11900,7200,5500
1980,197,20260201,True,174000,29400,15900,30400,39400,14800,19700,11800,7200,5400
1981,197,20260101,True,175100,31600,16200,29000,39400,14800,19700,11800,7200,5400
1982,197,20251201,True,177900,33000,15600,31300,39300,14700,19600,11800,7200,5400
1983,197,20251101,True,169500,34200,15800,21600,39200,14700,19600,11800,7200,5400
1984,197,20251001,True,174700,34400,17300,25300,39100,14700,19600,11700,7200,5400
1985,197,20250901,True,164900,30600,16000,21000,39000,14600,19500,11700,7100,5400
1986,197,20250801,True,159800,29100,18400,15000,39000,14600,19500,11700,7100,5400
1987,198,20260901,True,150600,25300,12700,15400,40000,15000,20000,12000,6200,4000
1988,198,20260801,True,147400,25500,14100,10800,39900,15000,20000,12000,6100,4000
1989,198,20260701,True,150700,26900,12700,14400,39800,14900,19900,12000,6100,4000
1990,198,20260601,True,142400,25300,10500,10000,39800,14900,19900,11900,6100,4000
1991,198,20260501,True,150200,26000,12500,15300,39700,14900,19800,11900,6100,4000
1992,198,20260401,True,149800,23300,12900,17400,39600,14800,19800,11900,6100,4000
1993,198,20260301,True,149400,28200,10800,14400,39500,14800,19800,11900,6100,3900
1994,198,20260201,True,153300,22500,14200,20900,39400,14800,19700,11800,6100,3900
1995,199,20260901,True,202400,47600,24200,31800,40000,15000,20000,12000,8000,3800
1996,199,20260801,True,195200,50200,25100,21200,39900,15000,20000,12000,8000,3800
1997,199,20260701,True,186500,40400,24000,23700,39800,14900,19900,12000,8000,3800
1998,200,20260901,True,152400,22700,12300,17200,40000,15000,20000,12000,7300,5900
1999,200,20260801,True,144900,23500,13300,8000,39900,15000,20000,12000,7300,5900
2000,200,20260701,True,145900,23800,11100,11200,39800,14900,19900,12000,7300,5900
2001,200,20260601,True,156800,30000,12700,14400,39800,14900,19900,11900,7300,5900
2002,200,20260501,True,148900,22200,11600,15600,39700,14900,19800,11900,7300,5900
2003,200,20260401,True,150000,23200,12900,14700,39600,14800,19800,11900,7200,5900
2004,200,20260301,True,151600,23600,12100,16800,39500,14800,19800,11900,7200,5900
2005,200,20260201,True,157100,25100,12000,21200,39400,14800,19700,11800,7200,5900
2006,200,20260101,True,160200,25700,15000,20700,39400,14800,19700,11800,7200,5900
2007,200,20251201,True,156700,26400,10300,21600,39300,14700,19600,11800,7200,5800
2008,200,20251101,True,149100,19800,13900,17100,39200,14700,19600,11800,7200,5800
2009,200,20251001,True,147300,23300,11800,14100,39100,14700,19600,11700,7200,5800
2010,200,20250901,True,148700,23800,11500,15700,39000,14600,19500,11700,7100,5800
2011,200,20250801,True,143500,22800,12500,10500,39000,14600,19500,11700,7100,5800
2012,200,20250701,True,152600,26900,13600,14600,38900,14600,19400,11700,7100,5800
2013,200,20250601,True,144100,22000,13300,11500,38800,14600,19400,11600,7100,5800
2014,200,20250501,True,152900,24700,13900,17200,38700,14500,19400,11600,7100,5800
2015,200,20250401,True,150200,22800,12000,18600,38600,14500,19300,11600,7100,5700
2016,200,20250301,True,147600,24200,12900,13700,38600,14500,19300,11600,7100,5700
2017,200,20250201,True,156200,23700,12600,23600,38500,14400,19200,11500,7000,5700
2018,200,20250101,True,151100,23700,10500,20700,38400,14400,19200,11500,7000,5700
2019,200,20241201,True,151600,21000,12200,22300,38300,14400,19200,11500,7000,5700
2020,200,20241101,True,147200,21300,13700,16400,38200,14300,19100,11500,7000,5700
2021,200,20241001,False,156800,26800,15600,18700,38200,14300,19100,11400,7000,5700
2022,200,20240901,True,149700,25900,14100,14200,38100,14300,19000,11400,7000,5700
2023,200,20240801,True,140300,22900,12600,9600,38000,14200,19000,11400,7000,5600
2024,200,20240701,True,146200,27200,13200,10800,37900,14200,19000,11400,6900,5600
2025,200,20240601,True,147200,29400,11900,11100,37800,14200,18900,11400,6900,5600
2026,200,20240501,True,148100,23500,12900,17000,37800,14200,18900,11300,6900,5600
2027,201,20260901,True,167400,31800,16600,21900,40000,15000,20000,12000,6600,3500
2028,202,20260901,True,148100,21900,10600,11800,40000,15000,20000,12000,10400,6400
2029,203,20260901,True,179400,35800,17700,23300,40000,15000,20000,12000,9900,5700
2030,203,20260801,True,168400,29600,21200,15100,39900,15000,20000,12000,9900,5700
2031,203,20260701,True,169700,35000,16700,15800,39800,14900,19900,12000,9900,5700
2032,203,20260601,True,170000,33300,18300,16400,39800,14900,19900,11900,9800,5700
2033,203,20260501,True,169200,31400,15500,20500,39700,14900,19800,11900,9800,5700
2034,203,20260401,True,176400,35400,18800,20600,39600,14800,19800,11900,9800,5700
2035,203,20260301,True,179000,35300,20100,22100,39500,14800,19800,11900,9800,5700
2036,203,20260201,True,179800,31900,17200,29600,39400,14800,19700,11800,9800,5600
2037,203,20260101,False,184700,32200,18200,33300,39400,14800,19700,11800,9700,5600
2038,203,20251201,True,179200,31200,16100,31200,39300,14700,19600,11800,9700,5600
2039,203,20251101,True,171200,32100,16800,21700,39200,14700,19600,11800,9700,5600
2040,203,20251001,True,170300,31300,17300,21300,39100,14700,19600,11700,9700,5600
2041,203,20250901,True,174000,33100,17200,23600,39000,14600,19500,11700,9700,5600
2042,203,20250801,True,167100,32200,18100,16800,39000,14600,19500,11700,9600,5600
2043,203,20250701,True,167000,35700,17400,14100,38900,14600,19400,11700,9600,5600
2044,203,20250601,True,161400,28700,16500,16600,38800,14600,19400,11600,9600,5600
2045,203,20250501,True,174500,33200,19200,22800,38700,14500,19400,11600,9600,5500
2046,203,20250401,True,172000,34700,18800,19400,38600,14500,19300,11600,9600,5500
2047,203,20250301,True,174500,36900,17200,21400,38600,14500,19300,11600,9500,5500
2048,203,20250201,True,182500,33900,19000,31000,38500,14400,19200,11500,9500,5500
2049,204,20260901,True,160700,26500,13300,17100,40000,15000,20000,12000,10400,6400
2050,204,20260801,True,149300,23700,13000,8900,39900,15000,20000,12000,10400,6400
2051,204,20260701,True,154000,25300,14500,10800,39800,14900,19900,12000,10400,6400
2052,204,20260601,True,152700,25600,12500,11400,39800,14900,19900,11900,10400,6300
2053,204,20260501,True,160900,29000,12000,17000,39700,14900,19800,11900,10300,6300
2054,205,20260901,True,163800,30200,14200,20600,40000,15000,20000,12000,7700,4100
2055,206,20260901,True,164400,30800,14500,22000,40000,15000,20000,12000,6600,3500
2056,206,20260801,True,152100,26900,14300,14000,39900,15000,20000,12000,6500,3500
2057,207,20260901,True,177500,34500,17800,24300,40000,15000,20000,12000,10900,3000
2058,207,20260801,True,174800,37700,19500,16900,39900,15000,20000,12000,10800,3000
2059,207,20260701,True,171800,37300,20400,13700,39800,14900,19900,12000,10800,3000
2060,207,20260601,True,174800,37900,19600,17000,39800,14900,19900,11900,10800,3000
2061,208,20260901,True,162100,25500,14500,21200,40000,15000,20000,12000,10900,3000
2062,208,20260801,True,164900,33700,16500,14000,39900,15000,20000,12000,10800,3000
2063,208,20260701,True,154500,26000,15600,12500,39800,14900,19900,12000,10800,3000
2064,208,20260601,True,156400,27600,15900,12600,39800,14900,19900,11900,10800,3000
2065,208,20260501,True,163600,29300,15200,19000,39700,14900,19800,11900,10800,3000
2066,208,20260401,True,161300,31000,12800,17700,39600,14800,19800,11900,10700,3000
2067,208,20260301,True,161700,28700,14200,19100,39500,14800,19800,11900,10700,3000
2068,208,20260201,True,172000,32100,14400,26100,39400,14800,19700,11800,10700,3000
2069,208,20260101,True,165700,25300,12700,28300,39400,14800,19700,11800,10700,3000
2070,208,20251201,True,169200,27200,14500,28400,39300,14700,19600,11800,10700,3000
2071,208,20251101,True,157000,24700,15400,18000,39200,14700,19600,11800,10600,3000
2072,208,20251001,True,159500,25500,12800,22500,39100,14700,19600,11700,10600,3000
2073,208,20250901,True,157100,23200,15600,19900,39000,14600,19500,11700,10600,3000
2074,208,20250801,True,157700,31100,14400,13800,39000,14600,19500,11700,10600,3000
2075,208,20250701,True,158600,27600,14200,18700,38900,14600,19400,11700,10600,2900
2076,208,20250601,True,152300,26700,15600,12200,38800,14600,19400,11600,10500,2900
2077,208,20250501,True,165600,33100,15100,19800,38700,14500,19400,11600,10500,2900
2078,208,20250401,True,159600,30800,14400,17000,38600,14500,19300,11600,10500,2900
2079,208,20250301,True,162000,29000,16000,19600,38600,14500,19300,11600,10500,2900
2080,208,20250201,True,165300,26600,16000,25800,38500,14400,19200,11500,10400,2900
2081,208,20250101,True,162600,25100,15800,24900,38400,14400,19200,11500,10400,2900
2082,208,20241201,True,167600,29500,14100,27300,38300,14400,19200,11500,10400,2900
2083,208,20241101,True,156800,25400,15900,19100,38200,14300,19100,11500,10400,2900
2084,208,20241001,True,161400,30300,15100,19700,38200,14300,19100,11400,10400,2900
2085,208,20240901,True,157100,31200,13500,16400,38100,14300,19000,11400,10300,2900
2086,208,20240801,False,146100,25000,12900,12400,38000,14200,19000,11400,10300,2900
2087,208,20240701,True,150300,25600,15700,13300,37900,14200,19000,11400,10300,2900
2088,208,20240601,True,156100,29900,16200,14500,37800,14200,18900,11400,10300,2900
2089,208,20240501,True,158500,27100,17000,19100,37800,14200,18900,11300,10200,2900
2090,208,20240401,True,154800,25100,15600,19100,37700,14100,18800,11300,10200,2900
2091,208,20240301,True,154100,27200,14600,17400,37600,14100,18800,11300,10200,2900
2092,209,20260901,True,156000,26400,13300,17500,40000,15000,20000,12000,8000,3800
2093,210,20260901,True,163700,29500,14600,19400,40000,15000,20000,12000,7300,5900
2094,210,20260801,True,156600,28700,15700,12100,39900,15000,20000,12000,7300,5900
2095,210,20260701,True,162500,31800,16700,14200,39800,14900,19900,12000,7300,5900
2096,210,20260601,True,158000,28800,14600,14900,39800,14900,19900,11900,7300,5900
2097,210,20260501,True,167200,31300,15200,21200,39700,14900,19800,11900,7300,5900
2098,210,20260401,True,165100,29500,17200,19200,39600,14800,19800,11900,7200,5900
2099,211,20260901,True,170600,33400,15300,21000,40000,15000,20000,12000,10900,3000
2100,212,20260901,True,186700,35600,20900,25900,40000,15000,20000,12000,10800,6500
2101,212,20260801,True,183400,40000,20400,18800,39900,15000,20000,12000,10800,6500
2102,212,20260701,True,180600,37800,21400,17500,39800,14900,19900,12000,10800,6500
2103,212,20260601,True,184500,40500,21400,18800,39800,14900,19900,11900,10800,6500
2104,213,20260901,True,179900,33600,20100,22100,40000,15000,20000,12000,11100,6000
2105,213,20260801,True,174400,36900,17600,15900,39900,15000,20000,12000,11100,6000
2106,213,20260701,False,174600,33600,20000,17400,39800,14900,19900,12000,11000,6000
2107,213,20260601,True,173300,36800,18400,14600,39800,14900,19900,11900,11000,6000
2108,213,20260501,True,181400,37200,18300,22600,39700,14900,19800,11900,11000,6000
2109,213,20260401,False,179900,32900,18400,25500,39600,14800,19800,11900,11000,6000
2110,213,20260301,True,180500,35200,21500,20900,39500,14800,19800,11900,11000,5900
2111,213,20260201,True,185700,34900,18200,30100,39400,14800,19700,11800,10900,5900
2112,213,20260101,True,192700,37000,19600,33600,39400,14800,19700,11800,10900,5900
2113,213,20251201,True,190800,34500,19300,34800,39300,14700,19600,11800,10900,5900
2114,213,20251101,True,178100,36100,19900,20000,39200,14700,19600,11800,10900,5900
2115,213,20251001,True,180700,34200,18400,26300,39100,14700,19600,11700,10800,5900
2116,213,20250901,True,175900,31500,20300,22600,39000,14600,19500,11700,10800,5900
2117,213,20250801,True,175900,41200,16500,16700,39000,14600,19500,11700,10800,5900
2118,213,20250701,True,173000,35000,19500,17200,38900,14600,19400,11700,10800,5900
2119,213,20250601,True,173600,34500,19200,18900,38800,14600,19400,11600,10800,5800
2120,213,20250501,True,173300,35400,17300,19900,38700,14500,19400,11600,10700,5800
2121,213,20250401,True,178700,33900,20500,23800,38600,14500,19300,11600,10700,5800
2122,213,20250301,True,174500,35300,17100,21600,38600,14500,19300,11600,10700,5800
2123,213,20250201,True,191700,40800,19100,31700,38500,14400,19200,11500,10700,5800
2124,213,20250101,True,187300,36400,19300,31700,38400,14400,19200,11500,10600,5800
2125,213,20241201,True,189000,35000,20200,34000,38300,14400,19200,11500,10600,5800
2126,213,20241101,True,175600,34100,19100,22900,38200,14300,19100,11500,10600,5800
2127,213,20241001,True,176600,35800,19800,21700,38200,14300,19100,11400,10600,5700
2128,213,20240901,True,180000,36400,20700,23800,38100,14300,19000,11400,10600,5700
2129,213,20240801,True,170000,35800,17500,17900,38000,14200,19000,11400,10500,5700
2130,213,20240701,True,176200,37100,21100,19300,37900,14200,19000,11400,10500,5700
2131,213,20240601,True,166300,32700,17400,17700,37800,14200,18900,11400,10500,5700
2132,213,20240501,False,176500,35900,19800,22400,37800,14200,18900,11300,10500,5700
2133,213,20240401,True,179200,39200,19200,22800,37700,14100,18800,11300,10400,5700
2134,213,20240301,True,171400,33500,19600,20400,37600,14100,18800,11300,10400,5700
2135,213,20240201,True,181900,36100,17600,30500,37500,14100,18800,11300,10400,5600
2136,213,20240101,True,187000,40600,18500,30600,37400,14000,18700,11200,10400,5600
2137,213,20231201,True,185200,33600,18900,35400,37400,14000,18700,11200,10400,5600
2138,213,20231101,True,174300,32700,20300,24300,37300,14000,18600,11200,10300,5600
2139,213,20231001,True,176600,34400,20100,25300,37200,13900,18600,11200,10300,5600
2140,213,20230901,True,176700,38600,19000,22500,37100,13900,18600,11100,10300,5600
2141,213,20230801,True,171300,37800,19300,17800,37000,13900,18500,11100,10300,5600
2142,213,20230701,True,168100,39300,19200,13300,37000,13900,18500,11100,10200,5600
2143,213,20230601,True,168000,36000,18800,17300,36900,13800,18400,11100,10200,5500
2144,213,20230501,False,167500,30900,18300,22600,36800,13800,18400,11000,10200,5500
2145,213,20230401,True,164900,32000,17100,20200,36700,13800,18400,11000,10200,5500
2146,213,20230301,True,173500,36800,18900,22500,36600,13700,18300,11000,10200,5500
2147,213,20230201,True,187000,38400,20100,33300,36600,13700,18300,11000,10100,5500
2148,213,20230101,True,186500,39500,19300,32800,36500,13700,18200,10900,10100,5500
2149,213,20221201,True,182100,35800,18800,32800,36400,13600,18200,10900,10100,5500
2150,213,20221101,True,171100,33800,19300,23400,36300,13600,18200,10900,10100,5500
2151,214,20260901,True,194500,43800,25100,28400,40000,15000,20000,12000,6200,4000
2152,214,20260801,True,188100,45300,25400,20400,39900,15000,20000,12000,6100,4000
2153,214,20260701,True,186500,45900,24700,19200,39800,14900,19900,12000,6100,4000
2154,214,20260601,True,182600,40600,24500,20900,39800,14900,19900,11900,6100,4000
2155,214,20260501,True,196600,46700,23800,29700,39700,14900,19800,11900,6100,4000
2156,214,20260401,True,191600,46400,20700,28300,39600,14800,19800,11900,6100,4000
2157,214,20260301,True,192200,43900,22000,30300,39500,14800,19800,11900,6100,3900
2158,214,20260201,True,209100,45800,22200,45400,39400,14800,19700,11800,6100,3900
2159,215,20260901,True,204300,47000,25300,27700,40000,15000,20000,12000,10800,6500
2160,215,20260801,True,190700,43200,22800,20500,39900,15000,20000,12000,10800,6500
2161,215,20260701,True,190000,40900,24800,20400,39800,14900,19900,12000,10800,6500
2162,215,20260601,True,185100,42000,22000,17300,39800,14900,19900,11900,10800,6500
2163,215,20260501,True,204200,45100,25800,29900,39700,14900,19800,11900,10700,6400
2164,215,20260401,True,202800,45500,22700,31400,39600,14800,19800,11900,10700,6400
2165,215,20260301,True,198700,41700,22300,31600,39500,14800,19800,11900,10700,6400
2166,216,20260901,True,172200,34500,16700,21200,40000,15000,20000,12000,7300,5500
2167,216,20260801,True,160500,32500,16200,12100,39900,15000,20000,12000,7300,5500
2168,216,20260701,True,161300,29600,15600,16700,39800,14900,19900,12000,7300,5500
2169,216,20260601,True,162600,32100,16400,14800,39800,14900,19900,11900,7300,5500
2170,216,20260501,True,173500,37300,14900,22200,39700,14900,19800,11900,7300,5500
2171,217,20260901,True,176800,32700,19000,23300,40000,15000,20000,12000,11400,3400
2172,218,20260901,True,188000,37300,21500,25800,40000,15000,20000,12000,11700,4700
2173,218,20260801,True,179800,38900,20600,17000,39900,15000,20000,12000,11700,4700
2174,218,20260701,True,181700,41700,18100,18900,39800,14900,19900,12000,11700,4700
2175,218,20260601,True,179200,43300,18100,14900,39800,14900,19900,11900,11700,4700
2176,219,20260901,True,183900,40700,20100,26000,40000,15000,20000,12000,6600,3500
2177,220,20260901,True,196600,45100,22500,30200,40000,15000,20000,12000,8000,3800
2178,220,20260801,True,191000,45300,22300,24700,39900,15000,20000,12000,8000,3800
2179,220,20260701,True,187900,43400,22900,23200,39800,14900,19900,12000,8000,3800
2180,220,20260601,True,187000,45500,23400,19800,39800,14900,19900,11900,8000,3800
2181,220,20260501,True,195800,43800,23400,30600,39700,14900,19800,11900,8000,3700
2182,220,20260401,True,199200,46500,24400,30500,39600,14800,19800,11900,8000,3700
2183,220,20260301,True,197400,47600,24000,28200,39500,14800,19800,11900,7900,3700
2184,221,20260901,True,157500,28600,10800,14700,40000,15000,20000,12000,11700,4700
2185,221,20260801,True,141000,18700,11800,7200,39900,15000,20000,12000,11700,4700
2186,221,20260701,True,155300,25200,13300,13800,39800,14900,19900,12000,11700,4700
2187,221,20260601,True,155900,28600,12700,11700,39800,14900,19900,11900,11700,4700
2188,221,20260501,True,151900,23600,10600,15200,39700,14900,19800,11900,11600,4600
2189,221,20260401,True,155600,23300,14500,15500,39600,14800,19800,11900,11600,4600
2190,221,20260301,True,150200,20300,12600,15100,39500,14800,19800,11900,11600,4600
2191,221,20260201,True,159900,24600,13000,20400,39400,14800,19700,11800,11600,4600
2192,221,20260101,True,155800,20300,12100,21500,39400,14800,19700,11800,11600,4600
2193,222,20260901,True,179400,33100,19600,23300,40000,15000,20000,12000,11700,4700
2194,222,20260801,True,166400,29200,15500,18400,39900,15000,20000,12000,11700,4700
2195,222,20260701,True,172200,36400,18200,14600,39800,14900,19900,12000,11700,4700
2196,222,20260601,True,171500,34800,17300,16500,39800,14900,19900,11900,11700,4700
2197,222,20260501,True,180600,35400,17000,25700,39700,14900,19800,11900,11600,4600
2198,222,20260401,True,171200,30500,18100,20300,39600,14800,19800,11900,11600,4600
2199,222,20260301,True,173800,31900,17200,22500,39500,14800,19800,11900,11600,4600
2200,222,20260201,True,187000,35100,17000,33000,39400,14800,19700,11800,11600,4600
2201,223,20260901,True,169200,31500,15400,18500,40000,15000,20000,12000,10400,6400
2202,223,20260801,True,160600,28700,16200,12000,39900,15000,20000,12000,10400,6400
2203,223,20260701,True,161100,29200,15600,12900,39800,14900,19900,12000,10400,6400
2204,223,20260601,True,159900,29600,15600,11500,39800,14900,19900,11900,10400,6300
2205,223,20260501,True,168300,32200,16300,16900,39700,14900,19800,11900,10300,6300
2206,223,20260401,True,164800,26500,16500,19100,39600,14800,19800,11900,10300,6300
2207,224,20260901,True,171600,28400,17400,21700,40000,15000,20000,12000,11100,6000
2208,224,20260801,True,170100,30600,18200,17300,39900,15000,20000,12000,11100,6000
2209,224,20260701,True,169100,34300,17100,14100,39800,14900,19900,12000,11000,6000
2210,225,20260901,True,156700,26900,15400,17300,40000,15000,20000,12000,6600,3500
2211,225,20260801,True,153600,29800,15600,11300,39900,15000,20000,12000,6500,3500
2212,225,20260701,True,157400,35200,13600,12000,39800,14900,19900,12000,6500,3500
2213,225,20260601,False,155100,30200,13300,15100,39800,14900,19900,11900,6500,3500
2214,225,20260501,True,160700,27700,16200,20500,39700,14900,19800,11900,6500,3500
2215,225,20260401,False,157700,28500,14000,19200,39600,14800,19800,11900,6500,3400
2216,225,20260301,True,155000,26700,15100,17300,39500,14800,19800,11900,6500,3400
2217,225,20260201,True,165300,28800,14600,26300,39400,14800,19700,11800,6500,3400
2218,225,20260101,True,168800,30000,16500,26700,39400,14800,19700,11800,6500,3400
2219,225,20251201,False,161300,28700,14300,23100,39300,14700,19600,11800,6400,3400
2220,225,20251101,True,161200,29800,15800,20500,39200,14700,19600,11800,6400,3400
2221,225,20251001,True,153400,25400,14300,18800,39100,14700,19600,11700,6400,3400
2222,225,20250901,True,156700,27400,14700,20000,39000,14600,19500,11700,6400,3400
2223,225,20250801,True,149600,27900,13500,13600,39000,14600,19500,11700,6400,3400
2224,225,20250701,True,152400,29700,15400,12900,38900,14600,19400,11700,6400,3400
2225,225,20250601,True,150900,30700,13700,12300,38800,14600,19400,11600,6400,3400
2226,225,20250501,True,155500,30200,14500,16900,38700,14500,19400,11600,6300,3400
2227,225,20250401,True,151000,26100,13500,17700,38600,14500,19300,11600,6300,3400
2228,225,20250301,True,157200,30000,15000,18500,38600,14500,19300,11600,6300,3400
2229,225,20250201,True,161000,27900,16300,23500,38500,14400,19200,11500,6300,3400
2230,225,20250101,True,163200,26400,16600,27100,38400,14400,19200,11500,6300,3300
2231,225,20241201,True,164400,29200,15100,27100,38300,14400,19200,11500,6300,3300
2232,225,20241101,True,152200,29200,12000,18300,38200,14300,19100,11500,6300,3300
2233,225,20241001,True,158500,29000,16800,20100,38200,14300,19100,11400,6300,3300
2234,225,20240901,True,153700,28200,13100,20100,38100,14300,19000,11400,6200,3300
2235,225,20240801,True,143500,25500,14900,11000,38000,14200,19000,11400,6200,3300
2236,225,20240701,True,147900,28000,14200,13700,37900,14200,19000,11400,6200,3300
2237,226,20260901,True,184900,39400,17700,23700,40000,15000,20000,12000,11100,6000
2238,226,20260801,True,178800,37800,20500,16500,39900,15000,20000,12000,11100,6000
2239,226,20260701,True,179200,37600,21400,16600,39800,14900,19900,12000,11000,6000
2240,226,20260601,True,177000,37100,20200,16200,39800,14900,19900,11900,11000,6000
2241,226,20260501,True,186800,39100,19900,24500,39700,14900,19800,11900,11000,6000
2242,226,20260401,True,185700,38800,20700,23100,39600,14800,19800,11900,11000,6000
2243,226,20260301,True,184200,35500,21500,24300,39500,14800,19800,11900,11000,5900
2244,226,20260201,True,191700,37000,19800,32400,39400,14800,19700,11800,10900,5900
2245,227,20260901,True,173200,34100,17100,23200,40000,15000,20000,12000,7700,4100
2246,228,20260901,True,201200,44900,23100,28900,40000,15000,20000,12000,10800,6500
2247,229,20260901,True,171600,33600,17600,21600,40000,15000,20000,12000,8000,3800
2248,229,20260801,True,163300,30700,16000,17900,39900,15000,20000,12000,8000,3800
2249,229,20260701,True,163900,34800,18400,12300,39800,14900,19900,12000,8000,3800
2250,230,20260901,True,141500,19600,10700,12600,40000,15000,20000,12000,8500,3100
2251,230,20260801,True,137000,18100,10200,10200,39900,15000,20000,12000,8500,3100
2252,230,20260701,True,139200,22300,9900,8800,39800,14900,19900,12000,8500,3100
2253,230,20260601,True,140200,20000,11500,10600,39800,14900,19900,11900,8500,3100
2254,230,20260501,True,146700,22300,12300,14200,39700,14900,19800,11900,8500,3100
2255,230,20260401,True,139300,19200,9500,13000,39600,14800,19800,11900,8400,3100
2256,230,20260301,False,146600,21800,12800,14500,39500,14800,19800,11900,8400,3100
2257,231,20260901,True,149900,24200,10300,16600,40000,15000,20000,12000,7700,4100
2258,231,20260801,True,147200,27500,12700,8400,39900,15000,20000,12000,7600,4100
2259,231,20260701,True,142600,22000,10500,11800,39800,14900,19900,12000,7600,4100
2260,231,20260601,True,146600,22200,14300,11900,39800,14900,19900,11900,7600,4100
2261,231,20260501,True,145400,19700,11700,16000,39700,14900,19800,11900,7600,4100
2262,231,20260401,True,154600,27400,12400,17000,39600,14800,19800,11900,7600,4100
2263,231,20260301,True,150300,25300,13700,13600,39500,14800,19800,11900,7600,4100
2264,231,20260201,True,155000,24400,12500,20800,39400,14800,19700,11800,7500,4100
2265,231,20260101,True,156400,21200,14000,23900,39400,14800,19700,11800,7500,4100
2266,232,20260901,True,139500,19500,8900,12300,40000,15000,20000,12000,7700,4100
2267,232,20260801,True,135100,18000,8200,10300,39900,15000,20000,12000,7600,4100
2268,232,20260701,True,140500,21500,11000,9700,39800,14900,19900,12000,7600,4100
2269,232,20260601,True,140000,21300,10800,9700,39800,14900,19900,11900,7600,4100
2270,233,20260901,True,198200,45100,22000,30200,40000,15000,20000,12000,10900,3000
2271,233,20260801,True,189700,46200,23700,19100,39900,15000,20000,12000,10800,3000
2272,233,20260701,True,194000,47800,25700,20100,39800,14900,19900,12000,10800,3000
2273,234,20260901,True,201200,43700,24500,28700,40000,15000,20000,12000,10800,6500
2274,235,20260901,True,177800,35700,20300,24600,40000,15000,20000,12000,6200,4000
2275,235,20260801,True,177800,39100,20700,21000,39900,15000,20000,12000,6100,4000
2276,235,20260701,True,168000,34400,20200,16700,39800,14900,19900,12000,6100,4000
2277,235,20260601,True,165400,33400,17500,17900,39800,14900,19900,11900,6100,4000
2278,235,20260501,True,173200,32400,20400,24000,39700,14900,19800,11900,6100,4000
2279,235,20260401,True,179100,40500,21000,21400,39600,14800,19800,11900,6100,4000
2280,235,20260301,True,177500,38800,19400,23300,39500,14800,19800,11900,6100,3900
2281,235,20260201,True,192500,40600,19900,36300,39400,14800,19700,11800,6100,3900
2282,235,20260101,True,190200,38900,20000,35600,39400,14800,19700,11800,6100,3900
2283,235,20251201,True,184700,36900,19900,32600,39300,14700,19600,11800,6000,3900
2284,235,20251101,True,178200,38600,19800,24600,39200,14700,19600,11800,6000,3900
2285,235,20251001,True,181300,40300,18600,27400,39100,14700,19600,11700,6000,3900
2286,235,20250901,True,172100,36100,19200,22100,39000,14600,19500,11700,6000,3900
2287,235,20250801,True,168500,38000,20600,15200,39000,14600,19500,11700,6000,3900
2288,235,20250701,True,165800,31700,20400,19200,38900,14600,19400,11700,6000,3900
2289,236,20260901,True,146500,24000,7000,15700,40000,15000,20000,12000,7300,5500
2290,236,20260801,True,141400,21800,11700,8200,39900,15000,20000,12000,7300,5500
2291,236,20260701,True,136800,19600,8700,9100,39800,14900,19900,12000,7300,5500
2292,236,20260601,True,137100,16900,10600,10300,39800,14900,19900,11900,7300,5500
2293,236,20260501,True,141600,17800,12300,12400,39700,14900,19800,11900,7300,5500
2294,236,20260401,True,143700,20200,12300,12400,39600,14800,19800,11900,7200,5500
2295,236,20260301,True,140700,18800,10400,12800,39500,14800,19800,11900,7200,5500
2296,236,20260201,True,145500,18900,9700,18600,39400,14800,19700,11800,7200,5400
2297,236,20260101,True,154600,25100,10500,20700,39400,14800,19700,11800,7200,5400
2298,236,20251201,True,151900,23900,12100,17900,39300,14700,19600,11800,7200,5400
2299,236,20251101,True,140700,15600,12400,14800,39200,14700,19600,11800,7200,5400
2300,236,20251001,True,148500,21900,12500,16400,39100,14700,19600,11700,7200,5400
2301,236,20250901,True,137800,19200,9700,11600,39000,14600,19500,11700,7100,5400
2302,236,20250801,True,137600,20000,11500,8800,39000,14600,19500,11700,7100,5400
2303,236,20250701,True,143700,27100,9000,10500,38900,14600,19400,11700,7100,5400
2304,236,20250601,True,136800,22700,9400,7800,38800,14600,19400,11600,7100,5400
2305,236,20250501,True,145200,22800,9400,16400,38700,14500,19400,11600,7100,5300
2306,236,20250401,True,140400,20300,11200,12500,38600,14500,19300,11600,7100,5300
2307,236,20250301,True,143700,23200,8500,15700,38600,14500,19300,11600,7000,5300
2308,236,20250201,True,144800,20700,9100,19100,38500,14400,19200,11500,7000,5300
2309,236,20250101,True,150400,20800,12200,21600,38400,14400,19200,11500,7000,5300
2310,237,20260901,True,164900,30600,15900,18600,40000,15000,20000,12000,7300,5500
2311,237,20260801,True,161900,29900,16900,15400,39900,15000,20000,12000,7300,5500
2312,237,20260701,True,161500,30000,18100,14000,39800,14900,19900,12000,7300,5500
2313,237,20260601,True,161900,32800,16000,13800,39800,14900,19900,11900,7300,5500
2314,237,20260501,True,170400,34200,16800,20300,39700,14900,19800,11900,7300,5500
2315,237,20260401,True,167600,30400,15800,22600,39600,14800,19800,11900,7200,5500
2316,237,20260301,True,164000,27500,16800,21000,39500,14800,19800,11900,7200,5500
2317,237,20260201,True,176700,32900,15400,30100,39400,14800,19700,11800,7200,5400
2318,237,20260101,True,181700,33000,19400,31000,39400,14800,19700,11800,7200,5400
2319,237,20251201,True,178500,32200,18000,30300,39300,14700,19600,11800,7200,5400
2320,237,20251101,True,168400,29300,18600,22600,39200,14700,19600,11800,7200,5400
2321,237,20251001,True,168900,32700,16800,21700,39100,14700,19600,11700,7200,5400
2322,237,20250901,True,167800,33200,16900,20400,39000,14600,19500,11700,7100,5400
2323,237,20250801,True,162500,32000,19700,13500,39000,14600,19500,11700,7100,5400
2324,237,20250701,True,161600,33200,15300,16000,38900,14600,19400,11700,7100,5400
2325,237,20250601,True,161200,31300,17900,15100,38800,14600,19400,11600,7100,5400
2326,237,20250501,True,167000,34700,15600,20100,38700,14500,19400,11600,7100,5300
2327,237,20250401,True,165200,31600,16600,20600,38600,14500,19300,11600,7100,5300
2328,237,20250301,True,166400,32100,16700,21300,38600,14500,19300,11600,7000,5300
2329,237,20250201,True,169000,30600,14500,28000,38500,14400,19200,11500,7000,5300
2330,237,20250101,True,179000,34200,18300,30700,38400,14400,19200,11500,7000,5300
2331,237,20241201,True,173200,30400,16000,31100,38300,14400,19200,11500,7000,5300
2332,237,20241101,True,165200,31600,17100,21100,38200,14300,19100,11500,7000,5300
2333,237,20241001,True,158100,26700,17000,19100,38200,14300,19100,11400,7000,5300
2334,237,20240901,True,168400,32600,18500,22200,38100,14300,19000,11400,7000,5300
2335,237,20240801,True,152200,30900,14200,12300,38000,14200,19000,11400,6900,5300
2336,237,20240701,True,163900,33300,17000,19000,37900,14200,19000,11400,6900,5200
2337,237,20240601,True,160800,34200,17000,15200,37800,14200,18900,11400,6900,5200
2338,237,20240501,True,161200,27300,17100,22500,37800,14200,18900,11300,6900,5200
2339,237,20240401,True,166900,33400,16800,22700,37700,14100,18800,11300,6900,5200
2340,237,20240301,True,161100,28800,18000,20400,37600,14100,18800,11300,6900,5200
2341,237,20240201,True,168800,29300,16800,28900,37500,14100,18800,11300,6900,5200
2342,237,20240101,True,169900,29800,18400,28400,37400,14000,18700,11200,6800,5200
2343,237,20231201,True,174700,35300,17300,28800,37400,14000,18700,11200,6800,5200
2344,237,20231101,True,160300,29300,17600,20300,37300,14000,18600,11200,6800,5200
2345,237,20231001,True,164200,33200,17600,20600,37200,13900,18600,11200,6800,5100
2346,237,20230901,True,167300,33200,18100,23400,37100,13900,18600,11100,6800,5100
2347,237,20230801,True,160800,33000,18100,17300,37000,13900,18500,11100,6800,5100
2348,237,20230701,True,154000,32300,17700,11600,37000,13900,18500,11100,6800,5100
2349,237,20230601,True,155900,32200,16400,15300,36900,13800,18400,11100,6700,5100
2350,237,20230501,True,160300,34200,15900,18400,36800,13800,18400,11000,6700,5100
2351,237,20230401,True,162300,32500,18100,20000,36700,13800,18400,11000,6700,5100
2352,238,20260901,True,197900,39900,24300,29900,40000,15000,20000,12000,10400,6400
2353,238,20260801,True,188400,44700,20900,19100,39900,15000,20000,12000,10400,6400
2354,238,20260701,True,192400,44100,22600,22300,39800,14900,19900,12000,10400,6400
2355,238,20260601,True,195100,48100,24000,19800,39800,14900,19900,11900,10400,6300
2356,238,20260501,True,200100,41800,24900,30500,39700,14900,19800,11900,10300,6300
2357,238,20260401,True,201400,44500,25300,28900,39600,14800,19800,11900,10300,6300
2358,238,20260301,True,204700,45500,23600,33000,39500,14800,19800,11900,10300,6300
2359,238,20260201,True,214500,43500,24700,44000,39400,14800,19700,11800,10300,6300
2360,238,20260101,True,209600,42500,24200,40600,39400,14800,19700,11800,10300,6300
2361,238,20251201,True,214100,46800,25100,40300,39300,14700,19600,11800,10200,6300
2362,238,20251101,True,199000,42800,25000,29400,39200,14700,19600,11800,10200,6300
2363,238,20251001,True,200300,45000,24200,29600,39100,14700,19600,11700,10200,6200
2364,238,20250901,True,197600,43500,22500,30400,39000,14600,19500,11700,10200,6200
2365,238,20250801,True,193000,45300,24500,22100,39000,14600,19500,11700,10100,6200
2366,238,20250701,False,193700,48000,24200,20600,38900,14600,19400,11700,10100,6200
2367,238,20250601,True,188900,45400,23200,19600,38800,14600,19400,11600,10100,6200
2368,238,20250501,True,198600,42200,26300,29600,38700,14500,19400,11600,10100,6200
2369,239,20260901,True,154600,24600,12700,15500,40000,15000,20000,12000,11400,3400
2370,239,20260801,True,141400,17400,11200,11200,39900,15000,20000,12000,11300,3400
2371,239,20260701,True,139900,19800,10800,8000,39800,14900,19900,12000,11300,3400
2372,239,20260601,True,142000,23200,8600,9000,39800,14900,19900,11900,11300,3400
2373,239,20260501,True,144700,21700,11200,10800,39700,14900,19800,11900,11300,3400
2374,239,20260401,True,147800,20600,12000,14500,39600,14800,19800,11900,11200,3400
2375,239,20260301,True,149100,24100,10600,13800,39500,14800,19800,11900,11200,3400
2376,239,20260201,True,154800,25100,11300,18100,39400,14800,19700,11800,11200,3400
2377,239,20260101,True,153900,21200,11600,20800,39400,14800,19700,11800,11200,3400
2378,239,20251201,False,151300,21900,12100,17400,39300,14700,19600,11800,11100,3400
2379,239,20251101,True,150600,24600,11000,15200,39200,14700,19600,11800,11100,3400
2380,239,20251001,True,140200,19900,8800,11900,39100,14700,19600,11700,11100,3400
2381,239,20250901,True,142100,20900,10100,11800,39000,14600,19500,11700,11100,3400
2382,239,20250801,True,137500,18000,12000,8300,39000,14600,19500,11700,11100,3300
2383,239,20250701,True,138500,20900,10000,8700,38900,14600,19400,11700,11000,3300
2384,239,20250601,True,137400,19700,10900,8100,38800,14600,19400,11600,11000,3300
2385,239,20250501,True,147600,21800,10800,16500,38700,14500,19400,11600,11000,3300
2386,239,20250401,True,149100,23600,11700,15500,38600,14500,19300,11600,11000,3300
2387,239,20250301,True,140100,19200,11600,11100,38600,14500,19300,11600,10900,3300
2388,239,20250201,True,150000,21900,11600,18700,38500,14400,19200,11500,10900,3300
2389,239,20250101,True,144900,18700,10500,18000,38400,14400,19200,11500,10900,3300
2390,239,20241201,True,152900,26600,9500,19200,38300,14400,19200,11500,10900,3300
2391,239,20241101,True,142900,23500,9400,12700,38200,14300,19100,11500,10900,3300
2392,239,20241001,True,134400,15600,9300,12400,38200,14300,19100,11400,10800,3300
2393,239,20240901,True,140700,18400,10100,15300,38100,14300,19000,11400,10800,3300
2394,239,20240801,True,140300,22500,9900,11200,38000,14200,19000,11400,10800,3300
2395,239,20240701,True,135700,19600,10000,9500,37900,14200,19000,11400,10800,3300
2396,239,20240601,True,140900,22900,10400,11400,37800,14200,18900,11400,10700,3200
2397,239,20240501,True,143400,18800,13100,15400,37800,14200,18900,11300,10700,3200
2398,239,20240401,True,139800,19100,10100,14800,37700,14100,18800,11300,10700,3200
2399,239,20240301,True,140200,22300,9400,12800,37600,14100,18800,11300,10700,3200
2400,240,20260901,True,179000,38400,18100,25400,40000,15000,20000,12000,6600,3500
2401,240,20260801,True,170800,38000,17200,18700,39900,15000,20000,12000,6500,3500
2402,240,20260701,True,175800,40700,19200,19300,39800,14900,19900,12000,6500,3500
2403,240,20260601,True,168600,35400,20800,15900,39800,14900,19900,11900,6500,3500
2404,240,20260501,True,180700,41400,19100,23900,39700,14900,19800,11900,6500,3500
2405,241,20260901,True,177800,47000,14200,19500,40000,15000,20000,12000,6600,3500
2406,242,20260901,True,186500,36300,20900,25200,40000,15000,20000,12000,11100,6000
2407,242,20260801,True,186500,41000,23100,18400,39900,15000,20000,12000,11100,6000
2408,242,20260701,True,187100,44100,21000,18400,39800,14900,19900,12000,11000,6000
2409,242,20260601,True,185300,39400,21100,21300,39800,14900,19900,11900,11000,6000
2410,242,20260501,True,191600,39900,21800,26600,39700,14900,19800,11900,11000,6000
2411,242,20260401,True,198600,43100,24300,28100,39600,14800,19800,11900,11000,6000
2412,242,20260301,True,192400,39700,23300,26500,39500,14800,19800,11900,11000,5900
2413,242,20260201,True,203500,40400,23200,37400,39400,14800,19700,11800,10900,5900
2414,242,20260101,True,201900,41700,18600,39100,39400,14800,19700,11800,10900,5900
2415,242,20251201,True,198400,38600,20900,36700,39300,14700,19600,11800,10900,5900
2416,242,20251101,True,193900,41700,22200,27900,39200,14700,19600,11800,10900,5900
2417,242,20251001,True,191600,41200,21300,27300,39100,14700,19600,11700,10800,5900
2418,242,20250901,True,187700,39200,20800,26200,39000,14600,19500,11700,10800,5900
2419,242,20250801,True,180800,42100,19000,18200,39000,14600,19500,11700,10800,5900
2420,242,20250701,True,180900,39300,22900,17400,38900,14600,19400,11700,10800,5900
2421,242,20250601,True,183800,43200,21800,17800,38800,14600,19400,11600,10800,5800
2422,242,20250501,True,188200,39500,20900,27100,38700,14500,19400,11600,10700,5800
2423,242,20250401,True,186000,38500,20600,26400,38600,14500,19300,11600,10700,5800
2424,242,20250301,True,192600,44100,22100,25900,38600,14500,19300,11600,10700,5800
2425,242,20250201,True,198100,38800,21400,37800,38500,14400,19200,11500,10700,5800
2426,242,20250101,True,203600,45300,22100,36300,38400,14400,19200,11500,10600,5800
2427,242,20241201,True,195100,36300,19700,39300,38300,14400,19200,11500,10600,5800
2428,242,20241101,True,191600,43100,22600,26400,38200,14300,19100,11500,10600,5800
2429,242,20241001,True,188000,39800,21700,27200,38200,14300,19100,11400,10600,5700
2430,242,20240901,True,186300,39400,21000,26800,38100,14300,19000,11400,10600,5700
2431,242,20240801,True,182500,41700,22500,19500,38000,14200,19000,11400,10500,5700
2432,242,20240701,True,182400,42100,21100,20500,37900,14200,19000,11400,10500,5700
2433,242,20240601,True,177200,38900,21000,18800,37800,14200,18900,11400,10500,5700
2434,242,20240501,True,191500,42000,23300,27800,37800,14200,18900,11300,10500,5700
2435,242,20240401,True,182500,37100,22400,25000,37700,14100,18800,11300,10400,5700
2436,243,20260901,True,182700,37900,17700,24500,40000,15000,20000,12000,9900,5700
2437,243,20260801,True,172300,34900,21300,13600,39900,15000,20000,12000,9900,5700
2438,243,20260701,True,171800,35800,17800,16000,39800,14900,19900,12000,9900,5700
2439,243,20260601,True,170200,32100,18800,17300,39800,14900,19900,11900,9800,5700
2440,243,20260501,True,176900,32700,17500,24900,39700,14900,19800,11900,9800,5700
2441,243,20260401,True,173100,32500,17700,21300,39600,14800,19800,11900,9800,5700
2442,243,20260301,True,183800,38700,19100,24500,39500,14800,19800,11900,9800,5700
2443,243,20260201,True,186600,34000,19300,32200,39400,14800,19700,11800,9800,5600
2444,243,20260101,True,187600,37400,17700,31500,39400,14800,19700,11800,9700,5600
2445,243,20251201,True,193900,41400,19200,32600,39300,14700,19600,11800,9700,5600
2446,243,20251101,True,180800,39500,16700,24000,39200,14700,19600,11800,9700,5600
2447,243,20251001,True,175600,33800,19500,21900,39100,14700,19600,11700,9700,5600
2448,243,20250901,True,176100,37600,18400,20000,39000,14600,19500,11700,9700,5600
2449,243,20250801,True,172900,37200,19300,16400,39000,14600,19500,11700,9600,5600
2450,243,20250701,True,174200,38000,20200,16200,38900,14600,19400,11700,9600,5600
2451,243,20250601,True,173500,38000,20900,15000,38800,14600,19400,11600,9600,5600
2452,243,20250501,True,172400,32900,19700,20500,38700,14500,19400,11600,9600,5500
2453,243,20250401,True,179000,38000,18700,23200,38600,14500,19300,11600,9600,5500
2454,243,20250301,True,175700,34500,19300,22900,38600,14500,19300,11600,9500,5500
2455,243,20250201,True,187800,35300,18400,35500,38500,14400,19200,11500,9500,5500
2456,243,20250101,True,187500,38400,17800,32800,38400,14400,19200,11500,9500,5500
2457,244,20260901,True,174000,35200,16900,23100,40000,15000,20000,12000,7700,4100
2458,244,20260801,True,166000,33000,17200,17200,39900,15000,20000,12000,7600,4100
2459,244,20260701,True,168100,34000,18200,17600,39800,14900,19900,12000,7600,4100
2460,244,20260601,True,163500,35100,18300,11900,39800,14900,19900,11900,7600,4100
2461,244,20260501,True,169600,35400,17400,18800,39700,14900,19800,11900,7600,4100
2462,244,20260401,False,169800,32100,18400,21500,39600,14800,19800,11900,7600,4100
2463,244,20260301,True,171300,34500,17000,22100,39500,14800,19800,11900,7600,4100
2464,245,20260901,True,161900,27000,16500,19800,40000,15000,20000,12000,8500,3100
2465,246,20260901,True,178900,36200,19400,20700,40000,15000,20000,12000,9900,5700
2466,246,20260801,True,173200,36600,18700,15400,39900,15000,20000,12000,9900,5700
2467,246,20260701,True,177100,37300,18400,19200,39800,14900,19900,12000,9900,5700
2468,246,20260601,True,171200,35900,18900,14400,39800,14900,19900,11900,9800,5700
2469,246,20260501,True,183300,38500,19000,24000,39700,14900,19800,11900,9800,5700
2470,246,20260401,True,180700,36100,19500,23500,39600,14800,19800,11900,9800,5700
2471,246,20260301,True,185300,39000,20600,24200,39500,14800,19800,11900,9800,5700
2472,246,20260201,True,186100,32800,18600,33600,39400,14800,19700,11800,9800,5600
2473,247,20260901,True,163100,29100,15300,18800,40000,15000,20000,12000,9800,3100
2474,247,20260801,True,159400,32200,14800,12600,39900,15000,20000,12000,9800,3100
2475,247,20260701,True,153400,28500,14800,10600,39800,14900,19900,12000,9800,3100
2476,247,20260601,True,155200,29700,14300,11800,39800,14900,19900,11900,9800,3100
2477,248,20260901,True,142600,18400,10400,10000,40000,15000,20000,12000,10400,6400
2478,249,20260901,True,191100,40600,22900,26700,40000,15000,20000,12000,10900,3000
2479,249,20260801,True,178800,38500,20600,19000,39900,15000,20000,12000,10800,3000
2480,249,20260701,True,177200,37400,20600,18800,39800,14900,19900,12000,10800,3000
2481,249,20260601,True,180200,38700,21800,19400,39800,14900,19900,11900,10800,3000
2482,249,20260501,True,187400,40000,20900,26400,39700,14900,19800,11900,10800,3000
2483,249,20260401,True,189800,40600,23400,26000,39600,14800,19800,11900,10700,3000
2484,249,20260301,False,191800,42900,21100,28100,39500,14800,19800,11900,10700,3000
2485,249,20260201,True,199200,41700,22000,36100,39400,14800,19700,11800,10700,3000
2486,249,20260101,True,206100,43000,23200,40500,39400,14800,19700,11800,10700,3000
2487,249,20251201,True,198900,42600,19900,37300,39300,14700,19600,11800,10700,3000
2488,249,20251101,True,188100,39900,21800,27500,39200,14700,19600,11800,10600,3000
2489,249,20251001,True,189300,42000,23100,25500,39100,14700,19600,11700,10600,3000
2490,249,20250901,True,187500,41800,19400,27900,39000,14600,19500,11700,10600,3000
2491,249,20250801,True,182100,39100,22100,22500,39000,14600,19500,11700,10600,3000
2492,249,20250701,True,182600,43500,24000,17000,38900,14600,19400,11700,10600,2900
2493,250,20260901,True,179000,35400,19200,21800,40000,15000,20000,12000,9900,5700
2494,250,20260801,True,171600,36100,18100,14900,39900,15000,20000,12000,9900,5700
2495,250,20260701,True,168500,33700,18100,14500,39800,14900,19900,12000,9900,5700
2496,250,20260601,True,173400,35400,21000,15000,39800,14900,19900,11900,9800,5700
2497,250,20260501,True,178400,33300,18900,24400,39700,14900,19800,11900,9800,5700
2498,250,20260401,True,190400,40900,20700,27200,39600,14800,19800,11900,9800,5700
2499,250,20260301,True,183000,38000,20300,23200,39500,14800,19800,11900,9800,5700
2500,250,20260201,True,190700,36200,19100,34300,39400,14800,19700,11800,9800,5600
2501,251,20260901,True,179100,47500,15100,17700,40000,15000,20000,12000,7700,4100
2502,251,20260801,True,154100,27100,13300,15100,39900,15000,20000,12000,7600,4100
2503,251,20260701,True,149100,24100,13500,13200,39800,14900,19900,12000,7600,4100
2504,251,20260601,True,150100,25900,13000,13000,39800,14900,19900,11900,7600,4100
2505,251,20260501,True,150200,24600,14200,13400,39700,14900,19800,11900,7600,4100
2506,251,20260401,True,163300,28300,16100,21100,39600,14800,19800,11900,7600,4100
2507,251,20260301,True,159500,26700,16500,18600,39500,14800,19800,11900,7600,4100
2508,252,20260901,True,176900,32500,20000,25600,40000,15000,20000,12000,7700,4100
2509,252,20260801,True,172300,37100,20300,16300,39900,15000,20000,12000,7600,4100
2510,252,20260701,True,171500,37700,18900,16600,39800,14900,19900,12000,7600,4100
2511,252,20260601,True,173100,37700,19700,17500,39800,14900,19900,11900,7600,4100
2512,252,20260501,True,180400,40200,19700,22500,39700,14900,19800,11900,7600,4100
2513,252,20260401,True,168800,29100,17200,24700,39600,14800,19800,11900,7600,4100
2514,252,20260301,True,184000,43400,18900,24000,39500,14800,19800,11900,7600,4100
2515,252,20260201,True,183100,35400,16700,33700,39400,14800,19700,11800,7500,4100
2516,252,20260101,True,193400,41400,19700,35000,39400,14800,19700,11800,7500,4100
2517,252,20251201,True,189200,38800,19900,33600,39300,14700,19600,11800,7500,4000
2518,252,20251101,False,171500,33900,18600,22200,39200,14700,19600,11800,7500,4000
2519,252,20251001,False,167700,29900,19300,21900,39100,14700,19600,11700,7500,4000
2520,252,20250901,True,173400,34500,20400,22200,39000,14600,19500,11700,7500,4000
2521,253,20260901,True,187700,38000,20000,27100,40000,15000,20000,12000,9900,5700
2522,254,20260901,True,193400,44000,20200,25400,40000,15000,20000,12000,10400,6400
2523,254,20260801,True,184500,42400,19700,18700,39900,15000,20000,12000,10400,6400
2524,254,20260701,True,188800,45500,20800,19100,39800,14900,19900,12000,10400,6400
2525,254,20260601,True,190600,42900,21300,23200,39800,14900,19900,11900,10400,6300
2526,254,20260501,True,192900,39600,23200,27200,39700,14900,19800,11900,10300,6300
2527,254,20260401,True,192500,41500,20800,27500,39600,14800,19800,11900,10300,6300
2528,254,20260301,True,188600,38100,22200,25700,39500,14800,19800,11900,10300,6300
2529,254,20260201,True,204800,43600,21300,37600,39400,14800,19700,11800,10300,6300
2530,254,20260101,True,201600,41800,20600,36900,39400,14800,19700,11800,10300,6300
2531,254,20251201,True,200100,40800,20500,36900,39300,14700,19600,11800,10200,6300
2532,254,20251101,True,194100,41800,22400,28100,39200,14700,19600,11800,10200,6300
2533,254,20251001,True,190100,41700,21500,25400,39100,14700,19600,11700,10200,6200
2534,254,20250901,True,194300,45700,19700,27700,39000,14600,19500,11700,10200,6200
2535,254,20250801,True,188500,42500,22800,22100,39000,14600,19500,11700,10100,6200
2536,254,20250701,True,184600,42000,22300,19400,38900,14600,19400,11700,10100,6200
2537,254,20250601,True,185000,43000,20700,20600,38800,14600,19400,11600,10100,6200
2538,254,20250501,True,188500,40000,19800,28200,38700,14500,19400,11600,10100,6200
2539,254,20250401,True,190800,40100,23300,27100,38600,14500,19300,11600,10100,6200
2540,254,20250301,True,191500,42200,21200,27900,38600,14500,19300,11600,10000,6200
2541,254,20250201,True,200700,41800,21900,37300,38500,14400,19200,11500,10000,6100
2542,254,20250101,True,197300,40600,20300,36800,38400,14400,19200,11500,10000,6100
2543,254,20241201,True,207300,46400,23400,38000,38300,14400,19200,11500,10000,6100
2544,254,20241101,True,211600,64000,21800,26600,38200,14300,19100,11500,10000,6100
2545,255,20260901,False,168300,33400,17400,17300,40000,15000,20000,12000,7300,5900
2546,255,20260801,True,158700,31400,15300,11900,39900,15000,20000,12000,7300,5900
2547,255,20260701,True,156600,28000,14600,14200,39800,14900,19900,12000,7300,5900
2548,255,20260601,True,156800,27200,16300,13600,39800,14900,19900,11900,7300,5900
2549,255,20260501,True,165400,32000,14700,19200,39700,14900,19800,11900,7300,5900
2550,255,20260401,True,161800,27100,15400,20100,39600,14800,19800,11900,7200,5900
2551,255,20260301,True,160800,29800,14800,17100,39500,14800,19800,11900,7200,5900
2552,255,20260201,True,164000,26700,12600,25900,39400,14800,19700,11800,7200,5900
2553,255,20260101,True,167800,28400,15200,25400,39400,14800,19700,11800,7200,5900
2554,255,20251201,True,163900,27400,13600,24500,39300,14700,19600,11800,7200,5800
2555,255,20251101,True,164100,31400,15700,18700,39200,14700,19600,11800,7200,5800
2556,255,20251001,True,159000,28000,15900,17000,39100,14700,19600,11700,7200,5800
2557,255,20250901,True,155200,27100,12700,17700,39000,14600,19500,11700,7100,5800
2558,255,20250801,True,158300,30900,14300,15400,39000,14600,19500,11700,7100,5800
2559,255,20250701,True,152100,24900,16100,13600,38900,14600,19400,11700,7100,5800
2560,255,20250601,True,161900,35800,14400,14400,38800,14600,19400,11600,7100,5800
2561,255,20250501,True,160400,28700,15500,19100,38700,14500,19400,11600,7100,5800
2562,255,20250401,True,158900,29400,14300,18400,38600,14500,19300,11600,7100,5700
2563,255,20250301,True,162200,30700,15600,19100,38600,14500,19300,11600,7100,5700
2564,255,20250201,True,164800,29400,15000,24100,38500,14400,19200,11500,7000,5700
2565,255,20250101,True,160800,25100,13900,25600,38400,14400,19200,11500,7000,5700
2566,255,20241201,False,161700,29100,13000,23500,38300,14400,19200,11500,7000,5700
2567,255,20241101,False,155300,25400,14300,19800,38200,14300,19100,11500,7000,5700
2568,255,20241001,True,157000,27900,14500,18900,38200,14300,19100,11400,7000,5700
2569,255,20240901,True,159600,29500,15500,19100,38100,14300,19000,11400,7000,5700
2570,255,20240801,True,151700,28900,15400,12200,38000,14200,19000,11400,7000,5600
2571,256,20260901,True,183300,39200,21100,24200,40000,15000,20000,12000,8000,3800
2572,256,20260801,True,170400,36000,19500,16200,39900,15000,20000,12000,8000,3800
2573,256,20260701,True,177600,39600,20600,19000,39800,14900,19900,12000,8000,3800
2574,257,20260901,True,161100,25700,12500,20300,40000,15000,20000,12000,9900,5700
2575,257,20260801,True,152700,22700,12800,14700,39900,15000,20000,12000,9900,5700
2576,257,20260701,True,155000,26400,14800,11600,39800,14900,19900,12000,9900,5700
2577,257,20260601,True,148600,18800,13900,13900,39800,14900,19900,11900,9800,5700
2578,257,20260501,True,165100,30400,13700,19200,39700,14900,19800,11900,9800,5700
2579,257,20260401,True,162900,31500,12900,16900,39600,14800,19800,11900,9800,5700
2580,258,20260901,True,172700,31300,17900,20100,40000,15000,20000,12000,11700,4700
2581,258,20260801,True,167200,32800,15600,15500,39900,15000,20000,12000,11700,4700
2582,258,20260701,True,168300,34000,15500,15800,39800,14900,19900,12000,11700,4700
2583,259,20260901,True,141400,19200,10700,12700,40000,15000,20000,12000,8000,3800
2584,259,20260801,True,141300,24100,10600,7900,39900,15000,20000,12000,8000,3800
2585,259,20260701,True,136100,15800,10200,11700,39800,14900,19900,12000,8000,3800
2586,259,20260601,True,137400,20800,9700,8600,39800,14900,19900,11900,8000,3800
2587,259,20260501,True,144700,25200,10000,11500,39700,14900,19800,11900,8000,3700
2588,259,20260401,True,142400,22000,9300,13300,39600,14800,19800,11900,8000,3700
2589,259,20260301,True,141800,20900,10300,13000,39500,14800,19800,11900,7900,3700
2590,259,20260201,True,147000,23100,9200,17400,39400,14800,19700,11800,7900,3700
2591,259,20260101,True,146500,15800,11100,22300,39400,14800,19700,11800,7900,3700
2592,259,20251201,True,144100,18500,10000,18600,39300,14700,19600,11800,7900,3700
2593,259,20251101,True,141300,19600,12200,12600,39200,14700,19600,11800,7900,3700
2594,259,20251001,True,142300,21600,10500,13500,39100,14700,19600,11700,7900,3700
2595,259,20250901,True,145000,21600,13300,13800,39000,14600,19500,11700,7800,3700
2596,259,20250801,True,139200,22900,10400,9600,39000,14600,19500,11700,7800,3700
2597,259,20250701,True,138300,23500,10300,8400,38900,14600,19400,11700,7800,3700
2598,259,20250601,True,140200,22500,12800,9000,38800,14600,19400,11600,7800,3700
2599,259,20250501,True,141100,20200,12900,12300,38700,14500,19400,11600,7800,3700
2600,259,20250401,True,137100,20200,7700,13800,38600,14500,19300,11600,7800,3600
2601,259,20250301,True,139500,21900,9100,13100,38600,14500,19300,11600,7800,3600
2602,259,20250201,True,153800,24100,14100,20700,38500,14400,19200,11500,7700,3600
2603,259,20250101,True,148000,21700,12400,19100,38400,14400,19200,11500,7700,3600
2604,259,20241201,True,151600,22100,11000,23800,38300,14400,19200,11500,7700,3600
2605,259,20241101,True,136300,18800,10300,12800,38200,14300,19100,11500,7700,3600
2606,260,20260901,True,199000,46000,24600,29600,40000,15000,20000,12000,7700,4100
2607,260,20260801,True,185700,42800,22400,21900,39900,15000,20000,12000,7600,4100
2608,260,20260701,True,189700,46700,24700,20000,39800,14900,19900,12000,7600,4100
2609,260,20260601,True,184300,44500,23300,18300,39800,14900,19900,11900,7600,4100
2610,260,20260501,True,203400,49300,25000,31100,39700,14900,19800,11900,7600,4100
2611,260,20260401,True,204900,51200,26400,29500,39600,14800,19800,11900,7600,4100
2612,260,20260301,True,201400,49400,24300,30000,39500,14800,19800,11900,7600,4100
2613,260,20260201,True,215800,51600,24500,42400,39400,14800,19700,11800,7500,4100
2614,261,20260901,True,180400,33700,17800,24800,40000,15000,20000,12000,11100,6000
2615,261,20260801,True,170800,35600,14900,16300,39900,15000,20000,12000,11100,6000
2616,261,20260701,True,170100,33600,17100,15800,39800,14900,19900,12000,11000,6000
2617,261,20260601,True,168200,34300,15600,14800,39800,14900,19900,11900,11000,6000
2618,261,20260501,True,175800,34200,17200,21100,39700,14900,19800,11900,11000,6000
2619,261,20260401,True,180900,37700,18800,21300,39600,14800,19800,11900,11000,6000
2620,261,20260301,True,183200,35900,18800,25600,39500,14800,19800,11900,11000,5900
2621,261,20260201,True,178900,33100,15100,28200,39400,14800,19700,11800,10900,5900
2622,261,20260101,True,176400,29400,18100,26400,39400,14800,19700,11800,10900,5900
2623,261,20251201,False,184700,35100,18600,28800,39300,14700,19600,11800,10900,5900
2624,261,20251101,True,181000,33400,19000,26500,39200,14700,19600,11800,10900,5900
2625,261,20251001,True,173800,34000,16600,21400,39100,14700,19600,11700,10800,5900
2626,262,20260901,True,167700,32500,15700,19300,40000,15000,20000,12000,7300,5900
2627,262,20260801,True,155600,25800,15500,14200,39900,15000,20000,12000,7300,5900
2628,262,20260701,True,158200,32000,14400,12000,39800,14900,19900,12000,7300,5900
2629,262,20260601,True,160500,30400,15300,15100,39800,14900,19900,11900,7300,5900
2630,262,20260501,True,161200,30300,14200,17200,39700,14900,19800,11900,7300,5900
2631,262,20260401,True,159500,26100,15800,18400,39600,14800,19800,11900,7200,5900
2632,263,20260901,True,169300,32000,15700,19800,40000,15000,20000,12000,11400,3400
2633,263,20260801,True,157500,29500,15600,10800,39900,15000,20000,12000,11300,3400
2634,263,20260701,True,166700,35500,17200,12700,39800,14900,19900,12000,11300,3400
2635,263,20260601,True,160100,25600,16800,16500,39800,14900,19900,11900,11300,3400
2636,263,20260501,True,168300,28800,17600,20900,39700,14900,19800,11900,11300,3400
2637,263,20260401,True,162400,27000,14700,20000,39600,14800,19800,11900,11200,3400
2638,263,20260301,True,162400,30600,11600,19600,39500,14800,19800,11900,11200,3400
2639,263,20260201,True,171100,29400,14500,26900,39400,14800,19700,11800,11200,3400
2640,263,20260101,True,171600,29200,16100,26000,39400,14800,19700,11800,11200,3400
2641,263,20251201,True,171900,27900,17700,26400,39300,14700,19600,11800,11100,3400
2642,263,20251101,True,170700,34500,16600,19800,39200,14700,19600,11800,11100,3400
2643,263,20251001,True,165400,31000,15500,19300,39100,14700,19600,11700,11100,3400
2644,263,20250901,True,168100,32100,16200,20500,39000,14600,19500,11700,11100,3400
2645,263,20250801,True,156900,28900,15800,13000,39000,14600,19500,11700,11100,3300
2646,264,20260901,True,177300,33000,17200,22800,40000,15000,20000,12000,10800,6500
2647,265,20260901,True,188500,43000,19200,22500,40000,15000,20000,12000,10400,6400
2648,266,20260901,True,188800,43000,22600,23300,40000,15000,20000,12000,9800,3100
2649,267,20260901,True,193500,41200,22400,29000,40000,15000,20000,12000,10900,3000
2650,267,20260801,True,192200,45900,23700,21900,39900,15000,20000,12000,10800,3000
2651,267,20260701,True,191200,46300,23300,21200,39800,14900,19900,12000,10800,3000
2652,267,20260601,True,195500,49500,23900,21800,39800,14900,19900,11900,10800,3000
2653,267,20260501,True,195900,46800,22500,26500,39700,14900,19800,11900,10800,3000
2654,267,20260401,True,195600,43800,24400,27600,39600,14800,19800,11900,10700,3000
2655,267,20260301,True,193100,41700,22900,28800,39500,14800,19800,11900,10700,3000
2656,267,20260201,True,214700,48100,23000,44200,39400,14800,19700,11800,10700,3000
2657,267,20260101,True,210500,45100,23500,42500,39400,14800,19700,11800,10700,3000
2658,267,20251201,True,206400,43800,23300,40200,39300,14700,19600,11800,10700,3000
2659,267,20251101,True,200100,46000,23900,31300,39200,14700,19600,11800,10600,3000
2660,267,20251001,True,198200,44100,24900,30500,39100,14700,19600,11700,10600,3000
2661,267,20250901,True,193500,42800,24000,28300,39000,14600,19500,11700,10600,3000
2662,267,20250801,True,185000,44600,22500,19500,39000,14600,19500,11700,10600,3000
2663,267,20250701,True,188400,45400,23300,21600,38900,14600,19400,11700,10600,2900
2664,267,20250601,True,187000,48300,21600,19300,38800,14600,19400,11600,10500,2900
2665,267,20250501,True,195900,44800,23600,29900,38700,14500,19400,11600,10500,2900
2666,267,20250401,True,204300,48900,25300,32700,38600,14500,19300,11600,10500,2900
2667,267,20250301,True,196800,47100,22700,29600,38600,14500,19300,11600,10500,2900
2668,267,20250201,True,205900,45100,22900,41000,38500,14400,19200,11500,10400,2900
2669,267,20250101,True,206800,46300,21800,41900,38400,14400,19200,11500,10400,2900
2670,267,20241201,True,210800,48000,24600,41500,38300,14400,19200,11500,10400,2900
2671,267,20241101,True,191800,44300,23100,28000,38200,14300,19100,11500,10400,2900
2672,267,20241001,True,194000,44700,22500,30500,38200,14300,19100,11400,10400,2900
2673,267,20240901,True,195500,46800,23300,29400,38100,14300,19000,11400,10300,2900
2674,267,20240801,False,192200,50000,24700,21700,38000,14200,19000,11400,10300,2900
2675,267,20240701,True,183900,43400,22700,22100,37900,14200,19000,11400,10300,2900
2676,267,20240601,True,185900,44700,24100,21600,37800,14200,18900,11400,10300,2900
2677,267,20240501,True,194800,46200,24400,28900,37800,14200,18900,11300,10200,2900
2678,267,20240401,True,191300,44100,23500,28700,37700,14100,18800,11300,10200,2900
2679,267,20240301,True,202800,53700,24900,29300,37600,14100,18800,11300,10200,2900
2680,267,20240201,True,199600,41000,23500,40400,37500,14100,18800,11300,10200,2800
2681,268,20260901,True,184300,36900,21800,21300,40000,15000,20000,12000,10800,6500
2682,269,20260901,True,153400,23500,12300,13800,40000,15000,20000,12000,10400,6400
2683,269,20260801,True,154600,26300,12800,11800,39900,15000,20000,12000,10400,6400
2684,269,20260701,True,151300,26400,12500,9000,39800,14900,19900,12000,10400,6400
2685,269,20260601,True,151600,26600,12000,9800,39800,14900,19900,11900,10400,6300
2686,270,20260901,True,170600,34000,16200,19500,40000,15000,20000,12000,10900,3000
2687,270,20260801,True,167400,33200,18400,15100,39900,15000,20000,12000,10800,3000
2688,270,20260701,True,165600,34300,18400,12500,39800,14900,19900,12000,10800,3000
2689,270,20260601,True,162700,30600,15600,16200,39800,14900,19900,11900,10800,3000
2690,270,20260501,True,170800,31300,16800,22600,39700,14900,19800,11900,10800,3000
2691,270,20260401,True,175200,34500,18600,22300,39600,14800,19800,11900,10700,3000
2692,270,20260301,True,165000,28500,16000,20800,39500,14800,19800,11900,10700,3000
2693,270,20260201,True,179700,33700,17400,29200,39400,14800,19700,11800,10700,3000
2694,270,20260101,True,177700,33600,17000,27700,39400,14800,19700,11800,10700,3000
2695,270,20251201,True,175900,32200,16400,28200,39300,14700,19600,11800,10700,3000
2696,270,20251101,True,170500,32700,16900,22000,39200,14700,19600,11800,10600,3000
2697,270,20251001,True,171200,35200,15100,22200,39100,14700,19600,11700,10600,3000
2698,270,20250901,True,166700,31600,15500,21200,39000,14600,19500,11700,10600,3000
2699,270,20250801,True,165600,35000,18400,13800,39000,14600,19500,11700,10600,3000
2700,271,20260901,True,194900,43200,25300,29200,40000,15000,20000,12000,6200,4000
2701,271,20260801,False,184900,44200,23300,20400,39900,15000,20000,12000,6100,4000
2702,271,20260701,True,189300,47500,23800,21300,39800,14900,19900,12000,6100,4000
2703,272,20260901,True,172000,34100,15700,20400,40000,15000,20000,12000,11400,3400
2704,272,20260801,True,171900,34500,19600,16200,39900,15000,20000,12000,11300,3400
2705,272,20260701,True,170700,36300,18400,14700,39800,14900,19900,12000,11300,3400
2706,272,20260601,True,168500,34000,19500,13800,39800,14900,19900,11900,11300,3400
2707,272,20260501,True,174700,34100,15600,24000,39700,14900,19800,11900,11300,3400
2708,273,20260901,True,154000,27100,13300,16400,40000,15000,20000,12000,6200,4000
2709,273,20260801,True,161200,36000,15700,12500,39900,15000,20000,12000,6100,4000
2710,273,20260701,True,156800,33100,14100,12900,39800,14900,19900,12000,6100,4000
2711,273,20260601,True,158100,31300,15600,14600,39800,14900,19900,11900,6100,4000
2712,273,20260501,True,161400,31000,15700,18300,39700,14900,19800,11900,6100,4000
2713,273,20260401,True,159000,30800,14100,17900,39600,14800,19800,11900,6100,4000
2714,273,20260301,True,159000,27000,17100,18900,39500,14800,19800,11900,6100,3900
2715,273,20260201,True,165300,28200,16500,24900,39400,14800,19700,11800,6100,3900
2716,273,20260101,True,166000,26000,14500,29800,39400,14800,19700,11800,6100,3900
2717,273,20251201,True,165000,27100,17200,25400,39300,14700,19600,11800,6000,3900
2718,273,20251101,True,158700,29100,14200,20200,39200,14700,19600,11800,6000,3900
2719,273,20251001,True,159700,29300,15100,20300,39100,14700,19600,11700,6000,3900
2720,273,20250901,True,158000,28600,16100,18600,39000,14600,19500,11700,6000,3900
2721,273,20250801,True,150600,22600,17700,15600,39000,14600,19500,11700,6000,3900
2722,273,20250701,True,156100,31400,16900,13300,38900,14600,19400,11700,6000,3900
2723,273,20250601,True,157500,32400,17100,13700,38800,14600,19400,11600,6000,3900
2724,273,20250501,True,163200,30800,15500,22800,38700,14500,19400,11600,6000,3900
2725,273,20250401,True,152000,23200,17600,17400,38600,14500,19300,11600,5900,3900
2726,273,20250301,True,154400,25600,16000,19000,38600,14500,19300,11600,5900,3900
2727,273,20250201,True,169000,32800,14800,28100,38500,14400,19200,11500,5900,3800
2728,273,20250101,True,163700,30800,14000,25700,38400,14400,19200,11500,5900,3800
2729,273,20241201,True,165800,31400,15300,26000,38300,14400,19200,11500,5900,3800
2730,273,20241101,True,161000,30000,16600,21600,38200,14300,19100,11500,5900,3800
2731,273,20241001,True,149200,28900,12900,14700,38200,14300,19100,11400,5900,3800
2732,273,20240901,True,155400,30200,16300,16400,38100,14300,19000,11400,5900,3800
2733,273,20240801,True,154600,32100,16400,13800,38000,14200,19000,11400,5900,3800
2734,273,20240701,True,156100,32900,17500,13600,37900,14200,19000,11400,5800,3800
2735,273,20240601,True,152900,33500,14800,12700,37800,14200,18900,11400,5800,3800
2736,273,20240501,True,151600,29200,15400,15200,37800,14200,18900,11300,5800,3800
2737,273,20240401,True,153100,26400,14800,20400,37700,14100,18800,11300,5800,3800
2738,273,20240301,True,160900,34000,15600,19900,37600,14100,18800,11300,5800,3800
2739,273,20240201,True,168100,31700,17600,27600,37500,14100,18800,11300,5800,3700
2740,273,20240101,True,167100,31700,16800,27800,37400,14000,18700,11200,5800,3700
2741,273,20231201,True,162200,29200,15400,26800,37400,14000,18700,11200,5800,3700
2742,273,20231101,True,151800,25700,14300,21300,37300,14000,18600,11200,5700,3700
2743,273,20231001,True,150900,30000,13300,17300,37200,13900,18600,11200,5700,3700
2744,273,20230901,True,156000,31300,16000,18600,37100,13900,18600,11100,5700,3700
2745,273,20230801,True,149100,28600,16100,14500,37000,13900,18500,11100,5700,3700
2746,274,20260901,True,173700,32400,17500,19700,40000,15000,20000,12000,11100,6000
2747,275,20260901,True,188700,38700,20100,25800,40000,15000,20000,12000,11100,6000
2748,276,20260901,True,188900,40600,19000,26700,40000,15000,20000,12000,9900,5700
2749,276,20260801,True,183800,41500,22400,17400,39900,15000,20000,12000,9900,5700
2750,277,20260901,True,134300,15800,8200,13200,40000,15000,20000,12000,6600,3500
2751,277,20260801,True,129900,15500,9000,8500,39900,15000,20000,12000,6500,3500
2752,277,20260701,True,135400,19800,8500,10500,39800,14900,19900,12000,6500,3500
2753,278,20260901,True,189400,37900,20700,27000,40000,15000,20000,12000,10400,6400
2754,278,20260801,True,191200,43600,22800,21100,39900,15000,20000,12000,10400,6400
2755,278,20260701,True,180300,38900,22100,15900,39800,14900,19900,12000,10400,6400
2756,278,20260601,True,178900,37400,22400,15900,39800,14900,19900,11900,10400,6300
2757,278,20260501,True,193900,41600,22600,26800,39700,14900,19800,11900,10300,6300
2758,278,20260401,True,191500,38100,23000,27700,39600,14800,19800,11900,10300,6300
2759,278,20260301,True,193900,41300,21100,28900,39500,14800,19800,11900,10300,6300
2760,278,20260201,True,200600,42300,19400,36600,39400,14800,19700,11800,10300,6300
2761,278,20260101,True,198000,38600,21300,35800,39400,14800,19700,11800,10300,6300
2762,278,20251201,True,198300,37700,21900,36800,39300,14700,19600,11800,10200,6300
2763,278,20251101,True,195700,43100,23900,26900,39200,14700,19600,11800,10200,6300
2764,278,20251001,True,192100,39100,24000,27500,39100,14700,19600,11700,10200,6200
2765,278,20250901,True,188800,40000,21600,26000,39000,14600,19500,11700,10200,6200
2766,278,20250801,True,181400,40600,21200,18500,39000,14600,19500,11700,10100,6200
2767,279,20260901,True,148700,20700,12200,14000,40000,15000,20000,12000,11400,3400
2768,280,20260901,True,189600,42300,20500,28200,40000,15000,20000,12000,8500,3100
2769,280,20260801,True,188100,45800,24400,19400,39900,15000,20000,12000,8500,3100
2770,280,20260701,True,184600,42000,23500,20900,39800,14900,19900,12000,8500,3100
2771,280,20260601,True,183300,39900,23500,21800,39800,14900,19900,11900,8500,3100
2772,280,20260501,True,192500,45000,21000,28600,39700,14900,19800,11900,8500,3100
2773,280,20260401,True,193800,45300,22700,28200,39600,14800,19800,11900,8400,3100
2774,280,20260301,True,193500,43100,24500,28400,39500,14800,19800,11900,8400,3100
2775,280,20260201,True,208300,47500,23100,40500,39400,14800,19700,11800,8400,3100
2776,280,20260101,True,200000,43400,22900,36500,39400,14800,19700,11800,8400,3100
2777,280,20251201,True,202100,42100,22500,40600,39300,14700,19600,11800,8400,3100
2778,280,20251101,True,199600,48800,24500,29500,39200,14700,19600,11800,8400,3100
2779,280,20251001,True,188300,40700,22500,28600,39100,14700,19600,11700,8300,3100
2780,280,20250901,True,182900,39000,21200,26500,39000,14600,19500,11700,8300,3100
2781,280,20250801,True,182400,45200,22700,18300,39000,14600,19500,11700,8300,3100
2782,280,20250701,True,176500,39100,21800,19600,38900,14600,19400,11700,8300,3100
2783,280,20250601,True,180600,42600,23400,18800,38800,14600,19400,11600,8300,3100
2784,280,20250501,True,186500,42600,22000,26400,38700,14500,19400,11600,8300,3000
2785,280,20250401,True,189800,42300,24200,28100,38600,14500,19300,11600,8200,3000
2786,280,20250301,True,186900,41600,23200,26900,38600,14500,19300,11600,8200,3000
2787,280,20250201,True,198700,42500,22500,38900,38500,14400,19200,11500,8200,3000
2788,280,20250101,True,200000,43500,22500,39300,38400,14400,19200,11500,8200,3000
2789,280,20241201,True,199200,42800,22700,39100,38300,14400,19200,11500,8200,3000
2790,280,20241101,False,190400,44900,22100,29100,38200,14300,19100,11500,8200,3000
2791,280,20241001,True,185600,41100,23900,26500,38200,14300,19100,11400,8100,3000
2792,280,20240901,True,185900,42500,21900,27600,38100,14300,19000,11400,8100,3000
2793,280,20240801,True,181200,44200,23500,19800,38000,14200,19000,11400,8100,3000
2794,280,20240701,True,179300,45200,22100,18400,37900,14200,19000,11400,8100,3000
2795,280,20240601,True,178500,44900,20900,19300,37800,14200,18900,11400,8100,3000
2796,280,20240501,True,185200,43500,22400,26000,37800,14200,18900,11300,8100,3000
2797,280,20240401,True,186000,44600,23000,25500,37700,14100,18800,11300,8000,3000
2798,280,20240301,True,186900,45600,21200,27300,37600,14100,18800,11300,8000,3000
2799,280,20240201,True,196000,43100,22500,37700,37500,14100,18800,11300,8000,3000
2800,280,20240101,True,195900,40500,25300,37900,37400,14000,18700,11200,8000,2900
2801,280,20231201,True,197900,43400,23200,39100,37400,14000,18700,11200,8000,2900
2802,280,20231101,True,188400,43800,23600,29000,37300,14000,18600,11200,8000,2900
2803,280,20231001,True,183900,43700,22200,26300,37200,13900,18600,11200,7900,2900
2804,280,20230901,True,185900,41900,24400,28100,37100,13900,18600,11100,7900,2900
2805,280,20230801,True,180300,42700,25100,21200,37000,13900,18500,11100,7900,2900
2806,280,20230701,True,179400,48500,20000,19600,37000,13900,18500,11100,7900,2900
2807,280,20230601,True,174000,40600,22600,19800,36900,13800,18400,11100,7900,2900
2808,281,20260901,True,168000,29000,17700,21500,40000,15000,20000,12000,7300,5500
2809,281,20260801,True,163500,32600,17200,14000,39900,15000,20000,12000,7300,5500
2810,281,20260701,True,160400,28800,16600,15600,39800,14900,19900,12000,7300,5500
2811,281,20260601,True,158500,28700,16000,14500,39800,14900,19900,11900,7300,5500
2812,281,20260501,True,167900,29600,17300,21900,39700,14900,19800,11900,7300,5500
2813,281,20260401,True,164500,28600,17700,19400,39600,14800,19800,11900,7200,5500
2814,281,20260301,True,170600,35100,16000,20800,39500,14800,19800,11900,7200,5500
2815,281,20260201,True,179600,30500,18700,32100,39400,14800,19700,11800,7200,5400
2816,282,20260901,True,180100,38500,19200,22500,40000,15000,20000,12000,9800,3100
2817,283,20260901,True,178800,36400,17600,20700,40000,15000,20000,12000,11100,6000
2818,283,20260801,True,171500,37200,17800,12500,39900,15000,20000,12000,11100,6000
2819,283,20260701,True,173800,36400,18000,15800,39800,14900,19900,12000,11000,6000
2820,283,20260601,True,175300,37600,16700,17500,39800,14900,19900,11900,11000,6000
2821,283,20260501,True,178600,32200,20600,22500,39700,14900,19800,11900,11000,6000
2822,283,20260401,True,178300,33600,18700,22900,39600,14800,19800,11900,11000,6000
2823,283,20260301,True,175000,32200,18200,21700,39500,14800,19800,11900,11000,5900
2824,284,20260901,True,156400,29400,14200,15600,40000,15000,20000,12000,6200,4000
2825,284,20260801,True,151400,29900,12600,11900,39900,15000,20000,12000,6100,4000
2826,284,20260701,True,144200,23800,12300,11400,39800,14900,19900,12000,6100,4000
2827,284,20260601,True,152700,29300,16700,10100,39800,14900,19900,11900,6100,4000
2828,284,20260501,True,157600,32000,11400,17800,39700,14900,19800,11900,6100,4000
2829,284,20260401,True,159600,29700,14300,19400,39600,14800,19800,11900,6100,4000
2830,284,20260301,True,157100,27100,15800,18200,39500,14800,19800,11900,6100,3900
2831,284,20260201,False,163300,26600,16300,24700,39400,14800,19700,11800,6100,3900
2832,285,20260901,True,187700,42200,18400,27200,40000,15000,20000,12000,9800,3100
2833,285,20260801,True,175700,38000,20800,17100,39900,15000,20000,12000,9800,3100
2834,285,20260701,False,173400,35700,19900,18300,39800,14900,19900,12000,9800,3100
2835,285,20260601,True,174500,39000,20100,16000,39800,14900,19900,11900,9800,3100
2836,285,20260501,True,177300,36300,19400,22400,39700,14900,19800,11900,9800,3100
2837,285,20260401,True,178600,34800,19300,25600,39600,14800,19800,11900,9700,3100
2838,285,20260301,True,183700,41300,19300,24300,39500,14800,19800,11900,9700,3100
2839,285,20260201,True,192600,38600,21000,34500,39400,14800,19700,11800,9700,3100
2840,285,20260101,True,192700,39700,21500,33000,39400,14800,19700,11800,9700,3100
2841,285,20251201,True,188900,37100,16800,36800,39300,14700,19600,11800,9700,3100
2842,285,20251101,True,177100,36400,17800,24900,39200,14700,19600,11800,9600,3100
2843,285,20251001,True,178900,36900,20900,23300,39100,14700,19600,11700,9600,3100
2844,285,20250901,True,180800,38800,18500,26000,39000,14600,19500,11700,9600,3100
2845,285,20250801,True,175400,41600,17900,18500,39000,14600,19500,11700,9600,3000
2846,285,20250701,True,169800,38200,21600,12800,38900,14600,19400,11700,9600,3000
2847,286,20260901,True,186100,40700,20900,25900,40000,15000,20000,12000,8500,3100
2848,286,20260801,True,178200,38300,21900,19500,39900,15000,20000,12000,8500,3100
2849,286,20260701,True,176500,41200,20300,16800,39800,14900,19900,12000,8500,3100
2850,287,20260901,True,206800,50600,25500,30500,40000,15000,20000,12000,7300,5900
2851,287,20260801,True,200200,47100,29100,23900,39900,15000,20000,12000,7300,5900
2852,287,20260701,True,199000,51300,25700,22200,39800,14900,19900,12000,7300,5900
2853,287,20260601,True,192500,47300,25200,20300,39800,14900,19900,11900,7300,5900
2854,287,20260501,True,209500,51900,26100,32000,39700,14900,19800,11900,7300,5900
2855,287,20260401,True,206500,48200,26200,32900,39600,14800,19800,11900,7200,5900
2856,287,20260301,True,206100,50700,25900,30400,39500,14800,19800,11900,7200,5900
2857,287,20260201,True,214200,46900,25600,42900,39400,14800,19700,11800,7200,5900
2858,287,20260101,True,218200,50300,26600,42500,39400,14800,19700,11800,7200,5900
2859,287,20251201,False,217100,48700,24600,45400,39300,14700,19600,11800,7200,5800
2860,287,20251101,True,208600,52100,27300,30900,39200,14700,19600,11800,7200,5800
2861,287,20251001,True,201800,47600,25800,30300,39100,14700,19600,11700,7200,5800
2862,287,20250901,True,204200,49300,25300,31900,39000,14600,19500,11700,7100,5800
2863,288,20260901,True,157600,27900,12000,16800,40000,15000,20000,12000,10900,3000
2864,289,20260901,True,175700,35800,18500,24200,40000,15000,20000,12000,6200,4000
2865,289,20260801,True,167000,37300,17400,15300,39900,15000,20000,12000,6100,4000
2866,289,20260701,True,168500,34200,19000,18600,39800,14900,19900,12000,6100,4000
2867,289,20260601,True,169600,35300,20500,17200,39800,14900,19900,11900,6100,4000
2868,289,20260501,True,176300,36700,19500,23700,39700,14900,19800,11900,6100,4000
2869,289,20260401,True,182600,40400,21200,24800,39600,14800,19800,11900,6100,4000
2870,289,20260301,True,183200,37500,21000,28700,39500,14800,19800,11900,6100,3900
2871,289,20260201,True,182800,35700,19600,31800,39400,14800,19700,11800,6100,3900
2872,289,20260101,True,194000,40700,21800,35800,39400,14800,19700,11800,6100,3900
2873,289,20251201,True,186800,38800,19800,32900,39300,14700,19600,11800,6000,3900
2874,289,20251101,True,176600,38000,19700,23700,39200,14700,19600,11800,6000,3900
2875,289,20251001,True,179200,38200,20500,25500,39100,14700,19600,11700,6000,3900
2876,289,20250901,True,173800,36000,20300,22800,39000,14600,19500,11700,6000,3900
2877,289,20250801,True,168700,38700,21100,14200,39000,14600,19500,11700,6000,3900
2878,289,20250701,True,168600,37800,18300,18000,38900,14600,19400,11700,6000,3900
2879,289,20250601,True,173100,40200,18700,19900,38800,14600,19400,11600,6000,3900
2880,289,20250501,True,178000,36900,18900,28100,38700,14500,19400,11600,6000,3900
2881,289,20250401,True,175100,39000,20400,21900,38600,14500,19300,11600,5900,3900
2882,289,20250301,False,175700,35900,21800,24200,38600,14500,19300,11600,5900,3900
2883,289,20250201,True,186400,36400,20400,36300,38500,14400,19200,11500,5900,3800
2884,289,20250101,True,178300,33200,19600,32300,38400,14400,19200,11500,5900,3800
2885,289,20241201,False,182200,36000,20200,32900,38300,14400,19200,11500,5900,3800
2886,289,20241101,True,172500,34700,20100,24900,38200,14300,19100,11500,5900,3800
2887,289,20241001,True,175700,34800,21000,27200,38200,14300,19100,11400,5900,3800
2888,289,20240901,True,170500,37900,15900,24200,38100,14300,19000,11400,5900,3800
2889,289,20240801,True,165000,36600,19500,16600,38000,14200,19000,11400,5900,3800
2890,289,20240701,False,170200,40600,21400,16100,37900,14200,19000,11400,5800,3800
2891,289,20240601,True,165100,35600,20000,17600,37800,14200,18900,11400,5800,3800
2892,289,20240501,True,168500,35000,18400,23300,37800,14200,18900,11300,5800,3800
2893,289,20240401,True,173100,39800,19300,22500,37700,14100,18800,11300,5800,3800
2894,289,20240301,True,169300,34200,20900,22800,37600,14100,18800,11300,5800,3800
2895,289,20240201,True,182800,39100,18200,34300,37500,14100,18800,11300,5800,3700
2896,289,20240101,True,174800,33300,18800,31900,37400,14000,18700,11200,5800,3700
2897,290,20260901,True,205400,49300,25400,30800,40000,15000,20000,12000,9800,3100
2898,290,20260801,True,194500,48400,26100,20200,39900,15000,20000,12000,9800,3100
2899,290,20260701,True,193900,46500,24600,23300,39800,14900,19900,12000,9800,3100
2900,290,20260601,True,200400,51200,25200,24600,39800,14900,19900,11900,9800,3100
2901,290,20260501,True,207500,51100,24800,32400,39700,14900,19800,11900,9800,3100
2902,290,20260401,True,201600,43800,28200,30700,39600,14800,19800,11900,9700,3100
2903,290,20260301,True,210300,52300,27200,32000,39500,14800,19800,11900,9700,3100
2904,290,20260201,True,213300,46900,26200,41700,39400,14800,19700,11800,9700,3100
2905,290,20260101,True,215400,45700,26500,44700,39400,14800,19700,11800,9700,3100
2906,291,20260901,True,172700,32300,16600,21200,40000,15000,20000,12000,9900,5700
2907,291,20260801,True,164000,31100,16500,13900,39900,15000,20000,12000,9900,5700
2908,291,20260701,True,163700,30400,14600,16500,39800,14900,19900,12000,9900,5700
2909,291,20260601,True,165100,31500,16200,15400,39800,14900,19900,11900,9800,5700
2910,291,20260501,True,176400,35600,17600,21400,39700,14900,19800,11900,9800,5700
2911,292,20260901,False,200000,44800,24100,28500,40000,15000,20000,12000,9900,5700
2912,292,20260801,True,186000,41800,23200,18500,39900,15000,20000,12000,9900,5700
2913,292,20260701,True,190500,42900,24500,20900,39800,14900,19900,12000,9900,5700
2914,292,20260601,True,193500,46300,25200,20000,39800,14900,19900,11900,9800,5700
2915,292,20260501,False,203700,48800,24800,28300,39700,14900,19800,11900,9800,5700
2916,293,20260901,True,187700,38700,22200,23400,40000,15000,20000,12000,11700,4700
2917,293,20260801,True,176000,34300,19100,19300,39900,15000,20000,12000,11700,4700
2918,293,20260701,True,175600,37500,19900,15200,39800,14900,19900,12000,11700,4700
2919,293,20260601,True,176000,37000,18100,18000,39800,14900,19900,11900,11700,4700
2920,293,20260501,True,187900,39600,20900,24900,39700,14900,19800,11900,11600,4600
2921,293,20260401,True,177500,34600,19100,21500,39600,14800,19800,11900,11600,4600
2922,293,20260301,True,180400,32600,19900,25700,39500,14800,19800,11900,11600,4600
2923,293,20260201,True,192900,37100,19100,34800,39400,14800,19700,11800,11600,4600
2924,293,20260101,True,184500,32200,19800,30600,39400,14800,19700,11800,11600,4600
2925,293,20251201,True,191900,35800,20600,34000,39300,14700,19600,11800,11500,4600
2926,293,20251101,True,179900,36100,20800,21600,39200,14700,19600,11800,11500,4600
2927,293,20251001,True,178400,35600,20000,21600,39100,14700,19600,11700,11500,4600
2928,293,20250901,True,178300,34400,20200,22800,39000,14600,19500,11700,11500,4600
2929,293,20250801,True,176800,40700,18200,17100,39000,14600,19500,11700,11400,4600
2930,293,20250701,True,172200,35400,19600,16600,38900,14600,19400,11700,11400,4600
2931,293,20250601,True,167800,35200,18300,14000,38800,14600,19400,11600,11400,4500
2932,293,20250501,True,177200,33500,16300,27300,38700,14500,19400,11600,11400,4500
2933,294,20260901,True,171400,33800,17000,18000,40000,15000,20000,12000,9900,5700
2934,294,20260801,True,161300,29700,15500,13600,39900,15000,20000,12000,9900,5700
2935,294,20260701,True,153900,25000,13400,13300,39800,14900,19900,12000,9900,5700
2936,294,20260601,True,158700,28100,15900,12700,39800,14900,19900,11900,9800,5700
2937,294,20260501,True,169900,32000,15400,20700,39700,14900,19800,11900,9800,5700
2938,294,20260401,True,168400,30300,16600,19900,39600,14800,19800,11900,9800,5700
2939,294,20260301,True,167400,31000,15200,19700,39500,14800,19800,11900,9800,5700
2940,294,20260201,True,176400,31800,15300,28200,39400,14800,19700,11800,9800,5600
2941,295,20260901,True,184400,35000,20100,25900,40000,15000,20000,12000,11700,4700
2942,296,20260901,True,163200,28300,13000,17800,40000,15000,20000,12000,11100,6000
2943,296,20260801,True,155400,28000,12900,10500,39900,15000,20000,12000,11100,6000
2944,296,20260701,True,156800,25800,13800,13600,39800,14900,19900,12000,11000,6000
2945,296,20260601,True,149500,23800,13000,9200,39800,14900,19900,11900,11000,6000
2946,296,20260501,True,158000,27900,12000,14800,39700,14900,19800,11900,11000,6000
2947,296,20260401,True,159600,23300,14100,19100,39600,14800,19800,11900,11000,6000
2948,296,20260301,True,157000,27900,12400,13800,39500,14800,19800,11900,11000,5900
2949,296,20260201,True,169300,30100,11500,25200,39400,14800,19700,11800,10900,5900
2950,296,20260101,False,163400,24700,13200,23000,39400,14800,19700,11800,10900,5900
2951,296,20251201,True,165200,25200,12500,25300,39300,14700,19600,11800,10900,5900
2952,296,20251101,True,158800,23600,12500,20600,39200,14700,19600,11800,10900,5900
2953,296,20251001,True,159200,26000,14100,17300,39100,14700,19600,11700,10800,5900
2954,297,20260901,True,158300,26900,14600,16600,40000,15000,20000,12000,7300,5900
2955,298,20260901,True,151700,24200,11300,16300,40000,15000,20000,12000,9800,3100
2956,299,20260901,True,140900,19600,8000,14500,40000,15000,20000,12000,7700,4100
2957,299,20260801,True,141600,19200,10900,12900,39900,15000,20000,12000,7600,4100
2958,299,20260701,True,138700,20800,10500,9100,39800,14900,19900,12000,7600,4100
2959,299,20260601,True,142100,22200,11700,10000,39800,14900,19900,11900,7600,4100
2960,299,20260501,True,143800,23500,12200,10100,39700,14900,19800,11900,7600,4100
2961,299,20260401,True,139300,19700,11900,9900,39600,14800,19800,11900,7600,4100
2962,299,20260301,True,141200,18900,10100,14500,39500,14800,19800,11900,7600,4100
2963,299,20260201,True,142800,15900,11500,18100,39400,14800,19700,11800,7500,4100
2964,299,20260101,True,144700,20300,9100,18000,39400,14800,19700,11800,7500,4100
2965,299,20251201,True,153700,22500,12100,22200,39300,14700,19600,11800,7500,4000
2966,299,20251101,True,144000,22400,10600,14200,39200,14700,19600,11800,7500,4000
2967,299,20251001,True,141800,22000,9500,13700,39100,14700,19600,11700,7500,4000
2968,299,20250901,True,141500,21700,9000,14500,39000,14600,19500,11700,7500,4000
2969,299,20250801,True,134300,22100,9600,6300,39000,14600,19500,11700,7500,4000
2970,299,20250701,True,136300,19700,12300,8300,38900,14600,19400,11700,7400,4000
2971,299,20250601,True,134600,17900,10700,10200,38800,14600,19400,11600,7400,4000
2972,299,20250501,True,139500,20400,11600,11900,38700,14500,19400,11600,7400,4000
2973,299,20250401,True,140400,24700,8900,11400,38600,14500,19300,11600,7400,4000
2974,299,20250301,False,139500,18400,11300,14400,38600,14500,19300,11600,7400,4000
2975,299,20250201,True,139700,14200,10300,20200,38500,14400,19200,11500,7400,4000
2976,299,20250101,True,146700,23700,10600,17600,38400,14400,19200,11500,7300,4000
2977,299,20241201,True,143700,20500,9100,19500,38300,14400,19200,11500,7300,3900
2978,299,20241101,True,140700,23500,11800,11100,38200,14300,19100,11500,7300,3900
2979,299,20241001,True,134500,15900,10100,14300,38200,14300,19100,11400,7300,3900
2980,299,20240901,True,136500,19600,10300,12600,38100,14300,19000,11400,7300,3900
2981,299,20240801,True,137100,22700,10900,9700,38000,14200,19000,11400,7300,3900
2982,299,20240701,True,131100,14600,12800,10000,37900,14200,19000,11400,7300,3900
2983,299,20240601,True,128200,17500,9700,7600,37800,14200,18900,11400,7200,3900
2984,299,20240501,True,141500,22500,12000,13700,37800,14200,18900,11300,7200,3900
2985,299,20240401,False,137400,20100,9500,14800,37700,14100,18800,11300,7200,3900
2986,299,20240301,False,137400,20200,9000,15300,37600,14100,18800,11300,7200,3900
2987,299,20240201,True,148100,23600,12400,19300,37500,14100,18800,11300,7200,3900
2988,299,20240101,False,142800,21000,10200,19200,37400,14000,18700,11200,7200,3900
2989,299,20231201,True,142500,21800,10100,18400,37400,14000,18700,11200,7100,3800
2990,299,20231101,True,141700,19300,12700,17700,37300,14000,18600,11200,7100,3800
2991,299,20231001,True,135300,19300,9100,15100,37200,13900,18600,11200,7100,3800
2992,299,20230901,True,139800,21100,13500,13600,37100,13900,18600,11100,7100,3800
2993,300,20260901,True,184000,36400,18600,24700,40000,15000,20000,12000,10800,6500
2994,300,20260801,True,174700,38200,18100,14200,39900,15000,20000,12000,10800,6500
2995,300,20260701,True,181000,40300,20400,16400,39800,14900,19900,12000,10800,6500
2996,300,20260601,True,179100,39600,18100,17600,39800,14900,19900,11900,10800,6500
2997,300,20260501,True,188700,40600,20100,24600,39700,14900,19800,11900,10700,6400
2998,300,20260401,True,182100,35400,18200,25300,39600,14800,19800,11900,10700,6400
2999,301,20260901,True,174900,31300,18300,21900,40000,15000,20000,12000,11700,4700
3000,302,20260901,False,154300,26300,13900,16900,40000,15000,20000,12000,6200,4000
3001,302,20260801,True,146900,25900,13900,10100,39900,15000,20000,12000,6100,4000
3002,302,20260701,True,143600,23700,12800,10400,39800,14900,19900,12000,6100,4000
3003,302,20260601,True,150800,29500,13300,11400,39800,14900,19900,11900,6100,4000
3004,302,20260501,True,151200,23400,13400,18000,39700,14900,19800,11900,6100,4000
3005,302,20260401,False,154000,27900,12900,17000,39600,14800,19800,11900,6100,4000
3006,302,20260301,False,147200,23200,12400,15600,39500,14800,19800,11900,6100,3900
3007,302,20260201,True,158700,25600,14900,22500,39400,14800,19700,11800,6100,3900
3008,302,20260101,True,156700,25400,14600,21000,39400,14800,19700,11800,6100,3900
3009,302,20251201,True,156500,25300,12400,23500,39300,14700,19600,11800,6000,3900
3010,302,20251101,True,153500,27400,14600,16300,39200,14700,19600,11800,6000,3900
3011,302,20251001,True,151500,24900,14100,17500,39100,14700,19600,11700,6000,3900
3012,302,20250901,True,150000,22600,15200,17500,39000,14600,19500,11700,6000,3900
3013,302,20250801,True,148500,25500,15700,12600,39000,14600,19500,11700,6000,3900
3014,302,20250701,True,141000,26000,11400,9100,38900,14600,19400,11700,6000,3900
3015,302,20250601,True,142400,23100,13600,11400,38800,14600,19400,11600,6000,3900
3016,302,20250501,True,147800,27100,11700,14900,38700,14500,19400,11600,6000,3900
3017,302,20250401,True,148300,22200,13500,18800,38600,14500,19300,11600,5900,3900
3018,302,20250301,True,155800,30100,12900,19000,38600,14500,19300,11600,5900,3900
3019,302,20250201,True,153500,22000,13700,24500,38500,14400,19200,11500,5900,3800
3020,302,20250101,True,154000,23200,13600,24000,38400,14400,19200,11500,5900,3800
3021,302,20241201,True,153700,23900,12200,24500,38300,14400,19200,11500,5900,3800
3022,302,20241101,True,143800,23900,12800,14300,38200,14300,19100,11500,5900,3800
3023,302,20241001,True,145100,23600,11500,17300,38200,14300,19100,11400,5900,3800
3024,302,20240901,True,145500,23700,13400,15900,38100,14300,19000,11400,5900,3800
3025,302,20240801,True,143100,25500,13700,11600,38000,14200,19000,11400,5900,3800
3026,302,20240701,True,142700,24900,14200,11500,37900,14200,19000,11400,5800,3800
3027,302,20240601,True,141200,26100,11300,11900,37800,14200,18900,11400,5800,3800
3028,302,20240501,True,148900,27800,12300,17000,37800,14200,18900,11300,5800,3800
3029,302,20240401,True,148800,25100,14000,18200,37700,14100,18800,11300,5800,3800
3030,302,20240301,True,146800,23200,14000,18200,37600,14100,18800,11300,5800,3800
3031,302,20240201,True,158000,29800,13100,23900,37500,14100,18800,11300,5800,3700
3032,302,20240101,True,147700,21400,14200,21300,37400,14000,18700,11200,5800,3700
3033,302,20231201,True,155400,27200,16400,21000,37400,14000,18700,11200,5800,3700
3034,302,20231101,True,145200,24700,13100,16900,37300,14000,18600,11200,5700,3700
3035,302,20231001,True,144900,24600,14100,15900,37200,13900,18600,11200,5700,3700
3036,302,20230901,True,145100,21100,14400,19500,37100,13900,18600,11100,5700,3700
3037,302,20230801,True,139600,25200,10900,13600,37000,13900,18500,11100,5700,3700
3038,302,20230701,True,147300,31600,11200,14600,37000,13900,18500,11100,5700,3700
3039,302,20230601,True,147200,29000,16200,12400,36900,13800,18400,11100,5700,3700
3040,302,20230501,True,151000,30000,12700,18900,36800,13800,18400,11000,5700,3700
3041,302,20230401,True,147600,25700,13100,19500,36700,13800,18400,11000,5700,3700
3042,303,20260901,True,177000,32800,21200,25900,40000,15000,20000,12000,6600,3500
3043,304,20260901,True,174900,35200,19000,22100,40000,15000,20000,12000,8500,3100
3044,304,20260801,True,168500,33200,21600,15200,39900,15000,20000,12000,8500,3100
3045,304,20260701,True,167600,35200,18700,15500,39800,14900,19900,12000,8500,3100
3046,304,20260601,True,167800,38200,17800,13700,39800,14900,19900,11900,8500,3100
3047,304,20260501,True,176100,35900,19600,22700,39700,14900,19800,11900,8500,3100
3048,304,20260401,True,172100,34700,18200,21600,39600,14800,19800,11900,8400,3100
3049,304,20260301,True,170000,30500,17500,24500,39500,14800,19800,11900,8400,3100
3050,304,20260201,True,185600,37500,18400,32500,39400,14800,19700,11800,8400,3100
3051,304,20260101,True,178800,31700,18500,31400,39400,14800,19700,11800,8400,3100
3052,304,20251201,True,185700,34600,21000,33200,39300,14700,19600,11800,8400,3100
3053,304,20251101,True,175100,36100,19800,22400,39200,14700,19600,11800,8400,3100
3054,304,20251001,True,177200,38000,18300,24400,39100,14700,19600,11700,8300,3100
3055,304,20250901,True,176100,38800,20000,21100,39000,14600,19500,11700,8300,3100
3056,304,20250801,True,169800,39500,19400,14700,39000,14600,19500,11700,8300,3100
3057,304,20250701,True,167300,37300,17600,16400,38900,14600,19400,11700,8300,3100
3058,304,20250601,True,168900,38200,19000,15900,38800,14600,19400,11600,8300,3100
3059,304,20250501,False,176100,37500,18600,24500,38700,14500,19400,11600,8300,3000
3060,304,20250401,True,168600,32400,18400,22600,38600,14500,19300,11600,8200,3000
3061,304,20250301,True,177700,39800,18100,24600,38600,14500,19300,11600,8200,3000
3062,304,20250201,True,181100,36100,17200,33000,38500,14400,19200,11500,8200,3000
3063,304,20250101,True,181200,36800,18600,31100,38400,14400,19200,11500,8200,3000
3064,304,20241201,True,182700,34100,20600,33400,38300,14400,19200,11500,8200,3000
3065,304,20241101,True,174700,37500,19800,23100,38200,14300,19100,11500,8200,3000
3066,304,20241001,True,172300,36900,19600,21700,38200,14300,19100,11400,8100,3000
3067,304,20240901,True,172400,37000,17900,23600,38100,14300,19000,11400,8100,3000
3068,304,20240801,True,166800,36800,17700,18600,38000,14200,19000,11400,8100,3000
3069,305,20260901,True,178200,37000,17600,24800,40000,15000,20000,12000,7700,4100
3070,305,20260801,True,169200,36800,19000,14800,39900,15000,20000,12000,7600,4100
3071,305,20260701,True,167800,36700,17500,15300,39800,14900,19900,12000,7600,4100
3072,305,20260601,True,172300,36700,19400,18000,39800,14900,19900,11900,7600,4100
3073,305,20260501,True,176000,34800,19700,23500,39700,14900,19800,11900,7600,4100
3074,305,20260401,True,171000,32300,17700,23200,39600,14800,19800,11900,7600,4100
3075,305,20260301,True,169300,30500,17100,24000,39500,14800,19800,11900,7600,4100
3076,305,20260201,True,180600,33900,18400,31000,39400,14800,19700,11800,7500,4100
3077,305,20260101,True,189400,36600,19300,36200,39400,14800,19700,11800,7500,4100
3078,305,20251201,True,184900,34600,20900,32500,39300,14700,19600,11800,7500,4000
3079,305,20251101,True,175500,34000,19200,25500,39200,14700,19600,11800,7500,4000
3080,305,20251001,True,178600,39700,19000,23300,39100,14700,19600,11700,7500,4000
3081,305,20250901,True,174700,36800,17700,23900,39000,14600,19500,11700,7500,4000
3082,305,20250801,True,175300,39600,19100,20300,39000,14600,19500,11700,7500,4000
3083,305,20250701,True,174700,39500,20600,18600,38900,14600,19400,11700,7400,4000
3084,305,20250601,True,161800,32900,19500,13600,38800,14600,19400,11600,7400,4000
3085,305,20250501,True,174000,36200,18800,23400,38700,14500,19400,11600,7400,4000
3086,305,20250401,True,176800,36600,19200,25600,38600,14500,19300,11600,7400,4000
3087,305,20250301,True,173000,34500,18500,24600,38600,14500,19300,11600,7400,4000
3088,305,20250201,True,183500,37300,19600,31600,38500,14400,19200,11500,7400,4000
3089,306,20260901,True,169000,29600,17900,22700,40000,15000,20000,12000,8000,3800
3090,306,20260801,True,159900,32000,14500,14700,39900,15000,20000,12000,8000,3800
3091,306,20260701,True,161700,33900,16700,12700,39800,14900,19900,12000,8000,3800
3092,306,20260601,True,161600,33200,14100,16000,39800,14900,19900,11900,8000,3800
3093,306,20260501,True,167900,31200,16300,22400,39700,14900,19800,11900,8000,3700
3094,306,20260401,True,165600,32200,14800,20800,39600,14800,19800,11900,8000,3700
3095,306,20260301,True,170700,33300,17800,22000,39500,14800,19800,11900,7900,3700
3096,306,20260201,True,179200,38200,14700,29000,39400,14800,19700,11800,7900,3700
3097,306,20260101,True,179400,33600,18100,30400,39400,14800,19700,11800,7900,3700
3098,306,20251201,True,172300,28400,17000,29900,39300,14700,19600,11800,7900,3700
3099,306,20251101,True,167900,32500,17400,21100,39200,14700,19600,11800,7900,3700
3100,306,20251001,True,166700,31800,16600,21600,39100,14700,19600,11700,7900,3700
3101,306,20250901,True,167000,31900,16900,21900,39000,14600,19500,11700,7800,3700
3102,306,20250801,True,161700,33100,16700,15600,39000,14600,19500,11700,7800,3700
3103,306,20250701,True,158700,31500,15500,15600,38900,14600,19400,11700,7800,3700
3104,306,20250601,True,158600,32300,15400,15000,38800,14600,19400,11600,7800,3700
3105,306,20250501,True,169400,34500,17500,21700,38700,14500,19400,11600,7800,3700
3106,306,20250401,True,159300,26900,15800,21200,38600,14500,19300,11600,7800,3600
3107,306,20250301,False,163000,32100,15700,19800,38600,14500,19300,11600,7800,3600
3108,306,20250201,True,171500,30000,15100,31500,38500,14400,19200,11500,7700,3600
3109,306,20250101,True,173500,34200,16400,28100,38400,14400,19200,11500,7700,3600
3110,306,20241201,True,169100,30100,17100,27200,38300,14400,19200,11500,7700,3600
3111,307,20260901,True,151600,20000,13500,14300,40000,15000,20000,12000,10400,6400
3112,307,20260801,True,151900,23800,11600,12800,39900,15000,20000,12000,10400,6400
3113,307,20260701,True,156400,26200,14000,12800,39800,14900,19900,12000,10400,6400
3114,308,20260901,True,182600,35800,19400,23100,40000,15000,20000,12000,10800,6500
3115,308,20260801,True,174300,35300,19700,15100,39900,15000,20000,12000,10800,6500
3116,308,20260701,True,160400,28300,15900,12300,39800,14900,19900,12000,10800,6500
3117,308,20260601,True,175300,39400,17000,15100,39800,14900,19900,11900,10800,6500
3118,308,20260501,True,176300,35300,16300,21300,39700,14900,19800,11900,10700,6400
3119,308,20260401,True,175400,30800,16400,25000,39600,14800,19800,11900,10700,6400
3120,308,20260301,True,169800,29700,17500,19500,39500,14800,19800,11900,10700,6400
3121,308,20260201,True,181700,32100,16400,30400,39400,14800,19700,11800,10700,6400
3122,308,20260101,True,182900,32500,16900,30700,39400,14800,19700,11800,10700,6400
3123,308,20251201,True,188000,35700,19200,30700,39300,14700,19600,11800,10600,6400
3124,308,20251101,True,170600,32100,15500,20700,39200,14700,19600,11800,10600,6400
3125,308,20251001,True,177600,34800,19200,21600,39100,14700,19600,11700,10600,6300
3126,308,20250901,True,176300,36300,16000,22300,39000,14600,19500,11700,10600,6300
3127,308,20250801,True,166500,33500,15200,16100,39000,14600,19500,11700,10600,6300
3128,308,20250701,True,175800,38400,17000,19000,38900,14600,19400,11700,10500,6300
3129,308,20250601,True,166100,32100,17300,15500,38800,14600,19400,11600,10500,6300
3130,308,20250501,True,177700,38500,18000,20200,38700,14500,19400,11600,10500,6300
3131,308,20250401,True,171100,33700,17000,19600,38600,14500,19300,11600,10500,6300
3132,308,20250301,True,175600,35400,18500,21000,38600,14500,19300,11600,10400,6300
3133,308,20250201,True,184600,34500,18400,31500,38500,14400,19200,11500,10400,6200
3134,308,20250101,True,186500,34300,17800,34300,38400,14400,19200,11500,10400,6200
3135,308,20241201,True,179200,30900,18000,30300,38300,14400,19200,11500,10400,6200
3136,308,20241101,True,171200,33900,15200,22400,38200,14300,19100,11500,10400,6200
3137,308,20241001,True,170100,32400,19100,19100,38200,14300,19100,11400,10300,6200
3138,308,20240901,True,172000,31900,17700,23100,38100,14300,19000,11400,10300,6200
3139,308,20240801,True,168100,35500,15800,17700,38000,14200,19000,11400,10300,6200
3140,308,20240701,True,168600,36500,16000,17100,37900,14200,19000,11400,10300,6200
3141,308,20240601,True,168200,36000,16600,17000,37800,14200,18900,11400,10200,6100
3142,308,20240501,True,178700,38500,17600,24100,37800,14200,18900,11300,10200,6100
3143,308,20240401,True,167000,29300,15900,23600,37700,14100,18800,11300,10200,6100
3144,308,20240301,True,168200,31900,16100,22100,37600,14100,18800,11300,10200,6100
3145,308,20240201,True,180200,32900,18400,30900,37500,14100,18800,11300,10200,6100
3146,308,20240101,True,176600,30000,16700,32400,37400,14000,18700,11200,10100,6100
3147,308,20231201,True,182800,35300,19300,30700,37400,14000,18700,11200,10100,6100
3148,308,20231101,True,170400,34400,18700,20100,37300,14000,18600,11200,10100,6000
3149,308,20231001,True,175500,38200,17700,22600,37200,13900,18600,11200,10100,6000
3150,308,20230901,True,174800,35800,16800,25400,37100,13900,18600,11100,10100,6000
3151,308,20230801,True,160300,31100,16000,16700,37000,13900,18500,11100,10000,6000
3152,308,20230701,True,161700,31300,18000,15900,37000,13900,18500,11100,10000,6000
3153,308,20230601,True,164100,34700,17100,16100,36900,13800,18400,11100,10000,6000
3154,308,20230501,True,173800,37800,19600,20400,36800,13800,18400,11000,10000,6000
3155,308,20230401,True,168800,35300,17800,19900,36700,13800,18400,11000,9900,6000
3156,309,20260901,True,162900,30100,16600,19000,40000,15000,20000,12000,6200,4000
3157,309,20260801,True,159900,31800,17000,14100,39900,15000,20000,12000,6100,4000
3158,309,20260701,True,159900,34800,15700,12700,39800,14900,19900,12000,6100,4000
3159,309,20260601,True,162900,33300,18300,14700,39800,14900,19900,11900,6100,4000
3160,309,20260501,True,166200,32300,15600,21900,39700,14900,19800,11900,6100,4000
3161,309,20260401,True,171800,32900,18400,24300,39600,14800,19800,11900,6100,4000
3162,309,20260301,True,170100,35700,17000,21400,39500,14800,19800,11900,6100,3900
3163,309,20260201,True,175600,32900,17400,29600,39400,14800,19700,11800,6100,3900
3164,309,20260101,True,172400,33300,16100,27300,39400,14800,19700,11800,6100,3900
3165,309,20251201,True,170900,29400,17100,29100,39300,14700,19600,11800,6000,3900
3166,309,20251101,True,161300,31400,15200,19500,39200,14700,19600,11800,6000,3900
3167,309,20251001,True,165600,33100,17100,20400,39100,14700,19600,11700,6000,3900
3168,309,20250901,True,166400,32900,17100,21700,39000,14600,19500,11700,6000,3900
3169,310,20260901,True,168600,31600,15500,20600,40000,15000,20000,12000,10900,3000
3170,310,20260801,True,161400,28500,18600,13600,39900,15000,20000,12000,10800,3000
3171,310,20260701,True,163500,33600,16500,13000,39800,14900,19900,12000,10800,3000
3172,310,20260601,True,163100,29300,18300,15200,39800,14900,19900,11900,10800,3000
3173,310,20260501,True,166300,30000,17300,18900,39700,14900,19800,11900,10800,3000
3174,310,20260401,True,167400,31300,14400,21900,39600,14800,19800,11900,10700,3000
3175,311,20260901,True,202600,46700,21900,31400,40000,15000,20000,12000,9900,5700
3176,311,20260801,True,195200,47700,23700,21300,39900,15000,20000,12000,9900,5700
3177,311,20260701,True,192000,44200,25900,19700,39800,14900,19900,12000,9900,5700
3178,311,20260601,True,190000,41900,24500,21600,39800,14900,19900,11900,9800,5700
3179,312,20260901,True,209500,52300,25900,32500,40000,15000,20000,12000,7700,4100
3180,312,20260801,True,195600,48400,25700,22900,39900,15000,20000,12000,7600,4100
3181,312,20260701,True,194800,50400,24400,21700,39800,14900,19900,12000,7600,4100
3182,313,20260901,True,144700,20400,11200,12200,40000,15000,20000,12000,10900,3000
3183,313,20260801,True,148600,26500,12400,9000,39900,15000,20000,12000,10800,3000
3184,313,20260701,True,144100,19000,12000,12700,39800,14900,19900,12000,10800,3000
3185,313,20260601,True,143000,21600,11200,9900,39800,14900,19900,11900,10800,3000
3186,313,20260501,True,147200,19900,12100,15100,39700,14900,19800,11900,10800,3000
3187,313,20260401,True,149900,23900,11500,14700,39600,14800,19800,11900,10700,3000
3188,313,20260301,True,151900,25300,10900,16000,39500,14800,19800,11900,10700,3000
3189,313,20260201,True,155000,21300,12400,21900,39400,14800,19700,11800,10700,3000
3190,313,20260101,True,157300,21900,14400,21600,39400,14800,19700,11800,10700,3000
3191,313,20251201,True,160900,26000,10300,25500,39300,14700,19600,11800,10700,3000
3192,313,20251101,True,149800,23900,12700,14300,39200,14700,19600,11800,10600,3000
3193,313,20251001,True,161600,35600,12100,15200,39100,14700,19600,11700,10600,3000
3194,313,20250901,True,150000,25600,11300,14700,39000,14600,19500,11700,10600,3000
3195,313,20250801,True,136200,21400,8600,7800,39000,14600,19500,11700,10600,3000
3196,313,20250701,False,146100,24800,12500,10700,38900,14600,19400,11700,10600,2900
3197,313,20250601,True,142800,24100,12300,8600,38800,14600,19400,11600,10500,2900
3198,313,20250501,True,143000,18300,11100,16000,38700,14500,19400,11600,10500,2900
3199,314,20260901,True,190000,42600,19100,24900,40000,15000,20000,12000,11700,4700
3200,314,20260801,True,181000,36200,21100,20400,39900,15000,20000,12000,11700,4700
3201,314,20260701,True,183200,39100,21600,19500,39800,14900,19900,12000,11700,4700
3202,314,20260601,False,183800,41900,21800,17200,39800,14900,19900,11900,11700,4700
3203,314,20260501,True,182200,34000,20800,24900,39700,14900,19800,11900,11600,4600
3204,314,20260401,True,186600,37700,21600,25000,39600,14800,19800,11900,11600,4600
3205,314,20260301,True,189000,42000,21300,23500,39500,14800,19800,11900,11600,4600
3206,314,20260201,True,190700,31600,19900,37300,39400,14800,19700,11800,11600,4600
3207,314,20260101,True,199200,40400,21500,35400,39400,14800,19700,11800,11600,4600
3208,314,20251201,True,197500,39700,21200,35100,39300,14700,19600,11800,11500,4600
3209,314,20251101,True,184200,38400,21000,23400,39200,14700,19600,11800,11500,4600
3210,314,20251001,True,184600,38100,21200,24100,39100,14700,19600,11700,11500,4600
3211,314,20250901,True,189900,40100,20800,28100,39000,14600,19500,11700,11500,4600
3212,314,20250801,True,176000,37200,20200,17800,39000,14600,19500,11700,11400,4600
3213,314,20250701,True,177500,36100,22000,18800,38900,14600,19400,11700,11400,4600
3214,314,20250601,True,177800,40300,19300,17900,38800,14600,19400,11600,11400,4500
3215,314,20250501,True,180600,35000,20500,25000,38700,14500,19400,11600,11400,4500
3216,314,20250401,True,183900,37100,20900,26100,38600,14500,19300,11600,11300,4500
3217,314,20250301,True,180900,38200,17600,25300,38600,14500,19300,11600,11300,4500
3218,315,20260901,True,143000,18200,10800,14200,40000,15000,20000,12000,7300,5500
3219,316,20260901,True,183600,37700,21000,24700,40000,15000,20000,12000,7300,5900
3220,316,20260801,True,179400,39900,21100,18300,39900,15000,20000,12000,7300,5900
3221,316,20260701,True,177700,41100,19900,16900,39800,14900,19900,12000,7300,5900
3222,316,20260601,True,179500,39100,20100,20600,39800,14900,19900,11900,7300,5900
3223,316,20260501,False,190900,41300,22400,27700,39700,14900,19800,11900,7300,5900
3224,316,20260401,True,188100,40000,21400,27500,39600,14800,19800,11900,7200,5900
3225,316,20260301,True,181300,37200,20600,24400,39500,14800,19800,11900,7200,5900
3226,316,20260201,True,196700,40700,20700,36500,39400,14800,19700,11800,7200,5900
3227,316,20260101,True,196100,39700,20800,36800,39400,14800,19700,11800,7200,5900
3228,317,20260901,True,151400,24400,11300,13100,40000,15000,20000,12000,9900,5700
3229,317,20260801,True,142700,17100,12000,11100,39900,15000,20000,12000,9900,5700
3230,317,20260701,True,143800,19600,10700,11300,39800,14900,19900,12000,9900,5700
3231,317,20260601,True,142700,17200,12100,11400,39800,14900,19900,11900,9800,5700
3232,317,20260501,False,146200,22500,8500,13400,39700,14900,19800,11900,9800,5700
3233,317,20260401,True,148900,20000,9400,17900,39600,14800,19800,11900,9800,5700
3234,317,20260301,True,148200,22300,9700,14700,39500,14800,19800,11900,9800,5700
3235,317,20260201,True,150100,20100,11700,17200,39400,14800,19700,11800,9800,5600
3236,317,20260101,True,149400,18700,10800,18900,39400,14800,19700,11800,9700,5600
3237,317,20251201,True,148400,17800,9800,20100,39300,14700,19600,11800,9700,5600
3238,317,20251101,True,149300,22200,12400,14100,39200,14700,19600,11800,9700,5600
3239,317,20251001,True,142800,18200,9900,14300,39100,14700,19600,11700,9700,5600
3240,317,20250901,True,142300,20600,10300,11300,39000,14600,19500,11700,9700,5600
3241,317,20250801,True,142100,23100,9400,9600,39000,14600,19500,11700,9600,5600
3242,317,20250701,True,146400,21100,10700,14800,38900,14600,19400,11700,9600,5600
3243,317,20250601,True,147600,24900,11500,11600,38800,14600,19400,11600,9600,5600
3244,317,20250501,True,143400,21800,8500,13800,38700,14500,19400,11600,9600,5500
3245,318,20260901,True,151800,21300,13800,16500,40000,15000,20000,12000,7300,5900
3246,318,20260801,True,139700,17500,10300,11800,39900,15000,20000,12000,7300,5900
3247,318,20260701,True,147500,26300,11500,9900,39800,14900,19900,12000,7300,5900
3248,318,20260601,True,140500,21400,10100,9300,39800,14900,19900,11900,7300,5900
3249,318,20260501,True,147500,23700,10500,13800,39700,14900,19800,11900,7300,5900
3250,318,20260401,True,147600,22000,10600,15800,39600,14800,19800,11900,7200,5900
3251,318,20260301,False,150200,24100,12100,14900,39500,14800,19800,11900,7200,5900
3252,318,20260201,True,154100,23500,10700,21100,39400,14800,19700,11800,7200,5900
3253,318,20260101,True,154600,22900,12300,20600,39400,14800,19700,11800,7200,5900
3254,319,20260901,True,192700,46500,23500,25500,40000,15000,20000,12000,6200,4000
3255,319,20260801,True,180600,43500,22400,17700,39900,15000,20000,12000,6100,4000
3256,319,20260701,True,184700,42400,25100,20500,39800,14900,19900,12000,6100,4000
3257,319,20260601,True,190900,49000,24000,21300,39800,14900,19900,11900,6100,4000
3258,319,20260501,True,192600,44300,20600,31300,39700,14900,19800,11900,6100,4000
3259,319,20260401,True,192200,44800,23600,27600,39600,14800,19800,11900,6100,4000
3260,319,20260301,True,193800,45700,24400,27700,39500,14800,19800,11900,6100,3900
3261,319,20260201,True,207600,45600,24300,42000,39400,14800,19700,11800,6100,3900
3262,319,20260101,True,205900,45600,23700,40900,39400,14800,19700,11800,6100,3900
3263,319,20251201,True,207800,46300,22200,44000,39300,14700,19600,11800,6000,3900
3264,319,20251101,True,198100,48400,26500,28000,39200,14700,19600,11800,6000,3900
3265,319,20251001,True,192100,45700,23000,28400,39100,14700,19600,11700,6000,3900
3266,319,20250901,True,186800,41300,22300,28500,39000,14600,19500,11700,6000,3900
3267,319,20250801,True,185300,48400,22400,19800,39000,14600,19500,11700,6000,3900
3268,319,20250701,True,189500,45500,26300,23200,38900,14600,19400,11700,6000,3900
3269,319,20250601,True,185100,49000,23300,18500,38800,14600,19400,11600,6000,3900
3270,319,20250501,True,193500,44300,26500,28600,38700,14500,19400,11600,6000,3900
3271,319,20250401,True,189800,40500,23700,31800,38600,14500,19300,11600,5900,3900
3272,319,20250301,True,187700,39800,26100,28000,38600,14500,19300,11600,5900,3900
3273,320,20260901,True,146300,19500,10500,16400,40000,15000,20000,12000,9800,3100
3274,320,20260801,True,145100,25100,11800,8400,39900,15000,20000,12000,9800,3100
3275,320,20260701,True,143800,20800,9800,13700,39800,14900,19900,12000,9800,3100
3276,320,20260601,True,140400,20200,8700,12100,39800,14900,19900,11900,9800,3100
3277,320,20260501,True,162500,37100,10600,15600,39700,14900,19800,11900,9800,3100
3278,320,20260401,True,146000,21400,9900,15800,39600,14800,19800,11900,9700,3100
3279,320,20260301,True,144900,21600,10000,14500,39500,14800,19800,11900,9700,3100
3280,320,20260201,True,153500,23900,10300,20800,39400,14800,19700,11800,9700,3100
3281,320,20260101,True,149600,21200,8900,21000,39400,14800,19700,11800,9700,3100
3282,320,20251201,True,145700,19700,8500,19300,39300,14700,19600,11800,9700,3100
3283,320,20251101,True,143000,20700,11400,12900,39200,14700,19600,11800,9600,3100
3284,320,20251001,True,139100,18100,9400,13800,39100,14700,19600,11700,9600,3100
3285,320,20250901,True,144800,20900,9100,17300,39000,14600,19500,11700,9600,3100
3286,320,20250801,True,137300,20900,9000,10000,39000,14600,19500,11700,9600,3000
3287,320,20250701,True,139800,20500,12300,9800,38900,14600,19400,11700,9600,3000
3288,321,20260901,True,158400,25600,13100,15600,40000,15000,20000,12000,11100,6000
3289,321,20260801,True,149300,23300,12400,9600,39900,15000,20000,12000,11100,6000
3290,321,20260701,True,151900,25700,11800,10800,39800,14900,19900,12000,11000,6000
3291,321,20260601,False,148900,20700,12800,11900,39800,14900,19900,11900,11000,6000
3292,322,20260901,True,160100,23200,13900,19600,40000,15000,20000,12000,11700,4700
3293,322,20260801,True,151600,23600,15300,9400,39900,15000,20000,12000,11700,4700
3294,322,20260701,True,154400,27300,14200,9900,39800,14900,19900,12000,11700,4700
3295,322,20260601,True,155600,24500,14200,14000,39800,14900,19900,11900,11700,4700
3296,322,20260501,True,160000,27200,12100,18200,39700,14900,19800,11900,11600,4600
3297,322,20260401,True,157200,27400,12600,14900,39600,14800,19800,11900,11600,4600
3298,322,20260301,True,158600,25000,14800,16600,39500,14800,19800,11900,11600,4600
3299,322,20260201,True,167800,25900,15000,25000,39400,14800,19700,11800,11600,4600
3300,322,20260101,True,169700,28400,14200,25200,39400,14800,19700,11800,11600,4600
3301,322,20251201,True,166600,25100,14100,25900,39300,14700,19600,11800,11500,4600
3302,322,20251101,True,159300,24900,13700,19300,39200,14700,19600,11800,11500,4600
3303,322,20251001,True,163100,25700,15100,21100,39100,14700,19600,11700,11500,4600
3304,322,20250901,True,159300,26200,15600,16600,39000,14600,19500,11700,11500,4600
3305,322,20250801,True,153200,25900,14800,11700,39000,14600,19500,11700,11400,4600
3306,322,20250701,True,152300,24500,14800,12400,38900,14600,19400,11700,11400,4600
3307,322,20250601,True,157100,28700,13500,14600,38800,14600,19400,11600,11400,4500
3308,322,20250501,True,161200,32200,12000,16900,38700,14500,19400,11600,11400,4500
3309,322,20250401,True,157700,26700,13700,17500,38600,14500,19300,11600,11300,4500
3310,322,20250301,True,162200,25300,17500,19600,38600,14500,19300,11600,11300,4500
3311,322,20250201,True,170100,30200,15300,25200,38500,14400,19200,11500,11300,4500
3312,322,20250101,True,157400,26100,11700,20300,38400,14400,19200,11500,11300,4500
3313,322,20241201,True,161900,25200,13000,24500,38300,14400,19200,11500,11300,4500
3314,322,20241101,True,154200,24700,12900,17800,38200,14300,19100,11500,11200,4500
3315,322,20241001,True,154400,23700,13800,18200,38200,14300,19100,11400,11200,4500
3316,322,20240901,True,158900,26200,13600,20600,38100,14300,19000,11400,11200,4500
3317,322,20240801,True,147900,24900,14900,9900,38000,14200,19000,11400,11200,4400
3318,322,20240701,True,148400,28700,12800,8900,37900,14200,19000,11400,11100,4400
3319,322,20240601,True,147900,22200,15900,12000,37800,14200,18900,11400,11100,4400
3320,322,20240501,True,153800,23300,13500,19300,37800,14200,18900,11300,11100,4400
3321,322,20240401,True,153500,22900,14400,18800,37700,14100,18800,11300,11100,4400
3322,322,20240301,True,153700,23400,13300,19800,37600,14100,18800,11300,11000,4400
3323,322,20240201,True,155600,22000,14800,21700,37500,14100,18800,11300,11000,4400
3324,322,20240101,True,161500,27000,15800,22000,37400,14000,18700,11200,11000,4400
3325,322,20231201,True,163400,29000,14200,23500,37400,14000,18700,11200,11000,4400
3326,322,20231101,True,148000,23000,12200,16400,37300,14000,18600,11200,10900,4400
3327,322,20231001,True,156700,29200,14000,17300,37200,13900,18600,11200,10900,4400
3328,322,20230901,True,152700,26100,11800,18900,37100,13900,18600,11100,10900,4300
3329,322,20230801,True,148100,27400,14400,10600,37000,13900,18500,11100,10900,4300
3330,322,20230701,True,148200,27100,13900,11500,37000,13900,18500,11100,10900,4300
3331,322,20230601,True,149100,26500,14700,12600,36900,13800,18400,11100,10800,4300
3332,322,20230501,True,154500,28500,12900,18000,36800,13800,18400,11000,10800,4300
3333,323,20260901,True,181400,37600,22500,24100,40000,15000,20000,12000,6200,4000
3334,323,20260801,True,172100,37200,21200,16700,39900,15000,20000,12000,6100,4000
3335,323,20260701,True,174800,39900,20300,17900,39800,14900,19900,12000,6100,4000
3336,323,20260601,True,178000,43700,20000,17700,39800,14900,19900,11900,6100,4000
3337,323,20260501,True,182800,42400,20900,23100,39700,14900,19800,11900,6100,4000
3338,323,20260401,True,181300,37200,21800,26100,39600,14800,19800,11900,6100,4000
3339,324,20260901,True,149900,21900,11200,13000,40000,15000,20000,12000,10400,6400
3340,324,20260801,True,143100,20000,11900,7500,39900,15000,20000,12000,10400,6400
3341,324,20260701,True,149400,22800,10700,12500,39800,14900,19900,12000,10400,6400
3342,324,20260601,True,143000,18600,11300,9900,39800,14900,19900,11900,10400,6300
3343,325,20260901,True,153200,21800,12900,15900,40000,15000,20000,12000,9900,5700
3344,325,20260801,True,145900,22600,11000,9800,39900,15000,20000,12000,9900,5700
3345,325,20260701,True,146700,22000,12300,10200,39800,14900,19900,12000,9900,5700
3346,325,20260601,True,152600,25300,14400,10900,39800,14900,19900,11900,9800,5700
3347,325,20260501,True,157500,27100,13600,15000,39700,14900,19800,11900,9800,5700
3348,326,20260901,True,154900,25700,11500,15100,40000,15000,20000,12000,9900,5700
3349,326,20260801,True,148800,26300,11900,8100,39900,15000,20000,12000,9900,5700
3350,326,20260701,True,147800,20700,10600,14300,39800,14900,19900,12000,9900,5700
3351,327,20260901,False,161700,24400,13100,20800,40000,15000,20000,12000,11700,4700
3352,328,20260901,True,172400,31600,18400,22500,40000,15000,20000,12000,9800,3100
3353,329,20260901,False,171000,34500,14300,18800,40000,15000,20000,12000,11700,4700
3354,329,20260801,True,161500,28700,14800,14700,39900,15000,20000,12000,11700,4700
3355,329,20260701,True,163500,29000,16000,15500,39800,14900,19900,12000,11700,4700
3356,329,20260601,True,159600,25200,14700,16800,39800,14900,19900,11900,11700,4700
3357,329,20260501,True,165600,27700,15800,19600,39700,14900,19800,11900,11600,4600
3358,330,20260901,True,152300,26100,10800,18300,40000,15000,20000,12000,6600,3500
3359,330,20260801,True,147000,26900,10500,12700,39900,15000,20000,12000,6500,3500
3360,330,20260701,True,149200,29000,12600,11000,39800,14900,19900,12000,6500,3500
3361,330,20260601,True,150600,26400,15700,12000,39800,14900,19900,11900,6500,3500
3362,330,20260501,True,155800,28700,13100,17700,39700,14900,19800,11900,6500,3500
3363,330,20260401,True,148000,23300,12100,16600,39600,14800,19800,11900,6500,3400
3364,330,20260301,True,157300,28000,14900,18500,39500,14800,19800,11900,6500,3400
3365,331,20260901,True,159000,24400,12900,17400,40000,15000,20000,12000,10800,6500
3366,331,20260801,True,156300,26000,14700,11400,39900,15000,20000,12000,10800,6500
3367,331,20260701,True,156600,27000,13100,12600,39800,14900,19900,12000,10800,6500
3368,331,20260601,True,155400,27500,13700,10400,39800,14900,19900,11900,10800,6500
3369,331,20260501,True,162200,29000,13300,16500,39700,14900,19800,11900,10700,6400
3370,332,20260901,False,153200,22600,13400,17000,40000,15000,20000,12000,7300,5900
3371,332,20260801,True,150100,24900,12800,12300,39900,15000,20000,12000,7300,5900
3372,332,20260701,True,149500,25400,13200,11100,39800,14900,19900,12000,7300,5900
3373,332,20260601,True,151400,28500,11500,11700,39800,14900,19900,11900,7300,5900
3374,332,20260501,True,149300,22700,13200,13900,39700,14900,19800,11900,7300,5900
3375,332,20260401,True,154100,24700,12700,17500,39600,14800,19800,11900,7200,5900
3376,332,20260301,True,152900,22600,13900,17300,39500,14800,19800,11900,7200,5900
3377,332,20260201,True,159000,27200,12500,20500,39400,14800,19700,11800,7200,5900
3378,333,20260901,True,168100,29100,14900,19800,40000,15000,20000,12000,10800,6500
3379,333,20260801,True,153500,24400,13600,11300,39900,15000,20000,12000,10800,6500
3380,333,20260701,True,165800,33500,17000,11400,39800,14900,19900,12000,10800,6500
3381,333,20260601,True,160900,28800,15400,12900,39800,14900,19900,11900,10800,6500
3382,333,20260501,True,161400,24700,15800,17500,39700,14900,19800,11900,10700,6400
3383,333,20260401,True,165900,27700,15100,19900,39600,14800,19800,11900,10700,6400
3384,333,20260301,True,168400,30000,15000,20300,39500,14800,19800,11900,10700,6400
3385,333,20260201,True,169600,28500,12300,26000,39400,14800,19700,11800,10700,6400
3386,333,20260101,True,172700,31200,14100,24600,39400,14800,19700,11800,10700,6400
3387,333,20251201,True,172600,31100,13600,25500,39300,14700,19600,11800,10600,6400
3388,333,20251101,True,165400,29600,15100,18400,39200,14700,19600,11800,10600,6400
3389,333,20251001,False,171000,35000,14400,19600,39100,14700,19600,11700,10600,6300
3390,333,20250901,False,163000,30200,13900,17200,39000,14600,19500,11700,10600,6300
3391,333,20250801,True,160100,29200,15800,13400,39000,14600,19500,11700,10600,6300
3392,333,20250701,True,163900,33500,15700,13300,38900,14600,19400,11700,10500,6300
3393,333,20250601,True,164800,34900,15300,13400,38800,14600,19400,11600,10500,6300
3394,334,20260901,True,157500,29800,13000,16100,40000,15000,20000,12000,8500,3100
3395,334,20260801,True,152500,27200,14200,12600,39900,15000,20000,12000,8500,3100
3396,334,20260701,True,149600,25400,14300,11700,39800,14900,19900,12000,8500,3100
3397,334,20260601,True,148300,25600,12300,12300,39800,14900,19900,11900,8500,3100
3398,334,20260501,True,147100,22800,13300,13100,39700,14900,19800,11900,8500,3100
3399,334,20260401,True,152000,24800,12100,17500,39600,14800,19800,11900,8400,3100
3400,334,20260301,True,152600,25200,11700,18200,39500,14800,19800,11900,8400,3100
3401,334,20260201,True,159800,26400,12700,23500,39400,14800,19700,11800,8400,3100
3402,334,20260101,True,162600,29600,13500,22300,39400,14800,19700,11800,8400,3100
3403,334,20251201,True,186700,53000,14100,22700,39300,14700,19600,11800,8400,3100
3404,334,20251101,True,155000,25400,14800,18000,39200,14700,19600,11800,8400,3100
3405,334,20251001,True,153700,25400,11900,19900,39100,14700,19600,11700,8300,3100
3406,334,20250901,True,153200,28000,12700,16300,39000,14600,19500,11700,8300,3100
3407,334,20250801,True,147400,26200,14000,11000,39000,14600,19500,11700,8300,3100
3408,334,20250701,True,153000,29300,15200,12500,38900,14600,19400,11700,8300,3100
3409,334,20250601,True,147000,26700,12800,11700,38800,14600,19400,11600,8300,3100
3410,334,20250501,True,152300,23300,14600,18900,38700,14500,19400,11600,8300,3000
3411,335,20260901,True,158900,26800,15900,17400,40000,15000,20000,12000,8000,3800
3412,335,20260801,True,149400,25900,15100,9700,39900,15000,20000,12000,8000,3800
3413,335,20260701,True,147000,27200,11700,9700,39800,14900,19900,12000,8000,3800
3414,335,20260601,True,149700,25800,12500,13100,39800,14900,19900,11900,8000,3800
3415,335,20260501,True,157100,25000,16100,18000,39700,14900,19800,11900,8000,3700
3416,335,20260401,True,154300,24300,14000,18200,39600,14800,19800,11900,8000,3700
3417,335,20260301,True,158400,31600,12100,17100,39500,14800,19800,11900,7900,3700
3418,335,20260201,True,163300,28800,14000,23200,39400,14800,19700,11800,7900,3700
3419,335,20260101,True,160500,23900,13400,25900,39400,14800,19700,11800,7900,3700
3420,335,20251201,True,165000,27600,14000,26400,39300,14700,19600,11800,7900,3700
3421,335,20251101,True,152400,25800,13500,16200,39200,14700,19600,11800,7900,3700
3422,335,20251001,True,148300,22300,14200,15100,39100,14700,19600,11700,7900,3700
3423,335,20250901,True,156100,26400,15200,18200,39000,14600,19500,11700,7800,3700
3424,335,20250801,True,148500,28400,11800,12000,39000,14600,19500,11700,7800,3700
3425,335,20250701,True,150100,29100,12200,12700,38900,14600,19400,11700,7800,3700
3426,335,20250601,True,144100,23100,12200,12900,38800,14600,19400,11600,7800,3700
3427,335,20250501,True,152900,24800,13500,18900,38700,14500,19400,11600,7800,3700
3428,335,20250401,True,155200,23700,17100,19000,38600,14500,19300,11600,7800,3600
3429,335,20250301,True,153800,24900,15100,18400,38600,14500,19300,11600,7800,3600
3430,335,20250201,True,162300,28300,13400,25700,38500,14400,19200,11500,7700,3600
3431,335,20250101,True,161800,27800,14500,24700,38400,14400,19200,11500,7700,3600
3432,335,20241201,True,156600,26400,13400,22100,38300,14400,19200,11500,7700,3600
3433,335,20241101,True,150200,26200,12400,17200,38200,14300,19100,11500,7700,3600
3434,335,20241001,True,153600,28200,15500,15600,38200,14300,19100,11400,7700,3600
3435,335,20240901,True,148400,24200,12300,17800,38100,14300,19000,11400,7700,3600
3436,335,20240801,True,146400,27800,13100,11700,38000,14200,19000,11400,7600,3600
3437,335,20240701,True,151300,33400,13100,11100,37900,14200,19000,11400,7600,3600
3438,335,20240601,True,142900,23700,11900,13800,37800,14200,18900,11400,7600,3600
3439,335,20240501,True,154700,29200,13100,19000,37800,14200,18900,11300,7600,3600
3440,335,20240401,True,149400,25900,13200,17200,37700,14100,18800,11300,7600,3600
3441,335,20240301,True,144100,21200,12300,17600,37600,14100,18800,11300,7600,3600
3442,336,20260901,True,172000,35000,17800,22000,40000,15000,20000,12000,6200,4000
3443,336,20260801,True,169600,34600,20200,17800,39900,15000,20000,12000,6100,4000
3444,336,20260701,True,164300,34300,16700,16600,39800,14900,19900,12000,6100,4000
3445,336,20260601,True,167400,38000,19400,13400,39800,14900,19900,11900,6100,4000
3446,336,20260501,True,167600,33700,17000,20500,39700,14900,19800,11900,6100,4000
3447,337,20260901,True,159000,27100,12300,17000,40000,15000,20000,12000,9900,5700
3448,337,20260801,True,156100,26400,14500,12700,39900,15000,20000,12000,9900,5700
3449,337,20260701,True,151600,23100,15100,11200,39800,14900,19900,12000,9900,5700
3450,337,20260601,True,161200,31600,13700,13900,39800,14900,19900,11900,9800,5700
3451,337,20260501,True,160900,29500,12800,16800,39700,14900,19800,11900,9800,5700
3452,338,20260901,True,150500,23600,12300,16000,40000,15000,20000,12000,8500,3100
3453,338,20260801,True,144300,21800,12800,11200,39900,15000,20000,12000,8500,3100
3454,338,20260701,True,140300,19500,12200,10400,39800,14900,19900,12000,8500,3100
3455,338,20260601,True,144400,22600,14900,8800,39800,14900,19900,11900,8500,3100
3456,338,20260501,True,148200,21900,12800,15600,39700,14900,19800,11900,8500,3100
3457,338,20260401,True,156900,25800,14700,18800,39600,14800,19800,11900,8400,3100
3458,338,20260301,True,151000,24900,12100,16500,39500,14800,19800,11900,8400,3100
3459,338,20260201,True,158700,21300,14300,25900,39400,14800,19700,11800,8400,3100
3460,338,20260101,True,152700,22300,11600,21600,39400,14800,19700,11800,8400,3100
3461,338,20251201,True,156300,24800,12800,21800,39300,14700,19600,11800,8400,3100
3462,338,20251101,True,148800,21900,14500,15600,39200,14700,19600,11800,8400,3100
3463,338,20251001,True,151000,23400,12900,18200,39100,14700,19600,11700,8300,3100
3464,338,20250901,True,149900,24700,13600,15400,39000,14600,19500,11700,8300,3100
3465,338,20250801,True,148300,25300,13000,13800,39000,14600,19500,11700,8300,3100
3466,338,20250701,True,139100,17800,12900,12400,38900,14600,19400,11700,8300,3100
3467,338,20250601,True,145500,25500,11300,12900,38800,14600,19400,11600,8300,3100
3468,338,20250501,True,151100,26400,14100,15100,38700,14500,19400,11600,8300,3000
3469,338,20250401,True,147100,24800,11400,15700,38600,14500,19300,11600,8200,3000
3470,338,20250301,True,146000,24300,13000,13500,38600,14500,19300,11600,8200,3000
3471,338,20250201,True,151800,21500,13300,22200,38500,14400,19200,11500,8200,3000
3472,338,20250101,True,153600,25700,11200,22000,38400,14400,19200,11500,8200,3000
3473,338,20241201,True,150400,23300,12200,20300,38300,14400,19200,11500,8200,3000
3474,338,20241101,True,142900,21700,11200,15700,38200,14300,19100,11500,8200,3000
3475,338,20241001,True,143400,21600,12200,15500,38200,14300,19100,11400,8100,3000
3476,338,20240901,False,143900,23500,10900,15600,38100,14300,19000,11400,8100,3000
3477,338,20240801,True,137900,21600,11100,11500,38000,14200,19000,11400,8100,3000
3478,338,20240701,True,141100,24700,13100,9700,37900,14200,19000,11400,8100,3000
3479,339,20260901,True,184400,36400,22500,22900,40000,15000,20000,12000,9900,5700
3480,339,20260801,True,180500,37300,22300,18400,39900,15000,20000,12000,9900,5700
3481,340,20260901,True,161800,26900,13700,17100,40000,15000,20000,12000,11100,6000
3482,340,20260801,True,151300,26500,11700,9100,39900,15000,20000,12000,11100,6000
3483,340,20260701,True,146600,24800,10200,8000,39800,14900,19900,12000,11000,6000
3484,340,20260601,True,146400,20500,11700,10700,39800,14900,19900,11900,11000,6000
3485,340,20260501,False,159100,25800,11400,18600,39700,14900,19800,11900,11000,6000
3486,340,20260401,True,152600,22900,12500,14100,39600,14800,19800,11900,11000,6000
3487,340,20260301,True,151900,23300,12000,13700,39500,14800,19800,11900,11000,5900
3488,340,20260201,True,160600,23200,10400,24500,39400,14800,19700,11800,10900,5900
3489,340,20260101,True,154800,20000,11900,20400,39400,14800,19700,11800,10900,5900
3490,340,20251201,True,155600,19100,12300,22000,39300,14700,19600,11800,10900,5900
3491,340,20251101,True,148400,19200,10300,16800,39200,14700,19600,11800,10900,5900
3492,340,20251001,True,152400,24800,12400,13400,39100,14700,19600,11700,10800,5900
3493,340,20250901,True,148800,22100,13200,12000,39000,14600,19500,11700,10800,5900
3494,340,20250801,True,142800,19500,10900,10900,39000,14600,19500,11700,10800,5900
3495,340,20250701,True,151100,26500,13800,9500,38900,14600,19400,11700,10800,5900
3496,340,20250601,True,147500,25600,9500,11400,38800,14600,19400,11600,10800,5800
3497,340,20250501,True,152100,26800,9800,14800,38700,14500,19400,11600,10700,5800
3498,340,20250401,True,154500,26700,11500,15800,38600,14500,19300,11600,10700,5800
3499,340,20250301,True,149300,23700,10600,14500,38600,14500,19300,11600,10700,5800
3500,340,20250201,True,157600,25500,12100,19900,38500,14400,19200,11500,10700,5800
3501,340,20250101,True,155300,22900,11000,21500,38400,14400,19200,11500,10600,5800
3502,340,20241201,True,153400,21600,12200,19800,38300,14400,19200,11500,10600,5800
3503,341,20260901,False,190600,42800,20000,29000,40000,15000,20000,12000,8000,3800
3504,341,20260801,True,182100,41400,22800,19200,39900,15000,20000,12000,8000,3800
3505,341,20260701,True,180100,45700,20500,15500,39800,14900,19900,12000,8000,3800
3506,341,20260601,True,182300,44200,20900,18900,39800,14900,19900,11900,8000,3800
3507,341,20260501,True,191300,44100,23500,25700,39700,14900,19800,11900,8000,3700
3508,341,20260401,True,189700,41200,22500,28200,39600,14800,19800,11900,8000,3700
3509,341,20260301,True,186600,39000,23400,26600,39500,14800,19800,11900,7900,3700
3510,341,20260201,True,199100,40700,22900,38200,39400,14800,19700,11800,7900,3700
3511,341,20260101,True,201700,45200,21000,38200,39400,14800,19700,11800,7900,3700
3512,341,20251201,True,199100,44400,21500,36200,39300,14700,19600,11800,7900,3700
3513,341,20251101,True,186000,42600,22600,23900,39200,14700,19600,11800,7900,3700
3514,341,20251001,True,190300,44600,23600,25400,39100,14700,19600,11700,7900,3700
3515,341,20250901,True,185800,38900,22700,27900,39000,14600,19500,11700,7800,3700
3516,341,20250801,True,175700,41700,20000,17700,39000,14600,19500,11700,7800,3700
3517,341,20250701,True,174500,41900,21500,15000,38900,14600,19400,11700,7800,3700
3518,341,20250601,True,170400,37800,19900,16800,38800,14600,19400,11600,7800,3700
3519,341,20250501,True,185700,41800,21300,26900,38700,14500,19400,11600,7800,3700
3520,341,20250401,True,184400,39900,21900,27200,38600,14500,19300,11600,7800,3600
3521,341,20250301,True,186600,43900,20300,27000,38600,14500,19300,11600,7800,3600
3522,341,20250201,True,199000,45500,21800,36800,38500,14400,19200,11500,7700,3600
3523,341,20250101,True,193400,39400,21400,37800,38400,14400,19200,11500,7700,3600
3524,341,20241201,True,194400,41100,20800,37800,38300,14400,19200,11500,7700,3600
3525,341,20241101,True,190000,47100,22000,26500,38200,14300,19100,11500,7700,3600
3526,341,20241001,True,187900,44800,22200,26600,38200,14300,19100,11400,7700,3600
3527,341,20240901,False,177600,36500,21600,25400,38100,14300,19000,11400,7700,3600
3528,341,20240801,True,176300,40100,21100,21300,38000,14200,19000,11400,7600,3600
3529,341,20240701,True,176100,42900,22900,16600,37900,14200,19000,11400,7600,3600
3530,341,20240601,True,171900,41600,19500,17300,37800,14200,18900,11400,7600,3600
3531,341,20240501,True,181600,39800,22000,26400,37800,14200,18900,11300,7600,3600
3532,341,20240401,True,187200,47200,21800,25100,37700,14100,18800,11300,7600,3600
3533,341,20240301,True,179000,40200,18700,27100,37600,14100,18800,11300,7600,3600
3534,341,20240201,True,191900,38000,22600,38600,37500,14100,18800,11300,7500,3500
3535,342,20260901,True,167800,30100,12700,21600,40000,15000,20000,12000,11700,4700
3536,342,20260801,True,161900,31300,14700,12600,39900,15000,20000,12000,11700,4700
3537,342,20260701,True,158800,28600,15200,12000,39800,14900,19900,12000,11700,4700
3538,342,20260601,True,160700,31200,14100,12500,39800,14900,19900,11900,11700,4700
3539,342,20260501,True,165800,29700,16000,17600,39700,14900,19800,11900,11600,4600
3540,342,20260401,True,168900,35000,15200,16400,39600,14800,19800,11900,11600,4600
3541,342,20260301,True,163000,25800,15400,19600,39500,14800,19800,11900,11600,4600
3542,343,20260901,True,171100,30800,17300,20400,40000,15000,20000,12000,9900,5700
3543,343,20260801,True,163100,29600,16600,14400,39900,15000,20000,12000,9900,5700
3544,343,20260701,True,170500,35200,18000,15100,39800,14900,19900,12000,9900,5700
3545,343,20260601,True,173100,33200,18200,19700,39800,14900,19900,11900,9800,5700
3546,343,20260501,True,171100,31600,18900,18800,39700,14900,19800,11900,9800,5700
3547,343,20260401,True,169700,29000,16800,22300,39600,14800,19800,11900,9800,5700
3548,343,20260301,True,174700,31700,17200,24300,39500,14800,19800,11900,9800,5700
3549,343,20260201,True,179700,33100,15200,30300,39400,14800,19700,11800,9800,5600
3550,343,20260101,True,177800,30000,17000,29800,39400,14800,19700,11800,9700,5600
3551,343,20251201,True,177600,30700,17900,28300,39300,14700,19600,11800,9700,5600
3552,343,20251101,True,172700,32800,17900,21400,39200,14700,19600,11800,9700,5600
3553,343,20251001,True,166800,30400,16000,20000,39100,14700,19600,11700,9700,5600
3554,343,20250901,False,173000,34000,17000,21900,39000,14600,19500,11700,9700,5600
3555,343,20250801,True,162400,33600,15400,13400,39000,14600,19500,11700,9600,5600
3556,343,20250701,True,162200,31500,16900,14000,38900,14600,19400,11700,9600,5600
3557,343,20250601,True,159100,28200,16900,14400,38800,14600,19400,11600,9600,5600
3558,343,20250501,False,161600,28400,14800,19100,38700,14500,19400,11600,9600,5500
3559,343,20250401,True,172200,32900,17100,23100,38600,14500,19300,11600,9600,5500
3560,343,20250301,True,171800,34700,17300,20800,38600,14500,19300,11600,9500,5500
3561,343,20250201,True,176800,32600,16800,28800,38500,14400,19200,11500,9500,5500
3562,343,20250101,True,179500,33900,18500,28600,38400,14400,19200,11500,9500,5500
3563,344,20260901,True,189400,41100,20300,24600,40000,15000,20000,12000,11700,4700
3564,344,20260801,True,176400,37900,19500,15700,39900,15000,20000,12000,11700,4700
3565,344,20260701,True,182000,37900,21900,19200,39800,14900,19900,12000,11700,4700
3566,344,20260601,True,176500,35800,20300,17500,39800,14900,19900,11900,11700,4700
3567,344,20260501,False,186100,38400,19700,25500,39700,14900,19800,11900,11600,4600
3568,344,20260401,True,187500,39400,18900,26900,39600,14800,19800,11900,11600,4600
3569,344,20260301,True,178900,32800,18700,25200,39500,14800,19800,11900,11600,4600
3570,344,20260201,True,193100,37900,17800,35500,39400,14800,19700,11800,11600,4600
3571,345,20260901,True,150700,21800,10500,14600,40000,15000,20000,12000,10400,6400
3572,345,20260801,True,145000,22000,10600,8700,39900,15000,20000,12000,10400,6400
3573,345,20260701,False,145900,25600,8500,8400,39800,14900,19900,12000,10400,6400
3574,345,20260601,True,143400,17800,10600,11800,39800,14900,19900,11900,10400,6300
3575,345,20260501,True,146800,20400,10500,13000,39700,14900,19800,11900,10300,6300
3576,345,20260401,True,152300,27000,8700,13900,39600,14800,19800,11900,10300,6300
3577,345,20260301,True,142600,19500,8500,12000,39500,14800,19800,11900,10300,6300
3578,345,20260201,True,154600,21600,12400,18300,39400,14800,19700,11800,10300,6300
3579,346,20260901,True,184800,46700,14700,19600,40000,15000,20000,12000,10400,6400
3580,347,20260901,True,155000,22800,14700,17700,40000,15000,20000,12000,7300,5500
3581,347,20260801,True,150400,26100,12900,11700,39900,15000,20000,12000,7300,5500
3582,347,20260701,True,160000,30700,14400,15500,39800,14900,19900,12000,7300,5500
3583,347,20260601,True,154800,28400,14400,12700,39800,14900,19900,11900,7300,5500
3584,347,20260501,True,158400,27300,13800,18200,39700,14900,19800,11900,7300,5500
3585,347,20260401,True,149900,21800,11600,17700,39600,14800,19800,11900,7200,5500
3586,347,20260301,True,159500,27800,13200,19800,39500,14800,19800,11900,7200,5500
3587,347,20260201,True,164100,28400,14200,23200,39400,14800,19700,11800,7200,5400
3588,347,20260101,True,158400,22700,13100,24300,39400,14800,19700,11800,7200,5400
3589,347,20251201,True,161000,24700,13400,24900,39300,14700,19600,11800,7200,5400
3590,347,20251101,True,149100,21400,13300,16500,39200,14700,19600,11800,7200,5400
3591,347,20251001,True,160300,29300,14000,19300,39100,14700,19600,11700,7200,5400
3592,347,20250901,True,153700,27400,10900,18100,39000,14600,19500,11700,7100,5400
3593,347,20250801,True,147600,27400,13700,9200,39000,14600,19500,11700,7100,5400
3594,347,20250701,True,147800,24300,15000,11400,38900,14600,19400,11700,7100,5400
3595,347,20250601,True,151600,29100,14200,11400,38800,14600,19400,11600,7100,5400
3596,347,20250501,True,153100,27600,14200,14700,38700,14500,19400,11600,7100,5300
3597,347,20250401,True,157400,29800,13700,17500,38600,14500,19300,11600,7100,5300
3598,347,20250301,True,153400,25700,14300,17100,38600,14500,19300,11600,7000,5300
3599,347,20250201,True,164500,28600,15900,24100,38500,14400,19200,11500,7000,5300
3600,347,20250101,True,167100,30500,16100,24700,38400,14400,19200,11500,7000,5300
3601,347,20241201,True,161500,29400,13900,22500,38300,14400,19200,11500,7000,5300
3602,347,20241101,True,154400,28000,14300,16700,38200,14300,19100,11500,7000,5300
3603,347,20241001,True,155100,28400,13700,17700,38200,14300,19100,11400,7000,5300
3604,347,20240901,True,150500,27200,10200,18000,38100,14300,19000,11400,7000,5300
3605,347,20240801,True,147000,26400,14300,11500,38000,14200,19000,11400,6900,5300
3606,347,20240701,True,148400,28200,12800,12800,37900,14200,19000,11400,6900,5200
3607,347,20240601,True,142500,23800,12900,11400,37800,14200,18900,11400,6900,5200
3608,347,20240501,True,149100,24100,13900,16800,37800,14200,18900,11300,6900,5200
3609,347,20240401,True,154100,27300,14800,18000,37700,14100,18800,11300,6900,5200
3610,347,20240301,True,151000,27100,14100,15900,37600,14100,18800,11300,6900,5200
3611,347,20240201,True,154300,23600,11700,25200,37500,14100,18800,11300,6900,5200
3612,347,20240101,True,160400,26200,13800,27100,37400,14000,18700,11200,6800,5200
3613,347,20231201,True,160500,30000,13300,23900,37400,14000,18700,11200,6800,5200
3614,347,20231101,True,155300,27900,16200,18100,37300,14000,18600,11200,6800,5200
3615,347,20231001,True,151300,28700,14500,15300,37200,13900,18600,11200,6800,5100
3616,347,20230901,True,152300,28400,13600,17700,37100,13900,18600,11100,6800,5100
3617,347,20230801,True,149800,28700,13000,15700,37000,13900,18500,11100,6800,5100
3618,347,20230701,True,146000,26000,12500,15100,37000,13900,18500,11100,6800,5100
3619,347,20230601,True,138900,22800,12900,11200,36900,13800,18400,11100,6700,5100
3620,347,20230501,True,148500,26300,13000,17400,36800,13800,18400,11000,6700,5100
3621,347,20230401,True,153900,28800,15400,18000,36700,13800,18400,11000,6700,5100
3622,347,20230301,True,147700,24800,13000,18500,36600,13700,18300,11000,6700,5100
3623,347,20230201,True,157600,28300,12700,25200,36600,13700,18300,11000,6700,5100
3624,347,20230101,True,156900,25400,15500,25000,36500,13700,18200,10900,6700,5000
3625,348,20260901,True,191600,39300,22100,27600,40000,15000,20000,12000,9900,5700
3626,348,20260801,True,188900,43400,24300,18700,39900,15000,20000,12000,9900,5700
3627,348,20260701,True,184300,41200,21200,19700,39800,14900,19900,12000,9900,5700
3628,348,20260601,True,181700,40900,22500,16300,39800,14900,19900,11900,9800,5700
3629,348,20260501,True,196000,42200,23800,28200,39700,14900,19800,11900,9800,5700
3630,348,20260401,True,191200,41700,21600,26300,39600,14800,19800,11900,9800,5700
3631,348,20260301,True,188400,39500,20500,26900,39500,14800,19800,11900,9800,5700
3632,348,20260201,True,202000,40800,23000,37100,39400,14800,19700,11800,9800,5600
3633,348,20260101,True,205700,43900,22900,37900,39400,14800,19700,11800,9700,5600
3634,348,20251201,True,202300,41600,21400,38600,39300,14700,19600,11800,9700,5600
3635,348,20251101,True,190900,42600,22200,25500,39200,14700,19600,11800,9700,5600
3636,348,20251001,True,193000,42800,21000,28800,39100,14700,19600,11700,9700,5600
3637,348,20250901,True,186100,41000,19300,25700,39000,14600,19500,11700,9700,5600
3638,348,20250801,True,181800,40400,22500,18900,39000,14600,19500,11700,9600,5600
3639,348,20250701,True,177900,40700,20700,16700,38900,14600,19400,11700,9600,5600
3640,349,20260901,True,165500,29300,15600,16800,40000,15000,20000,12000,10400,6400
3641,349,20260801,True,164600,32200,14900,13800,39900,15000,20000,12000,10400,6400
3642,350,20260901,True,194200,41200,24100,29000,40000,15000,20000,12000,9800,3100
3643,351,20260901,True,150700,24300,10500,15700,40000,15000,20000,12000,7300,5900
3644,352,20260901,True,197100,46100,21100,27300,40000,15000,20000,12000,9900,5700
3645,352,20260801,True,184900,39400,21700,21300,39900,15000,20000,12000,9900,5700
3646,352,20260701,True,174900,38200,19600,14900,39800,14900,19900,12000,9900,5700
3647,352,20260601,True,188500,44200,23300,19000,39800,14900,19900,11900,9800,5700
3648,352,20260501,True,193700,41600,22200,28100,39700,14900,19800,11900,9800,5700
3649,352,20260401,True,196100,41200,22400,30900,39600,14800,19800,11900,9800,5700
3650,352,20260301,True,193600,38500,23700,29900,39500,14800,19800,11900,9800,5700
3651,353,20260901,True,161400,28900,14900,17400,40000,15000,20000,12000,7300,5900
3652,353,20260801,True,159600,35200,13600,10700,39900,15000,20000,12000,7300,5900
3653,353,20260701,True,158400,32300,13600,12700,39800,14900,19900,12000,7300,5900
3654,353,20260601,False,156500,27000,17700,12100,39800,14900,19900,11900,7300,5900
3655,353,20260501,True,155200,24400,13800,17500,39700,14900,19800,11900,7300,5900
3656,353,20260401,True,153800,24300,14500,15800,39600,14800,19800,11900,7200,5900
3657,353,20260301,True,164800,30400,15900,19400,39500,14800,19800,11900,7200,5900
3658,353,20260201,True,165500,27600,14500,24600,39400,14800,19700,11800,7200,5900
3659,354,20260901,True,154800,27000,13100,15900,40000,15000,20000,12000,7700,4100
3660,355,20260901,True,171300,33000,18500,20000,40000,15000,20000,12000,7300,5500
3661,355,20260801,True,167000,34000,17500,15800,39900,15000,20000,12000,7300,5500
3662,355,20260701,True,166300,37100,16900,12900,39800,14900,19900,12000,7300,5500
3663,355,20260601,True,158300,27600,18000,13400,39800,14900,19900,11900,7300,5500
3664,355,20260501,True,174000,33500,20300,21100,39700,14900,19800,11900,7300,5500
3665,356,20260901,True,183400,39300,19500,20300,40000,15000,20000,12000,10800,6500
3666,357,20260901,True,169800,30600,16500,22800,40000,15000,20000,12000,9800,3100
3667,357,20260801,True,164400,31200,18700,14700,39900,15000,20000,12000,9800,3100
3668,357,20260701,True,163500,32800,17900,13300,39800,14900,19900,12000,9800,3100
3669,357,20260601,True,161100,29500,14700,17500,39800,14900,19900,11900,9800,3100
3670,357,20260501,False,172500,35900,19000,18400,39700,14900,19800,11900,9800,3100
3671,357,20260401,True,175400,35800,18200,22500,39600,14800,19800,11900,9700,3100
3672,358,20260901,True,194300,41100,23300,26500,40000,15000,20000,12000,11700,4700
3673,358,20260801,True,187600,43300,21600,19400,39900,15000,20000,12000,11700,4700
3674,358,20260701,True,189100,41400,21800,22900,39800,14900,19900,12000,11700,4700
3675,358,20260601,True,182100,39700,21600,17900,39800,14900,19900,11900,11700,4700
3676,358,20260501,True,192200,39900,22100,27700,39700,14900,19800,11900,11600,4600
3677,358,20260401,True,194600,45600,19700,27000,39600,14800,19800,11900,11600,4600
3678,358,20260301,True,194600,41800,22900,27700,39500,14800,19800,11900,11600,4600
3679,358,20260201,True,202700,46500,19700,34600,39400,14800,19700,11800,11600,4600
3680,358,20260101,True,206700,44900,19500,40400,39400,14800,19700,11800,11600,4600
3681,358,20251201,True,203400,42100,21600,38200,39300,14700,19600,11800,11500,4600
3682,358,20251101,True,197000,44100,22700,28800,39200,14700,19600,11800,11500,4600
3683,358,20251001,True,193300,42400,20700,29000,39100,14700,19600,11700,11500,4600
3684,358,20250901,False,190500,42800,22200,24600,39000,14600,19500,11700,11500,4600
3685,358,20250801,True,184800,41400,22100,20500,39000,14600,19500,11700,11400,4600
3686,358,20250701,True,184100,41100,22100,20300,38900,14600,19400,11700,11400,4600
3687,358,20250601,True,180100,42100,19900,17800,38800,14600,19400,11600,11400,4500
3688,358,20250501,True,191200,40700,21300,29100,38700,14500,19400,11600,11400,4500
3689,358,20250401,True,192700,42400,22500,28000,38600,14500,19300,11600,11300,4500
3690,358,20250301,True,187400,39600,19700,28300,38600,14500,19300,11600,11300,4500
3691,358,20250201,True,208100,47200,23500,38000,38500,14400,19200,11500,11300,4500
3692,358,20250101,True,200900,46000,20400,35200,38400,14400,19200,11500,11300,4500
3693,358,20241201,True,196200,41200,19000,36800,38300,14400,19200,11500,11300,4500
3694,358,20241101,True,187800,40900,21500,26600,38200,14300,19100,11500,11200,4500
3695,359,20260901,True,158300,23200,13500,17500,40000,15000,20000,12000,11100,6000
3696,359,20260801,True,151400,25700,13300,8400,39900,15000,20000,12000,11100,6000
3697,359,20260701,True,152900,23000,12600,13700,39800,14900,19900,12000,11000,6000
3698,360,20260901,True,253300,90400,26300,32500,40000,15000,20000,12000,11100,6000
3699,361,20260901,True,162400,28400,14200,16400,40000,15000,20000,12000,11700,4700
3700,361,20260801,True,157300,25700,14600,13700,39900,15000,20000,12000,11700,4700
3701,361,20260701,True,160700,26900,15500,15300,39800,14900,19900,12000,11700,4700
3702,362,20260901,True,190700,44300,23700,25600,40000,15000,20000,12000,6600,3500
3703,362,20260801,True,176300,41100,20600,17700,39900,15000,20000,12000,6500,3500
3704,362,20260701,True,174400,40100,19900,17800,39800,14900,19900,12000,6500,3500
3705,363,20260901,True,192200,41500,22600,28300,40000,15000,20000,12000,7300,5500
3706,363,20260801,True,178500,37400,21800,19600,39900,15000,20000,12000,7300,5500
3707,363,20260701,True,180800,44100,19800,17500,39800,14900,19900,12000,7300,5500
3708,364,20260901,True,163000,28100,13500,20500,40000,15000,20000,12000,10900,3000
3709,365,20260901,True,161900,28500,16700,19500,40000,15000,20000,12000,6200,4000
3710,365,20260801,True,150200,24900,14800,13500,39900,15000,20000,12000,6100,4000
3711,365,20260701,True,154000,29100,16900,11300,39800,14900,19900,12000,6100,4000
3712,365,20260601,True,153100,27600,16000,12900,39800,14900,19900,11900,6100,4000
3713,365,20260501,True,158200,31100,13100,17600,39700,14900,19800,11900,6100,4000
3714,365,20260401,True,158000,25800,15100,20900,39600,14800,19800,11900,6100,4000
3715,365,20260301,True,162100,28500,16700,20900,39500,14800,19800,11900,6100,3900
3716,365,20260201,True,168500,28400,17200,27200,39400,14800,19700,11800,6100,3900
3717,365,20260101,True,164200,24000,15600,28900,39400,14800,19700,11800,6100,3900
3718,365,20251201,True,170600,31100,15600,28600,39300,14700,19600,11800,6000,3900
3719,365,20251101,True,157800,29100,16700,16800,39200,14700,19600,11800,6000,3900
3720,365,20251001,True,155900,29200,13200,18500,39100,14700,19600,11700,6000,3900
3721,365,20250901,True,164700,35500,14700,19800,39000,14600,19500,11700,6000,3900
3722,365,20250801,True,156800,31400,14600,16100,39000,14600,19500,11700,6000,3900
3723,365,20250701,True,154000,28600,15100,15800,38900,14600,19400,11700,6000,3900
3724,365,20250601,False,153100,29200,13900,15700,38800,14600,19400,11600,6000,3900
3725,365,20250501,True,164400,32400,17800,20100,38700,14500,19400,11600,6000,3900
3726,365,20250401,True,163100,33100,16300,19900,38600,14500,19300,11600,5900,3900
3727,366,20260901,True,172500,31200,19100,23400,40000,15000,20000,12000,7700,4100
3728,366,20260801,True,165800,33700,15600,17900,39900,15000,20000,12000,7600,4100
3729,366,20260701,True,169700,32000,21800,17600,39800,14900,19900,12000,7600,4100
3730,366,20260601,True,163000,32900,16900,15000,39800,14900,19900,11900,7600,4100
3731,366,20260501,True,175400,38700,16000,22700,39700,14900,19800,11900,7600,4100
3732,366,20260401,True,170500,32000,17300,23400,39600,14800,19800,11900,7600,4100
3733,366,20260301,True,169900,33700,17300,21200,39500,14800,19800,11900,7600,4100
3734,366,20260201,True,178300,33200,17800,30000,39400,14800,19700,11800,7500,4100
3735,366,20260101,True,185100,37600,17300,32900,39400,14800,19700,11800,7500,4100
3736,367,20260901,True,181400,36000,18600,22500,40000,15000,20000,12000,10800,6500
3737,367,20260801,True,179100,39900,18000,17000,39900,15000,20000,12000,10800,6500
3738,367,20260701,True,175600,34900,19600,17200,39800,14900,19900,12000,10800,6500
3739,368,20260901,True,160600,26900,14500,19300,40000,15000,20000,12000,9800,3100
3740,368,20260801,True,156100,27100,15300,13900,39900,15000,20000,12000,9800,3100
3741,368,20260701,True,157900,29900,14500,14000,39800,14900,19900,12000,9800,3100
3742,368,20260601,True,153400,26300,16500,11200,39800,14900,19900,11900,9800,3100
3743,368,20260501,True,160700,27600,17000,16900,39700,14900,19800,11900,9800,3100
3744,368,20260401,True,158400,24800,16000,18700,39600,14800,19800,11900,9700,3100
3745,369,20260901,True,152600,23500,12100,14400,40000,15000,20000,12000,9900,5700
3746,370,20260901,True,168200,28400,18300,21300,40000,15000,20000,12000,7300,5900
3747,370,20260801,True,163400,33600,14500,15200,39900,15000,20000,12000,7300,5900
3748,370,20260701,True,161200,30500,15600,15300,39800,14900,19900,12000,7300,5900
3749,370,20260601,True,160100,29900,16200,14300,39800,14900,19900,11900,7300,5900
3750,370,20260501,True,170300,33500,16200,21100,39700,14900,19800,11900,7300,5900
3751,370,20260401,True,173700,35200,15900,23400,39600,14800,19800,11900,7200,5900
3752,370,20260301,True,166900,33300,16100,18400,39500,14800,19800,11900,7200,5900
3753,370,20260201,True,180000,34400,14200,32600,39400,14800,19700,11800,7200,5900
3754,371,20260901,True,155900,27300,11600,18200,40000,15000,20000,12000,8000,3800
3755,371,20260801,True,148400,24700,12500,12500,39900,15000,20000,12000,8000,3800
3756,371,20260701,True,147900,25300,13300,10900,39800,14900,19900,12000,8000,3800
3757,372,20260901,True,196800,46600,24500,28500,40000,15000,20000,12000,6200,4000
3758,372,20260801,True,190100,48400,24400,20300,39900,15000,20000,12000,6100,4000
3759,372,20260701,True,190700,47200,24000,22800,39800,14900,19900,12000,6100,4000
3760,372,20260601,True,189500,44300,25700,22900,39800,14900,19900,11900,6100,4000
3761,373,20260901,True,178500,37700,18200,24000,40000,15000,20000,12000,8500,3100
3762,373,20260801,True,174300,36600,22300,16900,39900,15000,20000,12000,8500,3100
3763,374,20260901,False,168800,32600,17600,20000,40000,15000,20000,12000,8500,3100
3764,374,20260801,True,163800,30500,18000,16800,39900,15000,20000,12000,8500,3100
3765,374,20260701,True,164500,33900,18500,13900,39800,14900,19900,12000,8500,3100
3766,374,20260601,True,157400,31100,16400,11800,39800,14900,19900,11900,8500,3100
3767,374,20260501,True,166400,32600,15700,20200,39700,14900,19800,11900,8500,3100
3768,375,20260901,True,173300,31000,18200,26900,40000,15000,20000,12000,6200,4000
3769,375,20260801,True,169700,36500,19000,17200,39900,15000,20000,12000,6100,4000
3770,375,20260701,True,169100,38900,18400,15100,39800,14900,19900,12000,6100,4000
3771,375,20260601,True,168600,33800,20400,17800,39800,14900,19900,11900,6100,4000
3772,375,20260501,True,180600,40200,19700,24300,39700,14900,19800,11900,6100,4000
3773,375,20260401,False,175700,35500,20700,23300,39600,14800,19800,11900,6100,4000
3774,375,20260301,False,171200,32400,20700,22100,39500,14800,19800,11900,6100,3900
3775,375,20260201,True,186600,37700,20600,32600,39400,14800,19700,11800,6100,3900
3776,375,20260101,True,189300,38700,21000,33900,39400,14800,19700,11800,6100,3900
3777,375,20251201,True,187900,38100,19900,34600,39300,14700,19600,11800,6000,3900
3778,375,20251101,True,179100,37300,20300,26300,39200,14700,19600,11800,6000,3900
3779,375,20251001,True,175300,37700,19100,23500,39100,14700,19600,11700,6000,3900
3780,375,20250901,True,175600,37300,20400,23200,39000,14600,19500,11700,6000,3900
3781,375,20250801,True,172500,39800,20500,17500,39000,14600,19500,11700,6000,3900
3782,375,20250701,True,165000,38400,17900,14200,38900,14600,19400,11700,6000,3900
3783,376,20260901,True,185200,39200,19600,26600,40000,15000,20000,12000,7300,5500
3784,376,20260801,True,171800,36500,19200,16400,39900,15000,20000,12000,7300,5500
3785,376,20260701,True,177600,41600,21000,15600,39800,14900,19900,12000,7300,5500
3786,377,20260901,True,160900,26200,14000,20900,40000,15000,20000,12000,7300,5500
3787,377,20260801,True,162100,30000,18100,14300,39900,15000,20000,12000,7300,5500
3788,377,20260701,True,158000,27600,14800,16200,39800,14900,19900,12000,7300,5500
3789,377,20260601,True,162200,31600,16300,15000,39800,14900,19900,11900,7300,5500
3790,377,20260501,True,163800,30100,15400,19200,39700,14900,19800,11900,7300,5500
3791,377,20260401,True,167400,35800,14900,17900,39600,14800,19800,11900,7200,5500
3792,377,20260301,True,163400,30200,15700,18800,39500,14800,19800,11900,7200,5500
3793,377,20260201,True,177700,32700,15700,31000,39400,14800,19700,11800,7200,5400
3794,377,20260101,True,169400,30100,14000,27000,39400,14800,19700,11800,7200,5400
3795,377,20251201,True,169200,28500,14100,28600,39300,14700,19600,11800,7200,5400
3796,377,20251101,True,163600,29200,16900,19600,39200,14700,19600,11800,7200,5400
3797,377,20251001,True,158600,27100,17300,16500,39100,14700,19600,11700,7200,5400
3798,377,20250901,True,160600,25100,16100,22100,39000,14600,19500,11700,7100,5400
3799,377,20250801,True,160500,31900,15200,16100,39000,14600,19500,11700,7100,5400
3800,377,20250701,True,152800,27700,13600,14400,38900,14600,19400,11700,7100,5400
3801,377,20250601,True,159800,33700,16400,12800,38800,14600,19400,11600,7100,5400
3802,377,20250501,False,160100,30000,15100,18400,38700,14500,19400,11600,7100,5300
3803,377,20250401,True,163200,31900,16200,18700,38600,14500,19300,11600,7100,5300
3804,377,20250301,True,161500,30600,17500,17100,38600,14500,19300,11600,7000,5300
3805,377,20250201,True,168700,30900,14000,27900,38500,14400,19200,11500,7000,5300
3806,377,20250101,True,168900,30800,15200,27100,38400,14400,19200,11500,7000,5300
3807,377,20241201,True,171200,28500,16500,30500,38300,14400,19200,11500,7000,5300
3808,377,20241101,True,161700,31900,15300,19100,38200,14300,19100,11500,7000,5300
3809,377,20241001,True,161100,31700,14500,19600,38200,14300,19100,11400,7000,5300
3810,377,20240901,True,159000,31100,15400,17400,38100,14300,19000,11400,7000,5300
3811,377,20240801,True,154900,32500,16000,11600,38000,14200,19000,11400,6900,5300
3812,377,20240701,True,153500,28500,17300,13100,37900,14200,19000,11400,6900,5200
3813,377,20240601,True,153500,28600,16600,13900,37800,14200,18900,11400,6900,5200
3814,377,20240501,True,155600,29500,13200,18600,37800,14200,18900,11300,6900,5200
3815,377,20240401,True,163300,29000,16800,23500,37700,14100,18800,11300,6900,5200
3816,377,20240301,True,163500,31000,17300,21300,37600,14100,18800,11300,6900,5200
3817,377,20240201,True,165200,29000,15200,27200,37500,14100,18800,11300,6900,5200
3818,377,20240101,True,170400,33200,15200,28700,37400,14000,18700,11200,6800,5200
3819,377,20231201,True,168000,30300,15700,28700,37400,14000,18700,11200,6800,5200
3820,377,20231101,True,160500,31900,15100,20400,37300,14000,18600,11200,6800,5200
3821,377,20231001,True,162200,33900,15900,19600,37200,13900,18600,11200,6800,5100
3822,377,20230901,True,157100,29500,15600,19400,37100,13900,18600,11100,6800,5100
3823,377,20230801,True,150800,28300,18400,11700,37000,13900,18500,11100,6800,5100
3824,377,20230701,True,149600,28600,13100,15500,37000,13900,18500,11100,6800,5100
3825,377,20230601,True,149500,27900,16500,13100,36900,13800,18400,11100,6700,5100
3826,377,20230501,True,153900,28400,14400,19300,36800,13800,18400,11000,6700,5100
3827,377,20230401,True,157100,30700,16400,18300,36700,13800,18400,11000,6700,5100
3828,377,20230301,True,160100,30600,17100,21000,36600,13700,18300,11000,6700,5100
3829,377,20230201,True,163800,30600,15100,26700,36600,13700,18300,11000,6700,5100
3830,377,20230101,True,165700,27300,18700,28700,36500,13700,18200,10900,6700,5000
3831,377,20221201,True,158100,28200,12800,26300,36400,13600,18200,10900,6700,5000
3832,377,20221101,True,154600,29800,14600,19600,36300,13600,18200,10900,6600,5000
3833,378,20260901,True,175100,36400,15200,23700,40000,15000,20000,12000,7300,5500
3834,378,20260801,True,164400,31800,19100,13800,39900,15000,20000,12000,7300,5500
3835,378,20260701,True,167700,32800,18200,17300,39800,14900,19900,12000,7300,5500
3836,378,20260601,True,168000,35500,17200,16000,39800,14900,19900,11900,7300,5500
3837,378,20260501,True,175100,36800,17100,22100,39700,14900,19800,11900,7300,5500
3838,378,20260401,True,168700,29700,17900,22300,39600,14800,19800,11900,7200,5500
3839,378,20260301,True,175100,34400,17800,24200,39500,14800,19800,11900,7200,5500
3840,378,20260201,True,179800,35200,17800,28500,39400,14800,19700,11800,7200,5400
3841,378,20260101,True,174700,27500,20200,28700,39400,14800,19700,11800,7200,5400
3842,378,20251201,True,178300,32100,18800,29400,39300,14700,19600,11800,7200,5400
3843,378,20251101,True,168500,33200,17500,19900,39200,14700,19600,11800,7200,5400
3844,378,20251001,True,171600,34700,16800,22400,39100,14700,19600,11700,7200,5400
3845,378,20250901,True,165600,31800,16500,20000,39000,14600,19500,11700,7100,5400
3846,378,20250801,True,160900,35100,15300,13200,39000,14600,19500,11700,7100,5400
3847,378,20250701,True,164100,34000,17300,15700,38900,14600,19400,11700,7100,5400
3848,378,20250601,True,161300,30900,16500,17000,38800,14600,19400,11600,7100,5400
3849,379,20260901,True,185300,40400,19300,24700,40000,15000,20000,12000,10900,3000
3850,379,20260801,True,172600,36100,17700,18100,39900,15000,20000,12000,10800,3000
3851,379,20260701,False,170200,34900,18900,16000,39800,14900,19900,12000,10800,3000
3852,379,20260601,True,161800,28800,17300,15400,39800,14900,19900,11900,10800,3000
3853,379,20260501,True,181600,38200,18500,24800,39700,14900,19800,11900,10800,3000
3854,379,20260401,True,178600,37900,18400,22500,39600,14800,19800,11900,10700,3000
3855,379,20260301,True,176500,35000,18000,23800,39500,14800,19800,11900,10700,3000
3856,379,20260201,True,187100,39300,17200,31200,39400,14800,19700,11800,10700,3000
3857,379,20260101,True,188700,36600,19800,32900,39400,14800,19700,11800,10700,3000
3858,379,20251201,True,187100,36900,18100,33000,39300,14700,19600,11800,10700,3000
3859,379,20251101,True,178900,33300,22200,24500,39200,14700,19600,11800,10600,3000
3860,379,20251001,True,173900,32900,20200,22100,39100,14700,19600,11700,10600,3000
3861,379,20250901,True,171600,32600,18200,22400,39000,14600,19500,11700,10600,3000
3862,379,20250801,True,171500,37700,19900,15500,39000,14600,19500,11700,10600,3000
3863,379,20250701,True,166700,33700,19200,15700,38900,14600,19400,11700,10600,2900
3864,379,20250601,True,170400,37300,21000,14300,38800,14600,19400,11600,10500,2900
3865,379,20250501,True,174100,35500,17800,23200,38700,14500,19400,11600,10500,2900
3866,379,20250401,True,176100,36600,20100,22000,38600,14500,19300,11600,10500,2900
3867,380,20260901,True,147000,19900,14400,13900,40000,15000,20000,12000,8000,3800
3868,380,20260801,True,147200,22200,12800,13500,39900,15000,20000,12000,8000,3800
3869,380,20260701,True,146200,25700,11900,10200,39800,14900,19900,12000,8000,3800
3870,380,20260601,True,146800,24900,14500,9100,39800,14900,19900,11900,8000,3800
3871,380,20260501,True,151300,24100,14200,15000,39700,14900,19800,11900,8000,3700
3872,380,20260401,True,146700,21100,12100,15700,39600,14800,19800,11900,8000,3700
3873,381,20260901,True,210000,50700,26100,29800,40000,15000,20000,12000,11700,4700
3874,382,20260901,True,162600,31300,12800,19900,40000,15000,20000,12000,8500,3100
3875,382,20260801,True,158500,33400,15500,11100,39900,15000,20000,12000,8500,3100
3876,382,20260701,False,153500,28800,13300,13200,39800,14900,19900,12000,8500,3100
3877,382,20260601,True,157800,29500,16500,13700,39800,14900,19900,11900,8500,3100
3878,382,20260501,True,162800,29900,16800,18200,39700,14900,19800,11900,8500,3100
3879,382,20260401,True,167500,32300,16900,20700,39600,14800,19800,11900,8400,3100
3880,382,20260301,True,165500,31600,16600,19800,39500,14800,19800,11900,8400,3100
3881,382,20260201,True,171900,32100,14700,27900,39400,14800,19700,11800,8400,3100
3882,382,20260101,True,171800,33000,15800,25800,39400,14800,19700,11800,8400,3100
3883,382,20251201,True,166900,26400,15900,27700,39300,14700,19600,11800,8400,3100
3884,383,20260901,True,178100,36400,19700,24800,40000,15000,20000,12000,6200,4000
3885,383,20260801,True,170800,36900,21000,15900,39900,15000,20000,12000,6100,4000
3886,383,20260701,True,178900,42800,20700,18700,39800,14900,19900,12000,6100,4000
3887,383,20260601,True,167100,33100,18800,18600,39800,14900,19900,11900,6100,4000
3888,383,20260501,True,181300,40600,19300,25000,39700,14900,19800,11900,6100,4000
3889,383,20260401,True,179200,40500,21000,21500,39600,14800,19800,11900,6100,4000
3890,384,20260901,True,195500,42800,22800,25800,40000,15000,20000,12000,11100,6000
3891,385,20260901,True,188000,40300,21400,25400,40000,15000,20000,12000,10900,3000
3892,385,20260801,True,179800,39900,23400,15800,39900,15000,20000,12000,10800,3000
3893,385,20260701,True,181100,39100,21400,20200,39800,14900,19900,12000,10800,3000
3894,385,20260601,True,173000,36300,19600,16800,39800,14900,19900,11900,10800,3000
3895,385,20260501,True,191300,41400,22900,26900,39700,14900,19800,11900,10800,3000
3896,385,20260401,True,192900,43400,21200,28500,39600,14800,19800,11900,10700,3000
3897,385,20260301,True,190800,43100,22200,25800,39500,14800,19800,11900,10700,3000
3898,385,20260201,True,200200,41000,22600,37200,39400,14800,19700,11800,10700,3000
3899,385,20260101,True,206100,43500,23900,39300,39400,14800,19700,11800,10700,3000
3900,385,20251201,True,207500,44700,23400,40300,39300,14700,19600,11800,10700,3000
3901,385,20251101,True,192200,42500,23000,27800,39200,14700,19600,11800,10600,3000
3902,385,20251001,True,191300,43900,21700,27000,39100,14700,19600,11700,10600,3000
3903,385,20250901,True,189000,41900,23100,25600,39000,14600,19500,11700,10600,3000
3904,385,20250801,True,176100,40200,21000,16500,39000,14600,19500,11700,10600,3000
3905,385,20250701,True,178400,37900,23200,19200,38900,14600,19400,11700,10600,2900
3906,385,20250601,True,176200,41000,22700,14700,38800,14600,19400,11600,10500,2900
3907,385,20250501,True,186000,39300,20300,28800,38700,14500,19400,11600,10500,2900
3908,385,20250401,True,188100,39600,21400,29700,38600,14500,19300,11600,10500,2900
3909,385,20250301,True,189400,43000,21600,27400,38600,14500,19300,11600,10500,2900
3910,385,20250201,True,195200,40600,21100,36600,38500,14400,19200,11500,10400,2900
3911,385,20250101,True,198300,42300,21500,37700,38400,14400,19200,11500,10400,2900
3912,385,20241201,True,208100,49500,21100,40800,38300,14400,19200,11500,10400,2900
3913,385,20241101,True,189800,43300,22100,28000,38200,14300,19100,11500,10400,2900
3914,385,20241001,True,182700,37000,22500,26900,38200,14300,19100,11400,10400,2900
3915,385,20240901,True,186200,43000,20300,26900,38100,14300,19000,11400,10300,2900
3916,385,20240801,True,183700,44000,22600,21300,38000,14200,19000,11400,10300,2900
3917,385,20240701,True,175700,41100,19800,19100,37900,14200,19000,11400,10300,2900
3918,385,20240601,True,182400,39900,24400,22600,37800,14200,18900,11400,10300,2900
3919,385,20240501,True,184500,40300,21200,27700,37800,14200,18900,11300,10200,2900
3920,385,20240401,True,186300,42600,18800,29900,37700,14100,18800,11300,10200,2900
3921,385,20240301,True,189100,42700,24200,27300,37600,14100,18800,11300,10200,2900
3922,385,20240201,True,199600,43300,21800,39800,37500,14100,18800,11300,10200,2800
3923,385,20240101,True,199300,45100,22600,37300,37400,14000,18700,11200,10200,2800
3924,385,20231201,True,191600,39300,19100,39000,37400,14000,18700,11200,10100,2800
3925,385,20231101,True,190800,46500,22000,28300,37300,14000,18600,11200,10100,2800
3926,385,20231001,True,183500,43800,20300,25600,37200,13900,18600,11200,10100,2800
3927,385,20230901,True,185600,39500,24200,28300,37100,13900,18600,11100,10100,2800
3928,385,20230801,True,176600,42300,21500,19400,37000,13900,18500,11100,10100,2800
3929,385,20230701,True,177100,43000,21500,19300,37000,13900,18500,11100,10000,2800
3930,385,20230601,True,176300,44900,22100,16300,36900,13800,18400,11100,10000,2800
3931,385,20230501,True,183600,41900,22100,26800,36800,13800,18400,11000,10000,2800
3932,386,20260901,True,177800,39400,17800,21800,40000,15000,20000,12000,7700,4100
3933,386,20260801,True,165300,31200,17400,18100,39900,15000,20000,12000,7600,4100
3934,386,20260701,True,162200,32400,18500,13000,39800,14900,19900,12000,7600,4100
3935,386,20260601,True,164800,34300,17600,14700,39800,14900,19900,11900,7600,4100
3936,387,20260901,True,181900,34300,18800,24500,40000,15000,20000,12000,10800,6500
3937,388,20260901,True,183900,36000,22100,27000,40000,15000,20000,12000,7700,4100
3938,388,20260801,True,170600,39000,19200,13800,39900,15000,20000,12000,7600,4100
3939,388,20260701,True,172200,37100,22200,14600,39800,14900,19900,12000,7600,4100
3940,388,20260601,True,177600,38400,21900,19100,39800,14900,19900,11900,7600,4100
3941,388,20260501,True,175200,35000,18300,23900,39700,14900,19800,11900,7600,4100
3942,388,20260401,True,184400,39200,21400,26000,39600,14800,19800,11900,7600,4100
3943,388,20260301,True,174200,33400,18300,24800,39500,14800,19800,11900,7600,4100
3944,388,20260201,True,188600,37000,18700,35600,39400,14800,19700,11800,7500,4100
3945,388,20260101,True,183700,31900,19100,35400,39400,14800,19700,11800,7500,4100
3946,388,20251201,True,189500,40500,18900,33200,39300,14700,19600,11800,7500,4000
3947,388,20251101,True,179700,38000,19400,25500,39200,14700,19600,11800,7500,4000
3948,388,20251001,True,179500,40200,20200,22500,39100,14700,19600,11700,7500,4000
3949,388,20250901,True,175900,36500,18600,24500,39000,14600,19500,11700,7500,4000
3950,388,20250801,True,170300,35400,19700,18900,39000,14600,19500,11700,7500,4000
3951,388,20250701,True,164800,37000,16800,15000,38900,14600,19400,11700,7400,4000
3952,388,20250601,True,169100,37700,17700,17900,38800,14600,19400,11600,7400,4000
3953,388,20250501,True,179300,38800,20100,24800,38700,14500,19400,11600,7400,4000
3954,388,20250401,True,179600,38200,21100,24900,38600,14500,19300,11600,7400,4000
3955,388,20250301,False,176100,38100,19600,23000,38600,14500,19300,11600,7400,4000
3956,388,20250201,True,176600,30700,17600,33300,38500,14400,19200,11500,7400,4000
3957,388,20250101,True,189200,37400,19300,37700,38400,14400,19200,11500,7300,4000
3958,388,20241201,True,185900,34000,21800,35500,38300,14400,19200,11500,7300,3900
3959,388,20241101,True,175800,39300,18700,23500,38200,14300,19100,11500,7300,3900
3960,388,20241001,True,172200,33200,21200,23600,38200,14300,19100,11400,7300,3900
3961,388,20240901,True,174000,35400,21000,23600,38100,14300,19000,11400,7300,3900
3962,389,20260901,True,152200,23100,11700,17600,40000,15000,20000,12000,7300,5500
3963,389,20260801,True,145500,23900,10200,11700,39900,15000,20000,12000,7300,5500
3964,389,20260701,True,152500,25100,13900,14100,39800,14900,19900,12000,7300,5500
3965,389,20260601,True,150800,28300,12000,11200,39800,14900,19900,11900,7300,5500
3966,390,20260901,True,184600,39200,18900,23900,40000,15000,20000,12000,9900,5700
3967,391,20260901,True,169800,33000,16300,21700,40000,15000,20000,12000,8000,3800
3968,391,20260801,True,160400,33100,16000,12600,39900,15000,20000,12000,8000,3800
3969,391,20260701,True,161400,31800,19300,11900,39800,14900,19900,12000,8000,3800
3970,391,20260601,True,166500,36300,18500,13400,39800,14900,19900,11900,8000,3800
3971,391,20260501,True,172400,35200,16800,22400,39700,14900,19800,11900,8000,3700
3972,391,20260401,True,175300,38500,16400,22600,39600,14800,19800,11900,8000,3700
3973,391,20260301,True,166000,32500,16700,19200,39500,14800,19800,11900,7900,3700
3974,391,20260201,True,173900,32100,15200,29300,39400,14800,19700,11800,7900,3700
3975,391,20260101,True,176300,31100,17600,30300,39400,14800,19700,11800,7900,3700
3976,391,20251201,True,175000,32300,17900,27800,39300,14700,19600,11800,7900,3700
3977,391,20251101,True,164500,30000,17800,19800,39200,14700,19600,11800,7900,3700
3978,391,20251001,True,169200,34900,17300,20300,39100,14700,19600,11700,7900,3700
3979,391,20250901,True,161400,30900,15500,18700,39000,14600,19500,11700,7800,3700
3980,391,20250801,True,156000,28300,15400,16000,39000,14600,19500,11700,7800,3700
3981,391,20250701,True,162900,33600,19600,13600,38900,14600,19400,11700,7800,3700
3982,391,20250601,True,159300,30800,16900,15700,38800,14600,19400,11600,7800,3700
3983,391,20250501,True,167700,34600,16200,21200,38700,14500,19400,11600,7800,3700
3984,391,20250401,True,164200,30700,16400,21700,38600,14500,19300,11600,7800,3600
3985,391,20250301,True,161600,27600,18000,20600,38600,14500,19300,11600,7800,3600
3986,392,20260901,True,157700,25200,12900,15300,40000,15000,20000,12000,10800,6500
3987,392,20260801,True,150200,22600,11400,12000,39900,15000,20000,12000,10800,6500
3988,392,20260701,True,152100,23800,12600,11800,39800,14900,19900,12000,10800,6500
3989,393,20260901,True,160500,30600,11400,16700,40000,15000,20000,12000,11400,3400
3990,394,20260901,True,166000,28700,16300,21100,40000,15000,20000,12000,9800,3100
3991,394,20260801,True,156900,30600,13800,12700,39900,15000,20000,12000,9800,3100
3992,394,20260701,True,159700,31900,13800,14500,39800,14900,19900,12000,9800,3100
3993,394,20260601,True,163100,31900,16700,15100,39800,14900,19900,11900,9800,3100
3994,394,20260501,True,157100,26900,14200,16800,39700,14900,19800,11900,9800,3100
3995,394,20260401,True,167000,32700,16000,19400,39600,14800,19800,11900,9700,3100
3996,394,20260301,True,164700,32100,14000,19800,39500,14800,19800,11900,9700,3100
3997,394,20260201,True,171500,29300,15500,28200,39400,14800,19700,11800,9700,3100
3998,395,20260901,True,146700,22000,9600,11700,40000,15000,20000,12000,11700,4700
3999,395,20260801,True,143800,22800,10900,6800,39900,15000,20000,12000,11700,4700
4000,395,20260701,True,142200,19900,10500,8800,39800,14900,19900,12000,11700,4700
4001,395,20260601,True,144500,21300,10200,10100,39800,14900,19900,11900,11700,4700
4002,395,20260501,True,145700,20000,11700,11500,39700,14900,19800,11900,11600,4600
4003,395,20260401,True,145300,19400,11400,12200,39600,14800,19800,11900,11600,4600
4004,395,20260301,True,141000,16500,10300,12000,39500,14800,19800,11900,11600,4600
4005,395,20260201,False,149300,23000,9600,14800,39400,14800,19700,11800,11600,4600
4006,395,20260101,True,151300,19200,10700,19500,39400,14800,19700,11800,11600,4600
4007,395,20251201,True,151000,21000,10100,18400,39300,14700,19600,11800,11500,4600
4008,395,20251101,True,151100,23700,11700,14300,39200,14700,19600,11800,11500,4600
4009,395,20251001,True,146700,20400,11300,13800,39100,14700,19600,11700,11500,4600
4010,395,20250901,True,145500,20800,10900,12900,39000,14600,19500,11700,11500,4600
4011,395,20250801,True,143700,25900,9500,7500,39000,14600,19500,11700,11400,4600
4012,395,20250701,True,140000,20900,8500,10000,38900,14600,19400,11700,11400,4600
4013,395,20250601,True,139000,16600,10400,11700,38800,14600,19400,11600,11400,4500
4014,395,20250501,False,147100,20000,10200,16800,38700,14500,19400,11600,11400,4500
4015,396,20260901,True,148200,22700,9500,16200,40000,15000,20000,12000,7300,5500
4016,396,20260801,True,147900,24500,12300,11400,39900,15000,20000,12000,7300,5500
4017,396,20260701,True,146800,24200,13100,10100,39800,14900,19900,12000,7300,5500
4018,396,20260601,True,142300,20100,11900,11000,39800,14900,19900,11900,7300,5500
4019,396,20260501,True,151300,23600,12500,16100,39700,14900,19800,11900,7300,5500
4020,396,20260401,True,146600,23500,10500,13800,39600,14800,19800,11900,7200,5500
4021,397,20260901,True,201900,45400,23200,29000,40000,15000,20000,12000,10800,6500
4022,397,20260801,True,188100,39200,25100,19600,39900,15000,20000,12000,10800,6500
4023,397,20260701,True,197300,48300,22000,23100,39800,14900,19900,12000,10800,6500
4024,398,20260901,True,163500,31300,12700,19700,40000,15000,20000,12000,7300,5500
4025,398,20260801,True,155500,25700,15700,14400,39900,15000,20000,12000,7300,5500
4026,398,20260701,True,154800,28300,14600,12500,39800,14900,19900,12000,7300,5500
4027,398,20260601,True,161000,30700,16400,14600,39800,14900,19900,11900,7300,5500
4028,398,20260501,True,166700,30600,17100,19900,39700,14900,19800,11900,7300,5500
4029,398,20260401,True,160300,28100,14900,18500,39600,14800,19800,11900,7200,5500
4030,398,20260301,True,159600,27200,14900,18800,39500,14800,19800,11900,7200,5500
4031,398,20260201,True,170100,32400,14000,25400,39400,14800,19700,11800,7200,5400
4032,398,20260101,True,167600,28200,12900,28200,39400,14800,19700,11800,7200,5400
4033,398,20251201,True,170800,32100,14800,25900,39300,14700,19600,11800,7200,5400
4034,398,20251101,True,163400,30000,14900,20600,39200,14700,19600,11800,7200,5400
4035,398,20251001,True,163900,29000,16700,20500,39100,14700,19600,11700,7200,5400
4036,398,20250901,True,160200,27300,15500,20100,39000,14600,19500,11700,7100,5400
4037,398,20250801,False,154200,29200,14100,13600,39000,14600,19500,11700,7100,5400
4038,398,20250701,True,151300,24400,16000,13800,38900,14600,19400,11700,7100,5400
4039,398,20250601,True,151700,26000,14500,14300,38800,14600,19400,11600,7100,5400
4040,398,20250501,True,156000,24800,17000,17600,38700,14500,19400,11600,7100,5300
4041,398,20250401,False,163800,30000,16200,21200,38600,14500,19300,11600,7100,5300
4042,398,20250301,True,152700,25300,12300,18800,38600,14500,19300,11600,7000,5300
4043,398,20250201,True,161800,26200,12600,27100,38500,14400,19200,11500,7000,5300
4044,398,20250101,True,169600,33000,13100,27700,38400,14400,19200,11500,7000,5300
4045,399,20260901,True,181200,32100,18700,26100,40000,15000,20000,12000,10800,6500
4046,400,20260901,True,145300,16600,12400,12500,40000,15000,20000,12000,10400,6400
4047,400,20260801,True,143400,21100,10000,8600,39900,15000,20000,12000,10400,6400
4048,400,20260701,True,141000,21400,7800,8400,39800,14900,19900,12000,10400,6400
4049,400,20260601,True,152500,26100,12700,10500,39800,14900,19900,11900,10400,6300
4050,400,20260501,True,150900,24300,10900,12800,39700,14900,19800,11900,10300,6300
4051,400,20260401,True,151700,21400,12300,15300,39600,14800,19800,11900,10300,6300
4052,400,20260301,False,146400,22700,7500,13600,39500,14800,19800,11900,10300,6300
4053,400,20260201,True,152700,20000,11300,19100,39400,14800,19700,11800,10300,6300
4054,401,20260901,True,195500,39000,24000,28700,40000,15000,20000,12000,10400,6400
4055,401,20260801,True,186300,41900,20800,19900,39900,15000,20000,12000,10400,6400
4056,401,20260701,True,189400,42800,24100,19100,39800,14900,19900,12000,10400,6400
4057,401,20260601,True,185100,40300,23900,17700,39800,14900,19900,11900,10400,6300
4058,401,20260501,True,198600,44600,21700,29400,39700,14900,19800,11900,10300,6300
4059,401,20260401,True,201200,48300,22900,27300,39600,14800,19800,11900,10300,6300
4060,401,20260301,True,194500,42700,22200,27000,39500,14800,19800,11900,10300,6300
4061,401,20260201,True,204400,43400,21100,37600,39400,14800,19700,11800,10300,6300
4062,402,20260901,True,181800,36200,17700,24100,40000,15000,20000,12000,10400,6400
4063,402,20260801,True,174700,34400,18800,17800,39900,15000,20000,12000,10400,6400
4064,402,20260701,True,172800,35100,19800,14500,39800,14900,19900,12000,10400,6400
4065,402,20260601,True,171000,33600,18500,15700,39800,14900,19900,11900,10400,6300
4066,402,20260501,True,173400,34300,17100,19100,39700,14900,19800,11900,10300,6300
4067,402,20260401,True,179200,36200,18200,22100,39600,14800,19800,11900,10300,6300
4068,402,20260301,True,182500,37100,20000,22800,39500,14800,19800,11900,10300,6300
4069,402,20260201,True,189900,34500,19300,33800,39400,14800,19700,11800,10300,6300
4070,402,20260101,True,188400,33200,19700,33200,39400,14800,19700,11800,10300,6300
4071,402,20251201,True,188700,36600,20400,29800,39300,14700,19600,11800,10200,6300
4072,402,20251101,True,178200,32700,19400,24300,39200,14700,19600,11800,10200,6300
4073,402,20251001,True,174900,32600,17700,23100,39100,14700,19600,11700,10200,6200
4074,402,20250901,True,178100,35400,17900,23600,39000,14600,19500,11700,10200,6200
4075,402,20250801,True,178000,38900,20600,17400,39000,14600,19500,11700,10100,6200
4076,402,20250701,True,170200,35900,16800,16600,38900,14600,19400,11700,10100,6200
4077,402,20250601,True,169900,32800,19600,16800,38800,14600,19400,11600,10100,6200
4078,402,20250501,True,177400,35600,17300,24000,38700,14500,19400,11600,10100,6200
4079,402,20250401,True,173000,32400,19000,21300,38600,14500,19300,11600,10100,6200
4080,402,20250301,True,178200,34500,18200,25300,38600,14500,19300,11600,10000,6200
4081,403,20260901,True,163000,27800,15800,16800,40000,15000,20000,12000,9900,5700
4082,403,20260801,True,155600,25700,14300,13100,39900,15000,20000,12000,9900,5700
4083,403,20260701,True,153900,23400,14600,13700,39800,14900,19900,12000,9900,5700
4084,403,20260601,True,154800,23300,15700,13800,39800,14900,19900,11900,9800,5700
4085,403,20260501,True,164500,27200,16000,19500,39700,14900,19800,11900,9800,5700
4086,403,20260401,True,161500,27100,13400,19400,39600,14800,19800,11900,9800,5700
4087,403,20260301,True,160300,28300,14200,16300,39500,14800,19800,11900,9800,5700
4088,403,20260201,True,170900,30800,13800,25200,39400,14800,19700,11800,9800,5600
4089,403,20260101,True,170300,26100,16600,26600,39400,14800,19700,11800,9700,5600
4090,403,20251201,True,169800,31000,15500,22600,39300,14700,19600,11800,9700,5600
4091,403,20251101,True,163700,27200,15400,20500,39200,14700,19600,11800,9700,5600
4092,403,20251001,False,155900,21600,15000,18900,39100,14700,19600,11700,9700,5600
4093,403,20250901,True,158300,25500,15000,17700,39000,14600,19500,11700,9700,5600
4094,403,20250801,True,161800,31200,16800,13800,39000,14600,19500,11700,9600,5600
4095,403,20250701,True,157700,29200,16000,12700,38900,14600,19400,11700,9600,5600
4096,403,20250601,True,157900,30900,14700,12700,38800,14600,19400,11600,9600,5600
4097,403,20250501,True,162100,30200,13600,19000,38700,14500,19400,11600,9600,5500
4098,403,20250401,True,165000,31300,16000,18600,38600,14500,19300,11600,9600,5500
4099,404,20260901,True,172300,30900,15500,21600,40000,15000,20000,12000,10800,6500
4100,404,20260801,True,170000,35900,14500,15400,39900,15000,20000,12000,10800,6500
4101,404,20260701,True,165100,32500,16200,12500,39800,14900,19900,12000,10800,6500
4102,404,20260601,True,174800,38400,16800,15800,39800,14900,19900,11900,10800,6500
4103,404,20260501,True,178200,36800,16200,21800,39700,14900,19800,11900,10700,6400
4104,404,20260401,True,176100,32100,17200,23600,39600,14800,19800,11900,10700,6400
4105,404,20260301,True,169400,31700,14800,19800,39500,14800,19800,11900,10700,6400
4106,404,20260201,True,183600,34400,17900,28500,39400,14800,19700,11800,10700,6400
4107,404,20260101,True,182900,32200,16600,31300,39400,14800,19700,11800,10700,6400
4108,404,20251201,False,182500,32000,16300,31800,39300,14700,19600,11800,10600,6400
4109,404,20251101,True,170700,32700,16000,19700,39200,14700,19600,11800,10600,6400
4110,404,20251001,True,172100,33700,18800,17600,39100,14700,19600,11700,10600,6300
4111,404,20250901,True,168300,29500,17400,19700,39000,14600,19500,11700,10600,6300
4112,404,20250801,True,165600,32500,16700,14700,39000,14600,19500,11700,10600,6300
4113,404,20250701,True,166800,34600,17700,13100,38900,14600,19400,11700,10500,6300
4114,404,20250601,True,167900,34300,17300,15100,38800,14600,19400,11600,10500,6300
4115,405,20260901,True,196400,45100,22500,30000,40000,15000,20000,12000,7700,4100
4116,405,20260801,True,190900,44300,24100,23900,39900,15000,20000,12000,7600,4100
4117,405,20260701,True,189900,42900,26800,21900,39800,14900,19900,12000,7600,4100
4118,405,20260601,True,191900,47600,25100,21000,39800,14900,19900,11900,7600,4100
4119,405,20260501,True,187300,41900,21200,26200,39700,14900,19800,11900,7600,4100
4120,405,20260401,True,193200,43000,24300,28100,39600,14800,19800,11900,7600,4100
4121,405,20260301,True,197700,44900,24100,31000,39500,14800,19800,11900,7600,4100
4122,405,20260201,True,215000,48500,25800,43400,39400,14800,19700,11800,7500,4100
4123,405,20260101,True,203300,43100,23000,39900,39400,14800,19700,11800,7500,4100
4124,405,20251201,True,207000,45400,23100,41600,39300,14700,19600,11800,7500,4000
4125,405,20251101,True,195300,46600,23500,28400,39200,14700,19600,11800,7500,4000
4126,405,20251001,True,196000,43700,24200,31500,39100,14700,19600,11700,7500,4000
4127,406,20260901,True,161300,27200,13700,20500,40000,15000,20000,12000,9800,3100
4128,406,20260801,True,155800,29100,13600,13300,39900,15000,20000,12000,9800,3100
4129,406,20260701,True,150900,24900,14300,12200,39800,14900,19900,12000,9800,3100
4130,407,20260901,True,170000,33400,14800,19200,40000,15000,20000,12000,9900,5700
4131,407,20260801,True,167800,34200,17000,14100,39900,15000,20000,12000,9900,5700
4132,407,20260701,True,166500,32200,18000,14100,39800,14900,19900,12000,9900,5700
4133,407,20260601,False,163800,32400,15500,13900,39800,14900,19900,11900,9800,5700
4134,407,20260501,True,169700,28700,16800,22400,39700,14900,19800,11900,9800,5700
4135,407,20260401,True,168100,31100,15500,19900,39600,14800,19800,11900,9800,5700
4136,408,20260901,True,168400,33500,17200,20600,40000,15000,20000,12000,6600,3500
4137,408,20260801,True,168600,36900,18600,16200,39900,15000,20000,12000,6500,3500
4138,408,20260701,True,165600,33200,20300,15500,39800,14900,19900,12000,6500,3500
4139,408,20260601,True,166300,34100,17800,17900,39800,14900,19900,11900,6500,3500
4140,408,20260501,True,176400,39600,17300,23200,39700,14900,19800,11900,6500,3500
4141,408,20260401,True,174600,36100,19900,22600,39600,14800,19800,11900,6500,3400
4142,408,20260301,True,176700,39400,18100,23300,39500,14800,19800,11900,6500,3400
4143,408,20260201,True,180500,34200,18200,32500,39400,14800,19700,11800,6500,3400
4144,408,20260101,True,179800,33900,18500,31800,39400,14800,19700,11800,6500,3400
4145,408,20251201,True,178500,30300,20600,32400,39300,14700,19600,11800,6400,3400
4146,408,20251101,True,176200,38100,19100,23900,39200,14700,19600,11800,6400,3400
4147,408,20251001,True,173500,35600,19100,23900,39100,14700,19600,11700,6400,3400
4148,408,20250901,True,172800,35400,18600,24200,39000,14600,19500,11700,6400,3400
4149,408,20250801,True,161700,34000,19100,14000,39000,14600,19500,11700,6400,3400
4150,408,20250701,True,164600,36800,18000,15400,38900,14600,19400,11700,6400,3400
4151,408,20250601,True,165700,37700,19700,14100,38800,14600,19400,11600,6400,3400
4152,408,20250501,False,170800,35300,18700,22900,38700,14500,19400,11600,6300,3400
4153,409,20260901,True,183500,40200,19500,25000,40000,15000,20000,12000,8000,3800
4154,409,20260801,True,177400,41200,21300,16200,39900,15000,20000,12000,8000,3800
4155,409,20260701,True,179100,40100,21700,18900,39800,14900,19900,12000,8000,3800
4156,409,20260601,True,176500,38500,20100,19600,39800,14900,19900,11900,8000,3800
4157,409,20260501,True,182900,37800,20600,26500,39700,14900,19800,11900,8000,3700
4158,409,20260401,True,188200,40700,22600,27100,39600,14800,19800,11900,8000,3700
4159,409,20260301,True,180000,38800,19900,23700,39500,14800,19800,11900,7900,3700
4160,409,20260201,True,190300,35100,22000,35900,39400,14800,19700,11800,7900,3700
4161,409,20260101,True,195900,42300,21100,35200,39400,14800,19700,11800,7900,3700
4162,409,20251201,True,193100,39200,21100,35800,39300,14700,19600,11800,7900,3700
4163,409,20251101,True,182200,40300,19400,25600,39200,14700,19600,11800,7900,3700
4164,409,20251001,True,182000,39600,21300,24400,39100,14700,19600,11700,7900,3700
4165,409,20250901,True,183000,39100,21100,26500,39000,14600,19500,11700,7800,3700
4166,409,20250801,True,178000,42000,20400,19300,39000,14600,19500,11700,7800,3700
4167,409,20250701,True,168800,36500,18400,17800,38900,14600,19400,11700,7800,3700
4168,409,20250601,True,170200,36700,21200,16400,38800,14600,19400,11600,7800,3700
4169,409,20250501,True,186500,42100,21700,27000,38700,14500,19400,11600,7800,3700
4170,409,20250401,True,182300,41100,19800,26000,38600,14500,19300,11600,7800,3600
4171,409,20250301,True,182200,41500,19700,25600,38600,14500,19300,11600,7800,3600
4172,409,20250201,True,188600,36800,20200,36700,38500,14400,19200,11500,7700,3600
4173,409,20250101,True,192100,40700,19300,37300,38400,14400,19200,11500,7700,3600
4174,409,20241201,True,193800,40400,21100,37600,38300,14400,19200,11500,7700,3600
4175,409,20241101,True,178400,36700,19900,27400,38200,14300,19100,11500,7700,3600
4176,409,20241001,True,176900,37200,17900,27500,38200,14300,19100,11400,7700,3600
4177,410,20260901,True,177200,35500,21100,22000,40000,15000,20000,12000,8500,3100
4178,410,20260801,True,169800,35400,19500,16400,39900,15000,20000,12000,8500,3100
4179,411,20260901,True,150400,23100,13300,15200,40000,15000,20000,12000,8000,3800
4180,412,20260901,True,168800,33600,16700,21400,40000,15000,20000,12000,6600,3500
4181,412,20260801,True,166800,36800,16800,16300,39900,15000,20000,12000,6500,3500
4182,412,20260701,True,164200,36500,16400,14700,39800,14900,19900,12000,6500,3500
4183,412,20260601,True,157200,27800,17200,15700,39800,14900,19900,11900,6500,3500
4184,412,20260501,True,173500,35000,17100,25100,39700,14900,19800,11900,6500,3500
4185,412,20260401,True,167700,33500,16600,21600,39600,14800,19800,11900,6500,3400
4186,413,20260901,True,168700,30600,17800,21500,40000,15000,20000,12000,8000,3800
4187,413,20260801,False,164200,33700,18100,13700,39900,15000,20000,12000,8000,3800
4188,413,20260701,True,166100,34100,19900,13700,39800,14900,19900,12000,8000,3800
4189,414,20260901,False,159100,24300,15300,16100,40000,15000,20000,12000,11700,4700
4190,414,20260801,True,158700,28700,15500,11200,39900,15000,20000,12000,11700,4700
4191,414,20260701,True,155900,26600,13300,13000,39800,14900,19900,12000,11700,4700
4192,414,20260601,True,153900,28300,11900,10800,39800,14900,19900,11900,11700,4700
4193,414,20260501,True,155400,22100,12000,18800,39700,14900,19800,11900,11600,4600
4194,414,20260401,True,154700,22300,14000,16100,39600,14800,19800,11900,11600,4600
4195,414,20260301,False,156700,22700,13200,18600,39500,14800,19800,11900,11600,4600
4196,414,20260201,True,164600,24700,13800,24200,39400,14800,19700,11800,11600,4600
4197,414,20260101,True,164400,24600,15000,22900,39400,14800,19700,11800,11600,4600
4198,414,20251201,True,172300,32400,15600,22800,39300,14700,19600,11800,11500,4600
4199,414,20251101,True,157900,27300,11500,17700,39200,14700,19600,11800,11500,4600
4200,414,20251001,True,160700,29000,14600,15900,39100,14700,19600,11700,11500,4600
4201,414,20250901,True,158500,23800,14500,19300,39000,14600,19500,11700,11500,4600
4202,414,20250801,True,153400,28200,13100,11300,39000,14600,19500,11700,11400,4600
4203,414,20250701,True,148700,22000,13600,12500,38900,14600,19400,11700,11400,4600
4204,414,20250601,True,152500,25200,14400,12600,38800,14600,19400,11600,11400,4500
4205,414,20250501,True,158700,29100,13500,16000,38700,14500,19400,11600,11400,4500
4206,414,20250401,True,156700,25700,15000,16200,38600,14500,19300,11600,11300,4500
4207,414,20250301,False,157600,26600,13400,17800,38600,14500,19300,11600,11300,4500
4208,414,20250201,True,159100,22700,15100,21900,38500,14400,19200,11500,11300,4500
4209,414,20250101,True,158700,21900,12600,24900,38400,14400,19200,11500,11300,4500
4210,414,20241201,True,159100,23900,12600,23400,38300,14400,19200,11500,11300,4500
4211,414,20241101,True,162500,29200,15500,19000,38200,14300,19100,11500,11200,4500
4212,414,20241001,True,157200,24700,14000,19800,38200,14300,19100,11400,11200,4500
4213,414,20240901,True,160000,30200,14800,16500,38100,14300,19000,11400,11200,4500
4214,414,20240801,True,150200,28900,13600,9500,38000,14200,19000,11400,11200,4400
4215,414,20240701,True,146400,22100,14000,12300,37900,14200,19000,11400,11100,4400
4216,414,20240601,True,148700,22500,14200,14200,37800,14200,18900,11400,11100,4400
4217,414,20240501,True,159800,30300,13800,18000,37800,14200,18900,11300,11100,4400
4218,414,20240401,True,155500,27500,13500,17100,37700,14100,18800,11300,11100,4400
4219,414,20240301,True,159400,29200,13200,19800,37600,14100,18800,11300,11000,4400
4220,414,20240201,True,156600,20400,13000,26100,37500,14100,18800,11300,11000,4400
4221,414,20240101,True,160600,25700,14200,24000,37400,14000,18700,11200,11000,4400
4222,414,20231201,True,161900,25500,15000,24700,37400,14000,18700,11200,11000,4400
4223,414,20231101,True,155100,28300,11700,18700,37300,14000,18600,11200,10900,4400
4224,414,20231001,True,151500,23100,14600,17600,37200,13900,18600,11200,10900,4400
4225,414,20230901,True,153500,27700,12900,17000,37100,13900,18600,11100,10900,4300
4226,414,20230801,True,147400,24500,14600,12600,37000,13900,18500,11100,10900,4300
4227,414,20230701,True,142700,24800,11600,10600,37000,13900,18500,11100,10900,4300
4228,414,20230601,True,147000,26300,11400,14000,36900,13800,18400,11100,10800,4300
4229,414,20230501,True,154400,29600,14500,15200,36800,13800,18400,11000,10800,4300
4230,414,20230401,True,150700,26000,12900,16800,36700,13800,18400,11000,10800,4300
4231,414,20230301,True,153000,26400,15300,16600,36600,13700,18300,11000,10800,4300
4232,414,20230201,True,150900,22800,10500,23000,36600,13700,18300,11000,10700,4300
4233,414,20230101,True,161300,30900,13300,22800,36500,13700,18200,10900,10700,4300
4234,415,20260901,True,162600,27200,14900,16700,40000,15000,20000,12000,10400,6400
4235,415,20260801,True,159100,26300,15300,13800,39900,15000,20000,12000,10400,6400
4236,415,20260701,True,153500,22600,13700,13800,39800,14900,19900,12000,10400,6400
4237,415,20260601,True,157400,27100,14600,12500,39800,14900,19900,11900,10400,6300
4238,415,20260501,True,160300,25400,13300,18700,39700,14900,19800,11900,10300,6300
4239,415,20260401,True,160300,25900,13300,18400,39600,14800,19800,11900,10300,6300
4240,415,20260301,True,163600,28400,13700,18900,39500,14800,19800,11900,10300,6300
4241,415,20260201,True,160600,21500,14200,22600,39400,14800,19700,11800,10300,6300
4242,415,20260101,True,164100,25500,13700,22600,39400,14800,19700,11800,10300,6300
4243,415,20251201,True,170900,31700,13700,23600,39300,14700,19600,11800,10200,6300
4244,415,20251101,False,161800,29100,12900,18000,39200,14700,19600,11800,10200,6300
4245,415,20251001,True,162500,29700,14400,16900,39100,14700,19600,11700,10200,6200
4246,415,20250901,True,165600,26500,17200,20700,39000,14600,19500,11700,10200,6200
4247,415,20250801,True,147100,20300,14300,11400,39000,14600,19500,11700,10100,6200
4248,415,20250701,True,148600,24900,11400,11400,38900,14600,19400,11700,10100,6200
4249,415,20250601,True,153700,28400,13000,11600,38800,14600,19400,11600,10100,6200
4250,415,20250501,True,164500,33000,13900,17100,38700,14500,19400,11600,10100,6200
4251,415,20250401,True,157300,24700,12300,20000,38600,14500,19300,11600,10100,6200
4252,415,20250301,True,163200,31500,14300,17200,38600,14500,19300,11600,10000,6200
4253,416,20260901,True,176300,31600,18300,23800,40000,15000,20000,12000,9900,5700
4254,416,20260801,True,171100,32700,19100,16800,39900,15000,20000,12000,9900,5700
4255,416,20260701,True,165000,32700,16500,13600,39800,14900,19900,12000,9900,5700
4256,416,20260601,True,165300,33300,15900,14100,39800,14900,19900,11900,9800,5700
4257,416,20260501,True,177400,36800,17000,21800,39700,14900,19800,11900,9800,5700
4258,416,20260401,True,174200,33600,16800,22200,39600,14800,19800,11900,9800,5700
4259,416,20260301,True,174100,34100,15000,23500,39500,14800,19800,11900,9800,5700
4260,416,20260201,True,181000,31200,17700,31000,39400,14800,19700,11800,9800,5600
4261,417,20260901,True,195400,42300,23000,26700,40000,15000,20000,12000,11700,4700
4262,417,20260801,True,180400,38900,20700,17500,39900,15000,20000,12000,11700,4700
4263,417,20260701,True,185600,40600,22700,19300,39800,14900,19900,12000,11700,4700
4264,417,20260601,True,180500,40600,21100,15900,39800,14900,19900,11900,11700,4700
4265,417,20260501,False,191100,41200,20200,27200,39700,14900,19800,11900,11600,4600
4266,417,20260401,True,189500,40100,20400,26700,39600,14800,19800,11900,11600,4600
4267,418,20260901,True,205300,45500,23600,32100,40000,15000,20000,12000,11100,6000
4268,418,20260801,True,194900,44200,27200,19500,39900,15000,20000,12000,11100,6000
4269,418,20260701,True,193600,46100,21800,22100,39800,14900,19900,12000,11000,6000
4270,418,20260601,True,186900,41200,24100,18100,39800,14900,19900,11900,11000,6000
4271,418,20260501,True,204400,47200,24000,29900,39700,14900,19800,11900,11000,6000
4272,418,20260401,True,203800,48000,23400,29300,39600,14800,19800,11900,11000,6000
4273,418,20260301,True,195900,42000,23900,27100,39500,14800,19800,11900,11000,5900
4274,418,20260201,True,214500,46500,24600,40900,39400,14800,19700,11800,10900,5900
4275,418,20260101,True,214200,45400,25000,41300,39400,14800,19700,11800,10900,5900
4276,418,20251201,True,209300,42400,24100,40600,39300,14700,19600,11800,10900,5900
4277,418,20251101,True,197600,44400,22200,28900,39200,14700,19600,11800,10900,5900
4278,418,20251001,True,199600,44200,24500,29100,39100,14700,19600,11700,10800,5900
4279,418,20250901,True,200800,47400,21600,30300,39000,14600,19500,11700,10800,5900
4280,418,20250801,True,191700,44800,24200,21200,39000,14600,19500,11700,10800,5900
4281,418,20250701,True,192500,45000,24500,21700,38900,14600,19400,11700,10800,5900
4282,418,20250601,True,189800,45600,23400,19800,38800,14600,19400,11600,10800,5800
4283,418,20250501,True,198900,48700,21900,27600,38700,14500,19400,11600,10700,5800
4284,418,20250401,True,196700,42500,23000,30700,38600,14500,19300,11600,10700,5800
4285,418,20250301,True,203600,49300,23900,29900,38600,14500,19300,11600,10700,5800
4286,418,20250201,True,207600,45400,23100,39000,38500,14400,19200,11500,10700,5800
4287,418,20250101,True,209400,46200,23000,40300,38400,14400,19200,11500,10600,5800
4288,418,20241201,True,209800,44500,22400,43100,38300,14400,19200,11500,10600,5800
4289,418,20241101,True,199800,47000,22300,31000,38200,14300,19100,11500,10600,5800
4290,418,20241001,False,197700,46100,23400,28900,38200,14300,19100,11400,10600,5700
4291,418,20240901,True,196000,44200,23300,29400,38100,14300,19000,11400,10600,5700
4292,418,20240801,True,184000,42000,22200,21000,38000,14200,19000,11400,10500,5700
4293,418,20240701,True,186300,44800,22400,20400,37900,14200,19000,11400,10500,5700
4294,419,20260901,True,192700,39400,25800,28700,40000,15000,20000,12000,8000,3800
4295,419,20260801,True,193800,46900,25500,22700,39900,15000,20000,12000,8000,3800
4296,419,20260701,True,192700,47900,24500,21900,39800,14900,19900,12000,8000,3800
4297,419,20260601,True,192800,46000,25700,22800,39800,14900,19900,11900,8000,3800
4298,419,20260501,True,198900,44200,25000,31700,39700,14900,19800,11900,8000,3700
4299,419,20260401,True,205300,50200,26200,31100,39600,14800,19800,11900,8000,3700
4300,419,20260301,True,199700,47000,23800,31300,39500,14800,19800,11900,7900,3700
4301,420,20260901,True,154200,23700,11900,15200,40000,15000,20000,12000,11700,4700
4302,421,20260901,True,148000,22900,10100,16400,40000,15000,20000,12000,8500,3100
4303,421,20260801,True,148800,25500,14100,10700,39900,15000,20000,12000,8500,3100
4304,421,20260701,True,140300,23200,9900,9000,39800,14900,19900,12000,8500,3100
4305,421,20260601,True,145100,23100,14100,9800,39800,14900,19900,11900,8500,3100
4306,421,20260501,True,146800,23400,10900,14600,39700,14900,19800,11900,8500,3100
4307,421,20260401,True,151400,25900,11200,16700,39600,14800,19800,11900,8400,3100
4308,421,20260301,True,146600,22900,11400,14800,39500,14800,19800,11900,8400,3100
4309,421,20260201,True,153200,24200,12100,19700,39400,14800,19700,11800,8400,3100
4310,421,20260101,True,156600,26600,11900,20900,39400,14800,19700,11800,8400,3100
4311,422,20260901,True,209300,65100,18100,22000,40000,15000,20000,12000,11100,6000
4312,423,20260901,True,168300,31900,15000,18800,40000,15000,20000,12000,9900,5700
4313,423,20260801,True,159000,29200,16800,10500,39900,15000,20000,12000,9900,5700
4314,423,20260701,True,155400,26200,14200,12800,39800,14900,19900,12000,9900,5700
4315,423,20260601,True,158600,26800,15100,14700,39800,14900,19900,11900,9800,5700
4316,423,20260501,True,168600,31000,14600,21200,39700,14900,19800,11900,9800,5700
4317,423,20260401,True,160400,27400,13800,17600,39600,14800,19800,11900,9800,5700
4318,423,20260301,True,161400,28600,13100,18200,39500,14800,19800,11900,9800,5700
4319,423,20260201,True,163200,20400,13600,28100,39400,14800,19700,11800,9800,5600
4320,423,20260101,True,170400,29900,13700,25800,39400,14800,19700,11800,9700,5600
4321,423,20251201,True,165300,21900,16600,26100,39300,14700,19600,11800,9700,5600
4322,423,20251101,True,164800,29300,13900,21000,39200,14700,19600,11800,9700,5600
4323,423,20251001,True,161700,29100,14400,17800,39100,14700,19600,11700,9700,5600
4324,423,20250901,True,161700,28700,14200,18700,39000,14600,19500,11700,9700,5600
4325,423,20250801,True,160000,30200,17100,12700,39000,14600,19500,11700,9600,5600
4326,423,20250701,True,157700,28900,17200,11800,38900,14600,19400,11700,9600,5600
4327,423,20250601,True,154200,27700,14500,12400,38800,14600,19400,11600,9600,5600
4328,423,20250501,True,163000,32000,12500,19200,38700,14500,19400,11600,9600,5500
4329,423,20250401,False,163100,29700,13900,20400,38600,14500,19300,11600,9600,5500
4330,423,20250301,True,159800,28400,13200,19200,38600,14500,19300,11600,9500,5500
4331,423,20250201,True,167800,27200,15500,26500,38500,14400,19200,11500,9500,5500
4332,423,20250101,True,165900,29800,13800,23800,38400,14400,19200,11500,9500,5500
4333,423,20241201,True,169200,26900,16200,27700,38300,14400,19200,11500,9500,5500
4334,423,20241101,True,159500,27200,14600,19600,38200,14300,19100,11500,9500,5500
4335,423,20241001,True,155100,26700,13200,17300,38200,14300,19100,11400,9400,5500
4336,423,20240901,True,161300,29900,15100,18700,38100,14300,19000,11400,9400,5400
4337,423,20240801,True,152500,26800,13800,14500,38000,14200,19000,11400,9400,5400
4338,423,20240701,True,150900,26500,15100,12000,37900,14200,19000,11400,9400,5400
4339,423,20240601,True,151200,23200,15800,15100,37800,14200,18900,11400,9400,5400
4340,423,20240501,True,154600,27700,14500,15500,37800,14200,18900,11300,9300,5400
4341,423,20240401,True,155700,29300,14100,15700,37700,14100,18800,11300,9300,5400
4342,423,20240301,True,156000,26400,15900,17200,37600,14100,18800,11300,9300,5400
4343,423,20240201,True,163000,26400,15100,25100,37500,14100,18800,11300,9300,5400
4344,423,20240101,True,166300,28500,16200,25600,37400,14000,18700,11200,9300,5400
4345,423,20231201,False,163000,27200,15600,24400,37400,14000,18700,11200,9200,5300
4346,423,20231101,True,155300,27800,15400,16500,37300,14000,18600,11200,9200,5300
4347,423,20231001,True,158100,30600,15500,16600,37200,13900,18600,11200,9200,5300
4348,423,20230901,True,152300,26600,13600,16900,37100,13900,18600,11100,9200,5300
4349,423,20230801,True,154500,29700,15200,14600,37000,13900,18500,11100,9200,5300
4350,423,20230701,True,149200,28900,14500,10900,37000,13900,18500,11100,9100,5300
4351,423,20230601,True,151500,30300,12400,14200,36900,13800,18400,11100,9100,5300
4352,423,20230501,True,155900,27500,16300,17700,36800,13800,18400,11000,9100,5300
4353,423,20230401,True,156700,30100,12900,19400,36700,13800,18400,11000,9100,5300
4354,424,20260901,True,164600,29400,15400,21000,40000,15000,20000,12000,8000,3800
4355,425,20260901,True,139600,15100,11600,13100,40000,15000,20000,12000,7300,5500
4356,425,20260801,True,138800,20900,9400,8800,39900,15000,20000,12000,7300,5500
4357,425,20260701,False,142500,19800,11900,11400,39800,14900,19900,12000,7300,5500
4358,425,20260601,True,151100,24800,12800,14200,39800,14900,19900,11900,7300,5500
4359,425,20260501,True,146600,22200,12500,12800,39700,14900,19800,11900,7300,5500
4360,425,20260401,True,140100,17100,11500,12700,39600,14800,19800,11900,7200,5500
4361,426,20260901,True,189200,39200,24000,27200,40000,15000,20000,12000,8000,3800
4362,426,20260801,True,182700,41400,23300,19300,39900,15000,20000,12000,8000,3800
4363,426,20260701,True,179000,38400,23300,18900,39800,14900,19900,12000,8000,3800
4364,427,20260901,True,145100,16400,11200,16600,40000,15000,20000,12000,10900,3000
4365,428,20260901,True,147400,24200,12600,13500,40000,15000,20000,12000,6600,3500
4366,428,20260801,True,143800,23800,12200,10900,39900,15000,20000,12000,6500,3500
4367,428,20260701,True,148100,24400,13900,13200,39800,14900,19900,12000,6500,3500
4368,429,20260901,True,187900,41000,22000,26100,40000,15000,20000,12000,7700,4100
4369,429,20260801,True,176000,37200,20900,19300,39900,15000,20000,12000,7600,4100
4370,429,20260701,True,179800,42400,21400,17700,39800,14900,19900,12000,7600,4100
4371,429,20260601,True,173800,36400,22300,16900,39800,14900,19900,11900,7600,4100
4372,429,20260501,True,179900,35600,20500,25800,39700,14900,19800,11900,7600,4100
4373,429,20260401,True,189100,40700,21300,29300,39600,14800,19800,11900,7600,4100
4374,429,20260301,True,187900,41100,20900,28200,39500,14800,19800,11900,7600,4100
4375,429,20260201,True,199300,41500,21300,39200,39400,14800,19700,11800,7500,4100
4376,429,20260101,True,191100,36600,16800,40400,39400,14800,19700,11800,7500,4100
4377,429,20251201,True,198300,40300,21900,39200,39300,14700,19600,11800,7500,4000
4378,429,20251101,True,185700,41400,22600,24900,39200,14700,19600,11800,7500,4000
4379,429,20251001,True,183400,40600,22500,23700,39100,14700,19600,11700,7500,4000
4380,429,20250901,True,186300,43000,21500,25500,39000,14600,19500,11700,7500,4000
4381,429,20250801,True,172400,35500,22600,18000,39000,14600,19500,11700,7500,4000
4382,429,20250701,True,179500,40700,23100,19700,38900,14600,19400,11700,7400,4000
4383,429,20250601,True,172800,38600,20200,18200,38800,14600,19400,11600,7400,4000
4384,429,20250501,True,182900,42100,19800,25400,38700,14500,19400,11600,7400,4000
4385,429,20250401,True,183300,41200,21900,24800,38600,14500,19300,11600,7400,4000
4386,429,20250301,True,180500,37500,21500,26100,38600,14500,19300,11600,7400,4000
4387,429,20250201,True,197700,42100,23600,37000,38500,14400,19200,11500,7400,4000
4388,429,20250101,True,196500,43400,20600,37700,38400,14400,19200,11500,7300,4000
4389,429,20241201,True,190100,37900,21000,36600,38300,14400,19200,11500,7300,3900
4390,429,20241101,True,189900,46000,21500,28100,38200,14300,19100,11500,7300,3900
4391,429,20241001,True,182000,37200,22400,28200,38200,14300,19100,11400,7300,3900
4392,429,20240901,False,186900,42700,21500,28700,38100,14300,19000,11400,7300,3900
4393,429,20240801,True,176900,42300,21800,19000,38000,14200,19000,11400,7300,3900
4394,430,20260901,True,178400,32000,19400,23600,40000,15000,20000,12000,11700,4700
4395,431,20260901,True,175700,37100,19400,20400,40000,15000,20000,12000,8000,3800
4396,431,20260801,True,171900,37900,18700,16600,39900,15000,20000,12000,8000,3800
4397,431,20260701,True,173200,38400,18500,17900,39800,14900,19900,12000,8000,3800
4398,431,20260601,True,170000,36500,19800,15400,39800,14900,19900,11900,8000,3800
4399,431,20260501,True,169300,34000,16300,21000,39700,14900,19800,11900,8000,3700
4400,431,20260401,True,178100,36900,16700,26700,39600,14800,19800,11900,8000,3700
4401,431,20260301,True,176200,34700,19100,24800,39500,14800,19800,11900,7900,3700
4402,431,20260201,True,184000,35000,18600,33100,39400,14800,19700,11800,7900,3700
4403,431,20260101,True,190900,39000,19600,35000,39400,14800,19700,11800,7900,3700
4404,431,20251201,True,187500,35800,19900,34800,39300,14700,19600,11800,7900,3700
4405,431,20251101,True,176100,37000,19100,23100,39200,14700,19600,11800,7900,3700
4406,431,20251001,True,178200,36500,19500,25500,39100,14700,19600,11700,7900,3700
4407,431,20250901,True,173800,34500,20100,22900,39000,14600,19500,11700,7800,3700
4408,431,20250801,True,172400,40900,16800,18400,39000,14600,19500,11700,7800,3700
4409,431,20250701,True,171300,39100,19400,16700,38900,14600,19400,11700,7800,3700
4410,431,20250601,True,169000,37900,18400,16800,38800,14600,19400,11600,7800,3700
4411,431,20250501,True,176400,37300,19400,24000,38700,14500,19400,11600,7800,3700
4412,431,20250401,True,178200,36800,20800,25200,38600,14500,19300,11600,7800,3600
4413,431,20250301,True,176300,37400,18300,25200,38600,14500,19300,11600,7800,3600
4414,431,20250201,True,182400,34200,20400,32900,38500,14400,19200,11500,7700,3600
4415,431,20250101,True,187000,37000,19000,36200,38400,14400,19200,11500,7700,3600
4416,431,20241201,True,184500,37000,20500,32300,38300,14400,19200,11500,7700,3600
4417,431,20241101,True,175800,40100,18900,22400,38200,14300,19100,11500,7700,3600
4418,431,20241001,True,174800,36900,20700,22900,38200,14300,19100,11400,7700,3600
4419,431,20240901,True,168300,35200,15500,23500,38100,14300,19000,11400,7700,3600
4420,431,20240801,True,170700,38400,21100,17400,38000,14200,19000,11400,7600,3600
4421,431,20240701,True,161400,33000,16600,18100,37900,14200,19000,11400,7600,3600
4422,431,20240601,True,166800,35600,19100,18600,37800,14200,18900,11400,7600,3600
4423,431,20240501,True,169500,31200,20800,24100,37800,14200,18900,11300,7600,3600
4424,431,20240401,True,173600,36700,18800,25000,37700,14100,18800,11300,7600,3600
4425,431,20240301,True,172100,35100,16600,27400,37600,14100,18800,11300,7600,3600
4426,431,20240201,True,181600,35300,17900,35700,37500,14100,18800,11300,7500,3500
4427,431,20240101,True,181700,35900,19900,33600,37400,14000,18700,11200,7500,3500
4428,432,20260901,True,194400,41300,23300,27200,40000,15000,20000,12000,9900,5700
4429,432,20260801,True,188800,42700,22700,20900,39900,15000,20000,12000,9900,5700
4430,432,20260701,True,185700,43800,22600,17100,39800,14900,19900,12000,9900,5700
4431,432,20260601,True,188200,42700,23000,20500,39800,14900,19900,11900,9800,5700
4432,432,20260501,True,191900,41700,19900,28500,39700,14900,19800,11900,9800,5700
4433,432,20260401,True,197200,46900,20700,28000,39600,14800,19800,11900,9800,5700
4434,432,20260301,True,185800,35600,22400,26300,39500,14800,19800,11900,9800,5700
4435,432,20260201,True,211200,46700,23100,40300,39400,14800,19700,11800,9800,5600
4436,432,20260101,True,198600,38000,20500,39100,39400,14800,19700,11800,9700,5600
4437,432,20251201,True,197500,36800,21600,38400,39300,14700,19600,11800,9700,5600
4438,432,20251101,True,188800,39600,21300,27300,39200,14700,19600,11800,9700,5600
4439,432,20251001,True,192000,42100,22200,27300,39100,14700,19600,11700,9700,5600
4440,432,20250901,True,190500,42000,19400,29000,39000,14600,19500,11700,9700,5600
4441,432,20250801,True,177800,42300,20800,14700,39000,14600,19500,11700,9600,5600
4442,432,20250701,True,179500,38400,22400,18900,38900,14600,19400,11700,9600,5600
4443,432,20250601,True,182300,40800,22700,19200,38800,14600,19400,11600,9600,5600
4444,432,20250501,True,187300,42400,21400,24200,38700,14500,19400,11600,9600,5500
4445,432,20250401,True,189100,41700,20300,28000,38600,14500,19300,11600,9600,5500
4446,432,20250301,True,190000,41100,20900,29000,38600,14500,19300,11600,9500,5500
4447,432,20250201,True,200600,43500,20400,38100,38500,14400,19200,11500,9500,5500
4448,432,20250101,True,201000,40100,21700,40700,38400,14400,19200,11500,9500,5500
4449,432,20241201,True,201500,44100,21900,37100,38300,14400,19200,11500,9500,5500
4450,432,20241101,True,183700,37400,21500,26700,38200,14300,19100,11500,9500,5500
4451,432,20241001,True,190500,44300,23100,25200,38200,14300,19100,11400,9400,5500
4452,432,20240901,True,184700,38800,21300,27000,38100,14300,19000,11400,9400,5400
4453,432,20240801,True,182600,42700,22500,20000,38000,14200,19000,11400,9400,5400
4454,433,20260901,True,163200,39000,11000,16000,40000,15000,20000,12000,6200,4000
4455,434,20260901,True,145300,17700,11600,15800,40000,15000,20000,12000,7300,5900
4456,434,20260801,True,139900,18900,10600,10300,39900,15000,20000,12000,7300,5900
4457,434,20260701,True,145700,23700,10200,12000,39800,14900,19900,12000,7300,5900
4458,434,20260601,True,144400,22600,11800,10300,39800,14900,19900,11900,7300,5900
4459,434,20260501,True,150500,25300,9800,15900,39700,14900,19800,11900,7300,5900
4460,434,20260401,True,152300,22600,12900,17600,39600,14800,19800,11900,7200,5900
4461,434,20260301,True,148100,21300,13200,14500,39500,14800,19800,11900,7200,5900
4462,434,20260201,True,162200,27100,12500,23800,39400,14800,19700,11800,7200,5900
4463,434,20260101,True,155900,24600,12400,20100,39400,14800,19700,11800,7200,5900
4464,434,20251201,True,157400,26500,11500,21000,39300,14700,19600,11800,7200,5800
4465,434,20251101,True,151900,25500,11100,17000,39200,14700,19600,11800,7200,5800
4466,434,20251001,True,149500,25100,12400,13900,39100,14700,19600,11700,7200,5800
4467,434,20250901,True,150700,24400,11500,17100,39000,14600,19500,11700,7100,5800
4468,434,20250801,True,146000,24200,12600,11500,39000,14600,19500,11700,7100,5800
4469,434,20250701,True,142800,24300,10100,10900,38900,14600,19400,11700,7100,5800
4470,434,20250601,True,143100,22300,12400,11100,38800,14600,19400,11600,7100,5800
4471,434,20250501,True,149200,24300,11300,16500,38700,14500,19400,11600,7100,5800
4472,434,20250401,False,145600,21300,12000,15500,38600,14500,19300,11600,7100,5700
4473,434,20250301,False,141300,21200,9700,13600,38600,14500,19300,11600,7100,5700
4474,434,20250201,True,148100,21200,10900,19700,38500,14400,19200,11500,7000,5700
4475,435,20260901,True,170300,32300,16200,20000,40000,15000,20000,12000,11400,3400
4476,435,20260801,True,164100,30300,18600,13600,39900,15000,20000,12000,11300,3400
4477,435,20260701,True,165800,35600,16100,12800,39800,14900,19900,12000,11300,3400
4478,436,20260901,True,185600,38100,23100,27200,40000,15000,20000,12000,6200,4000
4479,436,20260801,True,183300,43800,22700,19800,39900,15000,20000,12000,6100,4000
4480,437,20260901,True,182200,36600,21200,24600,40000,15000,20000,12000,7300,5500
4481,437,20260801,True,178700,39300,20900,18800,39900,15000,20000,12000,7300,5500
4482,437,20260701,True,178600,40700,20000,18500,39800,14900,19900,12000,7300,5500
4483,437,20260601,True,176800,35700,20400,21400,39800,14900,19900,11900,7300,5500
4484,437,20260501,True,183500,40300,19100,25000,39700,14900,19800,11900,7300,5500
4485,437,20260401,True,186000,41100,19500,26600,39600,14800,19800,11900,7200,5500
4486,437,20260301,True,183300,39500,18800,26300,39500,14800,19800,11900,7200,5500
4487,437,20260201,True,193400,38900,19400,36800,39400,14800,19700,11800,7200,5400
4488,438,20260901,True,171900,31700,18600,21400,40000,15000,20000,12000,7300,5900
4489,438,20260801,True,168300,34700,17900,15600,39900,15000,20000,12000,7300,5900
4490,438,20260701,True,163200,31900,18200,13300,39800,14900,19900,12000,7300,5900
4491,438,20260601,True,165700,34500,15700,15800,39800,14900,19900,11900,7300,5900
4492,438,20260501,True,168700,32000,16200,21000,39700,14900,19800,11900,7300,5900
4493,438,20260401,True,171000,32800,17800,21200,39600,14800,19800,11900,7200,5900
4494,438,20260301,True,171100,34800,14700,22500,39500,14800,19800,11900,7200,5900
4495,438,20260201,True,177800,32300,16700,30000,39400,14800,19700,11800,7200,5900
4496,438,20260101,True,171100,29100,15900,27300,39400,14800,19700,11800,7200,5900
4497,438,20251201,True,177100,30500,17600,30600,39300,14700,19600,11800,7200,5800
4498,438,20251101,True,167900,29900,18500,21200,39200,14700,19600,11800,7200,5800
4499,438,20251001,True,166300,31100,15900,21200,39100,14700,19600,11700,7200,5800
4500,438,20250901,True,165800,30800,19000,18300,39000,14600,19500,11700,7100,5800
4501,438,20250801,True,165300,34500,18700,14400,39000,14600,19500,11700,7100,5800
4502,438,20250701,True,163000,32500,18400,14600,38900,14600,19400,11700,7100,5800
4503,438,20250601,True,160400,32400,15300,15400,38800,14600,19400,11600,7100,5800
4504,438,20250501,True,165000,30500,16700,20700,38700,14500,19400,11600,7100,5800
4505,438,20250401,True,165200,33300,15100,20000,38600,14500,19300,11600,7100,5700
4506,438,20250301,True,167500,34200,16500,20000,38600,14500,19300,11600,7100,5700
4507,438,20250201,True,174000,35300,14600,27800,38500,14400,19200,11500,7000,5700
4508,438,20250101,True,177500,35200,17300,28800,38400,14400,19200,11500,7000,5700
4509,438,20241201,True,176100,30300,18600,31100,38300,14400,19200,11500,7000,5700
4510,438,20241101,True,160400,27600,17300,19700,38200,14300,19100,11500,7000,5700
4511,438,20241001,True,171700,37800,16900,21300,38200,14300,19100,11400,7000,5700
4512,438,20240901,True,170200,34400,19800,20500,38100,14300,19000,11400,7000,5700
4513,439,20260901,True,143800,18400,9100,14500,40000,15000,20000,12000,11400,3400
4514,439,20260801,True,141200,20000,11800,7800,39900,15000,20000,12000,11300,3400
4515,439,20260701,True,141100,19700,9100,11000,39800,14900,19900,12000,11300,3400
4516,439,20260601,True,142200,18400,10100,12500,39800,14900,19900,11900,11300,3400
4517,439,20260501,True,147900,19100,10700,17100,39700,14900,19800,11900,11300,3400
4518,439,20260401,True,144400,21300,10600,11800,39600,14800,19800,11900,11200,3400
4519,439,20260301,True,145300,22600,8700,13400,39500,14800,19800,11900,11200,3400
4520,439,20260201,True,154700,22500,11400,20500,39400,14800,19700,11800,11200,3400
4521,439,20260101,True,152600,23500,11300,17500,39400,14800,19700,11800,11200,3400
4522,439,20251201,True,152700,24300,9600,18900,39300,14700,19600,11800,11100,3400
4523,439,20251101,True,146100,19900,12500,13900,39200,14700,19600,11800,11100,3400
4524,439,20251001,True,149700,24600,12900,12600,39100,14700,19600,11700,11100,3400
4525,439,20250901,True,147600,21200,12200,14900,39000,14600,19500,11700,11100,3400
4526,439,20250801,True,140000,22100,11800,6900,39000,14600,19500,11700,11100,3300
4527,439,20250701,True,140800,20400,12100,9400,38900,14600,19400,11700,11000,3300
4528,439,20250601,True,145800,28800,8500,9800,38800,14600,19400,11600,11000,3300
4529,439,20250501,True,142300,18600,10100,15100,38700,14500,19400,11600,11000,3300
4530,439,20250401,True,144500,20300,10700,15200,38600,14500,19300,11600,11000,3300
4531,439,20250301,True,142100,20700,8000,15200,38600,14500,19300,11600,10900,3300
4532,439,20250201,True,152700,22900,11900,20100,38500,14400,19200,11500,10900,3300
4533,439,20250101,True,145600,16400,10800,20700,38400,14400,19200,11500,10900,3300
4534,439,20241201,True,149400,23400,10800,17600,38300,14400,19200,11500,10900,3300
4535,439,20241101,True,147000,22800,11400,15500,38200,14300,19100,11500,10900,3300
4536,439,20241001,True,143300,25000,9400,11800,38200,14300,19100,11400,10800,3300
4537,439,20240901,True,142400,22000,9500,14000,38100,14300,19000,11400,10800,3300
4538,439,20240801,True,143700,23300,11900,11800,38000,14200,19000,11400,10800,3300
4539,439,20240701,True,137400,17100,11500,12200,37900,14200,19000,11400,10800,3300
4540,439,20240601,True,136800,20700,9500,10400,37800,14200,18900,11400,10700,3200
4541,440,20260901,True,186700,41000,21600,25500,40000,15000,20000,12000,8500,3100
4542,440,20260801,True,180400,39700,21400,20800,39900,15000,20000,12000,8500,3100
4543,440,20260701,True,175300,37200,21000,18900,39800,14900,19900,12000,8500,3100
4544,440,20260601,True,169300,35600,16900,18700,39800,14900,19900,11900,8500,3100
4545,440,20260501,True,182400,39500,19400,25600,39700,14900,19800,11900,8500,3100
4546,440,20260401,True,181000,37800,19700,25900,39600,14800,19800,11900,8400,3100
4547,440,20260301,True,184500,39600,21000,26400,39500,14800,19800,11900,8400,3100
4548,440,20260201,True,194400,42000,21700,33500,39400,14800,19700,11800,8400,3100
4549,441,20260901,True,146100,18700,10700,12900,40000,15000,20000,12000,10400,6400
4550,441,20260801,True,147500,21300,12200,10300,39900,15000,20000,12000,10400,6400
4551,441,20260701,True,142900,18800,12500,8200,39800,14900,19900,12000,10400,6400
4552,441,20260601,True,148500,22800,13200,9300,39800,14900,19900,11900,10400,6300
4553,442,20260901,True,151900,23900,12900,14900,40000,15000,20000,12000,7300,5900
4554,443,20260901,True,159800,29300,14000,19400,40000,15000,20000,12000,6600,3500
4555,444,20260901,True,151000,24500,10800,13100,40000,15000,20000,12000,9900,5700
4556,444,20260801,True,144600,22100,10300,9700,39900,15000,20000,12000,9900,5700
4557,444,20260701,True,142400,21800,10000,8400,39800,14900,19900,12000,9900,5700
4558,444,20260601,True,147500,24300,11900,9300,39800,14900,19900,11900,9800,5700
4559,445,20260901,True,151300,23200,13000,15200,40000,15000,20000,12000,9800,3100
4560,445,20260801,True,144700,23300,10800,10800,39900,15000,20000,12000,9800,3100
4561,445,20260701,True,146300,26200,11300,9300,39800,14900,19900,12000,9800,3100
4562,445,20260601,True,150900,26500,13600,11400,39800,14900,19900,11900,9800,3100
4563,445,20260501,True,152500,27100,12000,14200,39700,14900,19800,11900,9800,3100
4564,445,20260401,True,157200,26700,13500,18100,39600,14800,19800,11900,9700,3100
4565,445,20260301,True,150600,25200,10700,15900,39500,14800,19800,11900,9700,3100
4566,445,20260201,True,162000,26700,14100,22700,39400,14800,19700,11800,9700,3100
4567,445,20260101,True,156500,26600,10900,20500,39400,14800,19700,11800,9700,3100
4568,445,20251201,True,154300,24900,12600,18600,39300,14700,19600,11800,9700,3100
4569,445,20251101,True,149900,22100,14800,15000,39200,14700,19600,11800,9600,3100
4570,445,20251001,True,152600,25200,13500,16100,39100,14700,19600,11700,9600,3100
4571,445,20250901,True,146200,23200,11800,13700,39000,14600,19500,11700,9600,3100
4572,445,20250801,True,144500,25700,10200,11200,39000,14600,19500,11700,9600,3000
4573,445,20250701,True,143200,22100,12700,11200,38900,14600,19400,11700,9600,3000
4574,445,20250601,True,150700,27100,14400,12300,38800,14600,19400,11600,9500,3000
4575,445,20250501,True,154000,29000,13100,15200,38700,14500,19400,11600,9500,3000
4576,445,20250401,True,150600,24200,13000,16900,38600,14500,19300,11600,9500,3000
4577,445,20250301,True,146000,20500,14000,15000,38600,14500,19300,11600,9500,3000
4578,445,20250201,True,157100,24900,13400,22700,38500,14400,19200,11500,9500,3000
4579,445,20250101,True,158500,25700,12500,24400,38400,14400,19200,11500,9400,3000
4580,445,20241201,True,156700,27000,13900,20000,38300,14400,19200,11500,9400,3000
4581,445,20241101,True,142700,22700,11600,12900,38200,14300,19100,11500,9400,3000
4582,445,20241001,True,145600,20300,13300,16600,38200,14300,19100,11400,9400,3000
4583,445,20240901,True,149000,24700,12000,17100,38100,14300,19000,11400,9400,3000
4584,445,20240801,True,143800,22800,12100,14000,38000,14200,19000,11400,9300,3000
4585,445,20240701,True,142300,21800,13600,12100,37900,14200,19000,11400,9300,3000
4586,445,20240601,True,145200,24700,13700,12200,37800,14200,18900,11400,9300,3000
4587,445,20240501,True,146300,22900,12300,16600,37800,14200,18900,11300,9300,3000
4588,445,20240401,True,146900,23200,13400,16200,37700,14100,18800,11300,9300,2900
4589,445,20240301,True,141500,19000,14300,14300,37600,14100,18800,11300,9200,2900
4590,445,20240201,True,157200,23100,15500,24800,37500,14100,18800,11300,9200,2900
4591,446,20260901,True,190500,39100,22500,25500,40000,15000,20000,12000,11700,4700
4592,446,20260801,True,188500,44200,22200,18800,39900,15000,20000,12000,11700,4700
4593,446,20260701,True,184100,41400,19800,19900,39800,14900,19900,12000,11700,4700
4594,446,20260601,True,179100,36700,22700,16800,39800,14900,19900,11900,11700,4700
4595,446,20260501,True,192400,44500,22100,23300,39700,14900,19800,11900,11600,4600
4596,446,20260401,True,189700,41000,22100,24300,39600,14800,19800,11900,11600,4600
4597,447,20260901,True,207700,50500,25400,31900,40000,15000,20000,12000,9800,3100
4598,447,20260801,True,197400,50100,26200,21300,39900,15000,20000,12000,9800,3100
4599,448,20260901,True,162600,30700,14200,18900,40000,15000,20000,12000,8000,3800
4600,448,20260801,True,155900,29800,15100,12300,39900,15000,20000,12000,8000,3800
4601,448,20260701,False,159100,28100,16100,16500,39800,14900,19900,12000,8000,3800
4602,448,20260601,True,155100,27900,15700,13200,39800,14900,19900,11900,8000,3800
4603,448,20260501,True,155700,24800,14000,18900,39700,14900,19800,11900,8000,3700
4604,448,20260401,True,161300,26400,17100,20000,39600,14800,19800,11900,8000,3700
4605,448,20260301,True,157400,26000,13700,20100,39500,14800,19800,11900,7900,3700
4606,449,20260901,True,143700,20700,10400,12800,40000,15000,20000,12000,7300,5500
4607,449,20260801,True,138200,19900,10300,8300,39900,15000,20000,12000,7300,5500
4608,449,20260701,True,131900,13600,9200,9700,39800,14900,19900,12000,7300,5500
4609,449,20260601,True,147500,25400,12000,10800,39800,14900,19900,11900,7300,5500
4610,449,20260501,True,146400,22600,10500,14200,39700,14900,19800,11900,7300,5500
4611,449,20260401,True,146500,24100,10500,13100,39600,14800,19800,11900,7200,5500
4612,449,20260301,True,144300,21500,9600,14500,39500,14800,19800,11900,7200,5500
4613,449,20260201,True,149500,19100,11400,20700,39400,14800,19700,11800,7200,5400
4614,449,20260101,True,152200,25300,9700,18900,39400,14800,19700,11800,7200,5400
4615,449,20251201,True,151800,24200,10500,19100,39300,14700,19600,11800,7200,5400
4616,449,20251101,True,147000,25000,10500,13600,39200,14700,19600,11800,7200,5400
4617,449,20251001,True,140000,20400,9300,12600,39100,14700,19600,11700,7200,5400
4618,449,20250901,True,144100,20300,12700,13800,39000,14600,19500,11700,7100,5400
4619,449,20250801,True,142800,25100,10600,9800,39000,14600,19500,11700,7100,5400
4620,449,20250701,False,138200,20500,10900,9700,38900,14600,19400,11700,7100,5400
4621,449,20250601,True,140200,20600,10200,12500,38800,14600,19400,11600,7100,5400
4622,449,20250501,True,139700,19700,10100,13300,38700,14500,19400,11600,7100,5300
4623,449,20250401,True,140500,21600,8100,14400,38600,14500,19300,11600,7100,5300
4624,450,20260901,True,191200,39200,24500,28700,40000,15000,20000,12000,8000,3800
4625,450,20260801,True,189900,47000,24000,20200,39900,15000,20000,12000,8000,3800
4626,450,20260701,True,191200,44800,24200,23800,39800,14900,19900,12000,8000,3800
4627,450,20260601,True,187500,44200,24400,20600,39800,14900,19900,11900,8000,3800
4628,450,20260501,True,198400,45400,24400,30600,39700,14900,19800,11900,8000,3700
4629,450,20260401,True,203400,49500,24400,31700,39600,14800,19800,11900,8000,3700
4630,450,20260301,True,195000,42600,22000,32800,39500,14800,19800,11900,7900,3700
4631,450,20260201,True,213100,49000,25400,41400,39400,14800,19700,11800,7900,3700
4632,450,20260101,True,210800,47300,22900,43300,39400,14800,19700,11800,7900,3700
4633,450,20251201,True,206500,46500,23300,39700,39300,14700,19600,11800,7900,3700
4634,451,20260901,True,152700,26100,11300,15400,40000,15000,20000,12000,9800,3100
4635,451,20260801,True,147600,23800,11900,12100,39900,15000,20000,12000,9800,3100
4636,451,20260701,True,153000,28500,13000,12000,39800,14900,19900,12000,9800,3100
4637,452,20260901,True,162400,27700,12600,18000,40000,15000,20000,12000,11100,6000
4638,453,20260901,True,182500,39700,21200,24500,40000,15000,20000,12000,6600,3500
4639,454,20260901,True,155900,23800,15200,15100,40000,15000,20000,12000,11400,3400
4640,454,20260801,True,156100,25300,15200,14000,39900,15000,20000,12000,11300,3400
4641,454,20260701,True,154800,27200,11700,14600,39800,14900,19900,12000,11300,3400
4642,454,20260601,True,158800,29000,15600,13000,39800,14900,19900,11900,11300,3400
4643,454,20260501,True,158500,26200,12400,18900,39700,14900,19800,11900,11300,3400
4644,454,20260401,True,151200,24300,11400,14800,39600,14800,19800,11900,11200,3400
4645,454,20260301,True,158600,27600,14200,16200,39500,14800,19800,11900,11200,3400
4646,454,20260201,True,163300,26200,12600,24200,39400,14800,19700,11800,11200,3400
4647,454,20260101,True,164900,25200,14100,25300,39400,14800,19700,11800,11200,3400
4648,454,20251201,True,158700,24800,11600,22400,39300,14700,19600,11800,11100,3400
4649,454,20251101,True,154700,24200,12400,18300,39200,14700,19600,11800,11100,3400
4650,454,20251001,True,155700,24900,14100,17100,39100,14700,19600,11700,11100,3400
4651,454,20250901,True,159900,27900,14500,18200,39000,14600,19500,11700,11100,3400
4652,454,20250801,True,151100,27000,12700,12200,39000,14600,19500,11700,11100,3300
4653,454,20250701,True,148300,21300,15300,12800,38900,14600,19400,11700,11000,3300
4654,454,20250601,True,150300,24600,12900,14100,38800,14600,19400,11600,11000,3300
4655,454,20250501,True,149800,20600,13500,17200,38700,14500,19400,11600,11000,3300
4656,454,20250401,True,156700,27400,15100,15900,38600,14500,19300,11600,11000,3300
4657,454,20250301,True,154000,28200,12800,14800,38600,14500,19300,11600,10900,3300
4658,454,20250201,True,164900,27600,15100,24400,38500,14400,19200,11500,10900,3300
4659,454,20250101,True,164300,28400,15300,22900,38400,14400,19200,11500,10900,3300
4660,454,20241201,True,160900,25800,14300,23200,38300,14400,19200,11500,10900,3300
4661,454,20241101,True,159500,27600,15300,19300,38200,14300,19100,11500,10900,3300
4662,454,20241001,True,155200,27700,14300,16100,38200,14300,19100,11400,10800,3300
4663,455,20260901,True,180000,36600,20600,24200,40000,15000,20000,12000,8500,3100
4664,456,20260901,True,161900,27300,14300,18500,40000,15000,20000,12000,11400,3400
4665,456,20260801,True,159300,29000,17100,11600,39900,15000,20000,12000,11300,3400
4666,456,20260701,True,157900,28300,16000,12300,39800,14900,19900,12000,11300,3400
4667,456,20260601,True,162000,30400,15800,14600,39800,14900,19900,11900,11300,3400
4668,456,20260501,True,159700,28200,14700,15800,39700,14900,19800,11900,11300,3400
4669,456,20260401,True,161600,29200,15200,16500,39600,14800,19800,11900,11200,3400
4670,456,20260301,True,164300,27500,14700,21500,39500,14800,19800,11900,11200,3400
4671,456,20260201,True,170500,26100,17300,26800,39400,14800,19700,11800,11200,3400
4672,456,20260101,True,162600,25400,14500,22400,39400,14800,19700,11800,11200,3400
4673,456,20251201,True,168400,27600,16200,24700,39300,14700,19600,11800,11100,3400
4674,456,20251101,True,158500,28700,13300,16700,39200,14700,19600,11800,11100,3400
4675,456,20251001,True,163200,29100,15600,18900,39100,14700,19600,11700,11100,3400
4676,456,20250901,False,160700,30100,13500,17800,39000,14600,19500,11700,11100,3400
4677,457,20260901,True,160900,25500,14600,17400,40000,15000,20000,12000,11700,4700
4678,458,20260901,True,163000,27300,13700,20200,40000,15000,20000,12000,11400,3400
4679,458,20260801,True,150700,24700,12100,12300,39900,15000,20000,12000,11300,3400
4680,459,20260901,True,180600,40700,18100,24700,40000,15000,20000,12000,6600,3500
4681,460,20260901,True,172600,34800,15800,19400,40000,15000,20000,12000,9900,5700
4682,460,20260801,True,164600,33000,14600,14500,39900,15000,20000,12000,9900,5700
4683,460,20260701,True,169600,32700,18900,15800,39800,14900,19900,12000,9900,5700
4684,460,20260601,True,167700,32600,17800,15300,39800,14900,19900,11900,9800,5700
4685,460,20260501,True,174400,31400,17600,23600,39700,14900,19800,11900,9800,5700
4686,460,20260401,True,179300,36200,18200,23300,39600,14800,19800,11900,9800,5700
4687,460,20260301,True,179900,34800,19700,23900,39500,14800,19800,11900,9800,5700
4688,460,20260201,True,183200,31000,19100,32000,39400,14800,19700,11800,9800,5600
4689,460,20260101,True,185500,34600,18300,31600,39400,14800,19700,11800,9700,5600
4690,460,20251201,True,183600,36000,17700,29200,39300,14700,19600,11800,9700,5600
4691,460,20251101,True,174800,31200,19400,23600,39200,14700,19600,11800,9700,5600
4692,461,20260901,True,155700,26900,14900,13700,40000,15000,20000,12000,7300,5900
4693,461,20260801,True,153900,24900,15200,13700,39900,15000,20000,12000,7300,5900
4694,462,20260901,True,180800,39900,20000,22100,40000,15000,20000,12000,7700,4100
4695,462,20260801,True,176800,41100,20300,16800,39900,15000,20000,12000,7600,4100
4696,462,20260701,True,168800,34200,18600,17700,39800,14900,19900,12000,7600,4100
4697,462,20260601,True,166200,33000,18000,17000,39800,14900,19900,11900,7600,4100
4698,462,20260501,True,171200,32700,18100,22400,39700,14900,19800,11900,7600,4100
4699,462,20260401,True,177300,37300,17600,24600,39600,14800,19800,11900,7600,4100
4700,462,20260301,True,180600,37900,18600,26400,39500,14800,19800,11900,7600,4100
4701,462,20260201,True,185800,33400,20700,34400,39400,14800,19700,11800,7500,4100
4702,463,20260901,True,149900,20400,10900,14300,40000,15000,20000,12000,10800,6500
4703,463,20260801,True,146900,22800,9200,10700,39900,15000,20000,12000,10800,6500
4704,463,20260701,True,148200,21100,12400,10800,39800,14900,19900,12000,10800,6500
4705,463,20260601,False,146300,22400,11100,9000,39800,14900,19900,11900,10800,6500
4706,463,20260501,True,149000,22100,10200,13300,39700,14900,19800,11900,10700,6400
4707,463,20260401,True,150800,20100,12000,15500,39600,14800,19800,11900,10700,6400
4708,463,20260301,True,150200,22600,10600,13900,39500,14800,19800,11900,10700,6400
4709,464,20260901,True,180500,40100,18600,23000,40000,15000,20000,12000,8000,3800
4710,464,20260801,True,165000,33300,17400,15600,39900,15000,20000,12000,8000,3800
4711,464,20260701,True,166400,31900,18400,17700,39800,14900,19900,12000,8000,3800
4712,464,20260601,True,163300,32000,17900,15100,39800,14900,19900,11900,8000,3800
4713,464,20260501,True,175600,38900,17300,21400,39700,14900,19800,11900,8000,3700
4714,465,20260901,True,154200,25500,9900,15400,40000,15000,20000,12000,11700,4700
4715,466,20260901,True,179900,37200,17800,22300,40000,15000,20000,12000,9900,5700
4716,467,20260901,True,148400,24200,11500,15600,40000,15000,20000,12000,6600,3500
4717,468,20260901,True,198600,46800,22200,30800,40000,15000,20000,12000,8000,3800
4718,468,20260801,True,188900,42200,24500,23500,39900,15000,20000,12000,8000,3800
4719,468,20260701,True,193400,45900,25000,24100,39800,14900,19900,12000,8000,3800
4720,468,20260601,True,186800,45600,23100,19800,39800,14900,19900,11900,8000,3800
4721,468,20260501,True,199900,47300,24500,30100,39700,14900,19800,11900,8000,3700
4722,468,20260401,True,199100,46400,24700,30200,39600,14800,19800,11900,8000,3700
4723,468,20260301,True,197900,46800,23200,30300,39500,14800,19800,11900,7900,3700
4724,468,20260201,True,208700,44300,24400,42700,39400,14800,19700,11800,7900,3700
4725,468,20260101,True,207300,47500,22900,39600,39400,14800,19700,11800,7900,3700
4726,468,20251201,True,207600,45500,24100,41000,39300,14700,19600,11800,7900,3700
4727,468,20251101,True,195700,46200,23200,29400,39200,14700,19600,11800,7900,3700
4728,468,20251001,True,196500,47200,23500,29100,39100,14700,19600,11700,7900,3700
4729,468,20250901,True,196600,44600,25100,30600,39000,14600,19500,11700,7800,3700
4730,468,20250801,True,187400,46000,23000,22100,39000,14600,19500,11700,7800,3700
4731,469,20260901,True,158700,21500,17100,20300,40000,15000,20000,12000,7300,5500
4732,469,20260801,True,154800,27200,15000,12900,39900,15000,20000,12000,7300,5500
4733,469,20260701,True,159400,29200,16300,14500,39800,14900,19900,12000,7300,5500
4734,469,20260601,True,158200,28300,15800,14800,39800,14900,19900,11900,7300,5500
4735,469,20260501,True,162300,29800,15100,18300,39700,14900,19800,11900,7300,5500
4736,469,20260401,True,164500,29700,14400,21600,39600,14800,19800,11900,7200,5500
4737,469,20260301,True,161900,30500,14200,18500,39500,14800,19800,11900,7200,5500
4738,469,20260201,True,166000,30900,11900,24900,39400,14800,19700,11800,7200,5400
4739,469,20260101,True,175700,32300,17700,27400,39400,14800,19700,11800,7200,5400
4740,469,20251201,True,171300,27300,16000,30000,39300,14700,19600,11800,7200,5400
4741,469,20251101,True,168100,31800,16800,21600,39200,14700,19600,11800,7200,5400
4742,469,20251001,True,165700,30700,16300,21000,39100,14700,19600,11700,7200,5400
4743,469,20250901,True,158500,29500,14700,17000,39000,14600,19500,11700,7100,5400
4744,469,20250801,True,151600,24000,16700,13600,39000,14600,19500,11700,7100,5400
4745,470,20260901,True,155900,23900,13600,18500,40000,15000,20000,12000,9800,3100
4746,470,20260801,True,150100,24300,14300,11700,39900,15000,20000,12000,9800,3100
4747,470,20260701,True,149500,24600,14200,11200,39800,14900,19900,12000,9800,3100
4748,470,20260601,True,156600,29200,15700,12300,39800,14900,19900,11900,9800,3100
4749,470,20260501,False,153200,24700,13200,16100,39700,14900,19800,11900,9800,3100
4750,471,20260901,True,148500,20500,9800,14400,40000,15000,20000,12000,10400,6400
4751,472,20260901,True,154000,26000,12600,13600,40000,15000,20000,12000,11400,3400
4752,472,20260801,True,154000,27900,12600,11900,39900,15000,20000,12000,11300,3400
4753,472,20260701,True,149700,23800,13900,10700,39800,14900,19900,12000,11300,3400
4754,472,20260601,True,154200,28400,11900,12700,39800,14900,19900,11900,11300,3400
4755,472,20260501,True,159200,29400,11700,17100,39700,14900,19800,11900,11300,3400
4756,472,20260401,True,159000,28800,11800,17700,39600,14800,19800,11900,11200,3400
4757,472,20260301,True,154200,24800,14200,14600,39500,14800,19800,11900,11200,3400
4758,472,20260201,True,163000,24700,14000,24000,39400,14800,19700,11800,11200,3400
4759,472,20260101,True,160500,23400,11500,25300,39400,14800,19700,11800,11200,3400
4760,472,20251201,True,163300,27500,12000,23900,39300,14700,19600,11800,11100,3400
4761,472,20251101,False,154500,27100,13700,13900,39200,14700,19600,11800,11100,3400
4762,472,20251001,True,162000,27900,14800,19700,39100,14700,19600,11700,11100,3400
4763,472,20250901,True,158200,29200,13700,16000,39000,14600,19500,11700,11100,3400
4764,472,20250801,True,175300,54100,12300,9700,39000,14600,19500,11700,11100,3300
4765,472,20250701,True,148500,25700,14500,9400,38900,14600,19400,11700,11000,3300
4766,472,20250601,True,156400,28900,16100,12700,38800,14600,19400,11600,11000,3300
4767,472,20250501,True,156500,26500,14500,17000,38700,14500,19400,11600,11000,3300
4768,472,20250401,True,157000,28800,12800,17100,38600,14500,19300,11600,11000,3300
4769,472,20250301,True,153100,23300,14600,17000,38600,14500,19300,11600,10900,3300
4770,473,20260901,True,141800,20400,9200,15100,40000,15000,20000,12000,6600,3500
4771,473,20260801,True,139600,21900,10300,10500,39900,15000,20000,12000,6500,3500
4772,473,20260701,True,139200,20300,11200,11100,39800,14900,19900,12000,6500,3500
4773,473,20260601,True,137400,24300,8600,8000,39800,14900,19900,11900,6500,3500
4774,473,20260501,True,135000,17500,9100,12100,39700,14900,19800,11900,6500,3500
4775,473,20260401,True,137500,17500,11200,12800,39600,14800,19800,11900,6500,3400
4776,473,20260301,True,139900,21600,10800,11600,39500,14800,19800,11900,6500,3400
4777,473,20260201,True,145500,21200,10400,18300,39400,14800,19700,11800,6500,3400
4778,473,20260101,True,146600,21200,9800,20000,39400,14800,19700,11800,6500,3400
4779,473,20251201,True,144900,22400,9000,18300,39300,14700,19600,11800,6400,3400
4780,473,20251101,True,134400,16200,9300,13800,39200,14700,19600,11800,6400,3400
4781,473,20251001,True,136300,17600,11900,11900,39100,14700,19600,11700,6400,3400
4782,473,20250901,True,147600,28300,10600,14100,39000,14600,19500,11700,6400,3400
4783,473,20250801,True,135800,19900,9800,11500,39000,14600,19500,11700,6400,3400
4784,473,20250701,True,138700,24500,10600,9200,38900,14600,19400,11700,6400,3400
4785,473,20250601,True,132600,19000,9500,9900,38800,14600,19400,11600,6400,3400
4786,473,20250501,False,133500,16700,9500,13400,38700,14500,19400,11600,6300,3400
4787,473,20250401,True,138000,20800,10400,13100,38600,14500,19300,11600,6300,3400
4788,473,20250301,True,140700,21900,11100,14000,38600,14500,19300,11600,6300,3400
4789,473,20250201,True,146000,21200,9100,22400,38500,14400,19200,11500,6300,3400
4790,473,20250101,True,143600,19600,11500,19400,38400,14400,19200,11500,6300,3300
4791,473,20241201,True,143800,22100,9200,19500,38300,14400,19200,11500,6300,3300
4792,473,20241101,False,132300,17900,9400,12300,38200,14300,19100,11500,6300,3300
4793,473,20241001,True,135000,18100,10100,14200,38200,14300,19100,11400,6300,3300
4794,473,20240901,True,141800,22000,11800,15700,38100,14300,19000,11400,6200,3300
4795,473,20240801,True,137300,25100,10300,9800,38000,14200,19000,11400,6200,3300
4796,473,20240701,True,134500,19100,12400,11000,37900,14200,19000,11400,6200,3300
4797,473,20240601,True,135600,23600,10000,10200,37800,14200,18900,11400,6200,3300
4798,473,20240501,True,136600,19000,10600,15300,37800,14200,18900,11300,6200,3300
4799,473,20240401,True,136500,20700,11000,13400,37700,14100,18800,11300,6200,3300
4800,473,20240301,True,130700,17600,10000,11800,37600,14100,18800,11300,6200,3300
4801,473,20240201,False,143500,22000,10600,19800,37500,14100,18800,11300,6100,3300
4802,473,20240101,True,138500,14700,9500,23600,37400,14000,18700,11200,6100,3300
4803,473,20231201,True,140600,20500,10600,18800,37400,14000,18700,11200,6100,3300
4804,473,20231101,True,138000,25100,9700,12800,37300,14000,18600,11200,6100,3200
4805,473,20231001,True,139100,23300,10900,14700,37200,13900,18600,11200,6100,3200
4806,473,20230901,True,137500,24000,11200,12300,37100,13900,18600,11100,6100,3200
4807,473,20230801,True,132300,22800,10700,9000,37000,13900,18500,11100,6100,3200
4808,474,20260901,True,193200,40700,22700,27200,40000,15000,20000,12000,9900,5700
4809,474,20260801,True,187000,45100,20800,18600,39900,15000,20000,12000,9900,5700
4810,474,20260701,True,187500,45900,22500,16900,39800,14900,19900,12000,9900,5700
4811,474,20260601,True,183700,42400,20000,19300,39800,14900,19900,11900,9800,5700
4812,474,20260501,True,190700,40700,21700,26500,39700,14900,19800,11900,9800,5700
4813,474,20260401,True,189800,36700,22200,29300,39600,14800,19800,11900,9800,5700
4814,474,20260301,True,192800,41700,22700,26900,39500,14800,19800,11900,9800,5700
4815,474,20260201,True,204700,41800,22400,39400,39400,14800,19700,11800,9800,5600
4816,474,20260101,True,199800,39500,23100,36200,39400,14800,19700,11800,9700,5600
4817,474,20251201,True,202200,42600,21500,37400,39300,14700,19600,11800,9700,5600
4818,474,20251101,True,186800,40100,22200,23900,39200,14700,19600,11800,9700,5600
4819,474,20251001,True,185500,38700,19600,26800,39100,14700,19600,11700,9700,5600
4820,474,20250901,True,192600,40700,24600,27200,39000,14600,19500,11700,9700,5600
4821,474,20250801,True,184000,41800,21200,21000,39000,14600,19500,11700,9600,5600
4822,474,20250701,True,186000,42700,22700,20800,38900,14600,19400,11700,9600,5600
4823,474,20250601,True,188300,46600,22500,19600,38800,14600,19400,11600,9600,5600
4824,474,20250501,True,191000,44500,20400,26800,38700,14500,19400,11600,9600,5500
4825,474,20250401,True,193800,46700,20000,28000,38600,14500,19300,11600,9600,5500
4826,474,20250301,True,191300,42200,22200,27900,38600,14500,19300,11600,9500,5500
4827,474,20250201,True,201100,44600,21300,36600,38500,14400,19200,11500,9500,5500
4828,474,20250101,True,195100,38100,22900,35600,38400,14400,19200,11500,9500,5500
4829,474,20241201,True,199500,38800,24400,37900,38300,14400,19200,11500,9500,5500
4830,474,20241101,True,190600,41200,22700,28600,38200,14300,19100,11500,9500,5500
4831,474,20241001,True,184000,39600,21300,25200,38200,14300,19100,11400,9400,5500
4832,474,20240901,True,186100,40200,20900,27400,38100,14300,19000,11400,9400,5400
4833,474,20240801,True,181600,44400,22500,17300,38000,14200,19000,11400,9400,5400
4834,474,20240701,True,183900,43200,23000,20400,37900,14200,19000,11400,9400,5400
4835,474,20240601,True,182700,45500,20300,19800,37800,14200,18900,11400,9400,5400
4836,474,20240501,True,190000,44100,21600,27400,37800,14200,18900,11300,9300,5400
4837,475,20260901,True,168100,29200,14800,20300,40000,15000,20000,12000,10400,6400
4838,475,20260801,True,158400,28300,13100,13300,39900,15000,20000,12000,10400,6400
4839,475,20260701,True,155900,30600,11100,10800,39800,14900,19900,12000,10400,6400
4840,475,20260601,True,160200,29700,15400,11900,39800,14900,19900,11900,10400,6300
4841,475,20260501,True,165100,28800,16800,16600,39700,14900,19800,11900,10300,6300
4842,475,20260401,True,164200,30400,14000,17100,39600,14800,19800,11900,10300,6300
4843,475,20260301,True,158300,23300,14400,18000,39500,14800,19800,11900,10300,6300
4844,475,20260201,True,173400,27900,15500,27700,39400,14800,19700,11800,10300,6300
4845,475,20260101,True,170400,26900,16400,24800,39400,14800,19700,11800,10300,6300
4846,475,20251201,True,166400,26100,14100,24300,39300,14700,19600,11800,10200,6300
4847,475,20251101,True,165200,27500,14800,21100,39200,14700,19600,11800,10200,6300
4848,475,20251001,True,166300,31000,16000,17800,39100,14700,19600,11700,10200,6200
4849,475,20250901,True,164400,27900,15500,19800,39000,14600,19500,11700,10200,6200
4850,475,20250801,True,154500,26200,12900,14300,39000,14600,19500,11700,10100,6200
4851,475,20250701,True,153000,27400,13800,10900,38900,14600,19400,11700,10100,6200
4852,476,20260901,True,187100,40400,22400,24400,40000,15000,20000,12000,9800,3100
4853,477,20260901,True,162900,25500,14700,18900,40000,15000,20000,12000,10400,6400
4854,477,20260801,True,158200,29400,13500,11600,39900,15000,20000,12000,10400,6400
4855,477,20260701,True,152800,23800,15100,10500,39800,14900,19900,12000,10400,6400
4856,477,20260601,True,158500,27500,14900,12900,39800,14900,19900,11900,10400,6300
4857,477,20260501,True,160200,24000,14000,19300,39700,14900,19800,11900,10300,6300
4858,477,20260401,True,160100,24800,16000,16600,39600,14800,19800,11900,10300,6300
4859,477,20260301,True,161000,27100,12800,18500,39500,14800,19800,11900,10300,6300
4860,477,20260201,True,165900,24100,14300,25200,39400,14800,19700,11800,10300,6300
4861,477,20260101,True,162500,25600,12300,22300,39400,14800,19700,11800,10300,6300
4862,478,20260901,True,187600,37400,19400,26700,40000,15000,20000,12000,11100,6000
4863,479,20260901,True,181200,29500,22100,25500,40000,15000,20000,12000,11100,6000
4864,479,20260801,True,179300,37000,20900,17400,39900,15000,20000,12000,11100,6000
4865,480,20260901,True,182700,33200,20200,25900,40000,15000,20000,12000,11700,4700
4866,480,20260801,True,176100,36900,19200,16700,39900,15000,20000,12000,11700,4700
4867,480,20260701,True,170300,34600,18900,13800,39800,14900,19900,12000,11700,4700
4868,480,20260601,True,177500,37900,21700,15000,39800,14900,19900,11900,11700,4700
4869,480,20260501,True,184700,37900,20000,24300,39700,14900,19800,11900,11600,4600
4870,480,20260401,True,187300,40800,19200,25000,39600,14800,19800,11900,11600,4600
4871,480,20260301,True,183300,34500,20600,26000,39500,14800,19800,11900,11600,4600
4872,480,20260201,True,195300,37600,20900,34900,39400,14800,19700,11800,11600,4600
4873,480,20260101,False,196900,40400,19000,35600,39400,14800,19700,11800,11600,4600
4874,481,20260901,True,180000,40300,16300,26200,40000,15000,20000,12000,6200,4000
4875,482,20260901,False,152500,26000,9100,13300,40000,15000,20000,12000,11100,6000
4876,482,20260801,True,144400,19700,12100,8600,39900,15000,20000,12000,11100,6000
4877,482,20260701,True,147900,23900,10200,10200,39800,14900,19900,12000,11000,6000
4878,482,20260601,True,145700,25000,10500,6700,39800,14900,19900,11900,11000,6000
4879,482,20260501,False,146700,18500,11500,13400,39700,14900,19800,11900,11000,6000
4880,482,20260401,True,149900,18200,11700,16900,39600,14800,19800,11900,11000,6000
4881,482,20260301,True,146800,19000,11100,13800,39500,14800,19800,11900,11000,5900
4882,482,20260201,True,160400,24000,13500,20400,39400,14800,19700,11800,10900,5900
4883,482,20260101,True,153200,22800,8300,19600,39400,14800,19700,11800,10900,5900
4884,482,20251201,True,154400,19900,11200,21100,39300,14700,19600,11800,10900,5900
4885,482,20251101,False,155000,22500,12600,17800,39200,14700,19600,11800,10900,5900
4886,482,20251001,False,151100,24800,10500,14000,39100,14700,19600,11700,10800,5900
4887,482,20250901,True,151900,22500,10100,17800,39000,14600,19500,11700,10800,5900
4888,482,20250801,True,140700,23000,9800,6400,39000,14600,19500,11700,10800,5900
4889,482,20250701,True,145900,23000,12000,9600,38900,14600,19400,11700,10800,5900
4890,482,20250601,True,139500,20000,11200,7300,38800,14600,19400,11600,10800,5800
4891,483,20260901,True,177300,33400,16800,25300,40000,15000,20000,12000,11400,3400
4892,484,20260901,True,173700,32700,18000,22800,40000,15000,20000,12000,7300,5900
4893,484,20260801,True,173100,36800,19300,16900,39900,15000,20000,12000,7300,5900
4894,484,20260701,True,170500,32900,19800,18000,39800,14900,19900,12000,7300,5900
4895,484,20260601,True,167300,34300,18600,14700,39800,14900,19900,11900,7300,5900
4896,484,20260501,True,171800,33900,17400,21000,39700,14900,19800,11900,7300,5900
4897,484,20260401,True,177000,34500,19300,24000,39600,14800,19800,11900,7200,5900
4898,484,20260301,True,175100,29800,20500,25700,39500,14800,19800,11900,7200,5900
4899,485,20260901,True,196100,39400,25600,27300,40000,15000,20000,12000,10400,6400
4900,485,20260801,True,189400,41900,23200,20600,39900,15000,20000,12000,10400,6400
4901,485,20260701,True,188400,43000,24300,17700,39800,14900,19900,12000,10400,6400
4902,485,20260601,True,184800,42900,21100,17600,39800,14900,19900,11900,10400,6300
4903,485,20260501,True,195200,41200,22200,28900,39700,14900,19800,11900,10300,6300
4904,485,20260401,True,194600,41200,24100,26600,39600,14800,19800,11900,10300,6300
4905,485,20260301,True,203300,46900,22500,31300,39500,14800,19800,11900,10300,6300
4906,486,20260901,True,179300,32700,22200,24500,40000,15000,20000,12000,9800,3100
4907,486,20260801,True,170500,33900,19800,17000,39900,15000,20000,12000,9800,3100
4908,486,20260701,False,168700,35300,18300,15600,39800,14900,19900,12000,9800,3100
4909,486,20260601,True,172000,38500,18200,15900,39800,14900,19900,11900,9800,3100
4910,486,20260501,True,176300,36600,17200,23300,39700,14900,19800,11900,9800,3100
4911,487,20260901,True,175300,35300,17600,22500,40000,15000,20000,12000,9800,3100
4912,488,20260901,True,136800,15400,9400,11800,40000,15000,20000,12000,7300,5900
4913,489,20260901,True,160500,26400,13500,17200,40000,15000,20000,12000,11700,4700
4914,490,20260901,True,155500,30300,12100,16000,40000,15000,20000,12000,6600,3500
4915,490,20260801,True,147700,25300,13400,12100,39900,15000,20000,12000,6500,3500
4916,490,20260701,True,143900,25100,12100,10100,39800,14900,19900,12000,6500,3500
4917,490,20260601,True,142800,24100,12800,9400,39800,14900,19900,11900,6500,3500
4918,490,20260501,True,148700,24500,12400,15500,39700,14900,19800,11900,6500,3500
4919,490,20260401,True,151400,26700,12600,16100,39600,14800,19800,11900,6500,3400
4920,490,20260301,True,147400,25400,11100,15000,39500,14800,19800,11900,6500,3400
4921,490,20260201,True,155400,25800,12600,21400,39400,14800,19700,11800,6500,3400
4922,490,20260101,True,157200,27400,13500,20700,39400,14800,19700,11800,6500,3400
4923,490,20251201,False,155500,25900,13000,21400,39300,14700,19600,11800,6400,3400
4924,490,20251101,True,149700,24600,13700,16300,39200,14700,19600,11800,6400,3400
4925,490,20251001,True,150900,25200,13600,17200,39100,14700,19600,11700,6400,3400
4926,490,20250901,True,146900,24400,11300,16600,39000,14600,19500,11700,6400,3400
4927,490,20250801,True,143400,26400,12700,9700,39000,14600,19500,11700,6400,3400
4928,490,20250701,True,144600,25500,13900,10800,38900,14600,19400,11700,6400,3400
4929,490,20250601,True,147700,25600,13300,14600,38800,14600,19400,11600,6400,3400
4930,490,20250501,True,146400,23900,14100,14500,38700,14500,19400,11600,6300,3400
4931,490,20250401,True,145200,22200,12900,16400,38600,14500,19300,11600,6300,3400
4932,490,20250301,True,141700,21000,13100,13900,38600,14500,19300,11600,6300,3400
4933,490,20250201,True,158800,28200,12400,24900,38500,14400,19200,11500,6300,3400
4934,490,20250101,True,150000,19000,14300,23600,38400,14400,19200,11500,6300,3300
4935,490,20241201,True,152500,25900,12500,21100,38300,14400,19200,11500,6300,3300
4936,490,20241101,True,146700,23900,12600,17500,38200,14300,19100,11500,6300,3300
4937,490,20241001,True,147000,25100,12600,16700,38200,14300,19100,11400,6300,3300
4938,490,20240901,True,142600,21500,12700,16100,38100,14300,19000,11400,6200,3300
4939,490,20240801,True,139300,22100,14300,10800,38000,14200,19000,11400,6200,3300
4940,490,20240701,True,137400,19900,11700,13800,37900,14200,19000,11400,6200,3300
4941,490,20240601,True,140100,24100,14600,9600,37800,14200,18900,11400,6200,3300
4942,490,20240501,True,144500,21900,12700,18200,37800,14200,18900,11300,6200,3300
4943,490,20240401,True,143300,25100,12500,14300,37700,14100,18800,11300,6200,3300
4944,490,20240301,True,144800,24500,12900,16100,37600,14100,18800,11300,6200,3300
4945,490,20240201,True,154300,24500,15000,23700,37500,14100,18800,11300,6100,3300
4946,490,20240101,True,150400,24600,13200,21900,37400,14000,18700,11200,6100,3300
4947,490,20231201,True,150400,24300,12900,22500,37400,14000,18700,11200,6100,3300
4948,490,20231101,True,138700,21000,13100,14200,37300,14000,18600,11200,6100,3200
4949,490,20231001,True,148300,26400,14700,17000,37200,13900,18600,11200,6100,3200
4950,490,20230901,True,143600,24700,11200,17700,37100,13900,18600,11100,6100,3200
4951,490,20230801,True,138200,24800,10700,12900,37000,13900,18500,11100,6100,3200
4952,490,20230701,True,139100,25100,14000,10200,37000,13900,18500,11100,6100,3200
4953,490,20230601,True,132900,19500,14400,9600,36900,13800,18400,11100,6000,3200
4954,490,20230501,True,141000,21600,14000,16200,36800,13800,18400,11000,6000,3200
4955,491,20260901,True,194600,43700,23600,28500,40000,15000,20000,12000,7700,4100
4956,491,20260801,True,192900,48200,22100,24000,39900,15000,20000,12000,7600,4100
4957,491,20260701,True,185900,42300,25000,20300,39800,14900,19900,12000,7600,4100
4958,491,20260601,True,187400,43500,24100,21600,39800,14900,19900,11900,7600,4100
4959,492,20260901,True,187900,41400,21200,28100,40000,15000,20000,12000,6200,4000
4960,493,20260901,True,148000,23300,12600,14900,40000,15000,20000,12000,6200,4000
4961,494,20260901,True,183900,39800,18700,24500,40000,15000,20000,12000,10900,3000
4962,495,20260901,True,188700,39500,20900,24200,40000,15000,20000,12000,11100,6000
4963,495,20260801,True,185300,43300,21300,16700,39900,15000,20000,12000,11100,6000
4964,495,20260701,True,181300,37700,22300,17700,39800,14900,19900,12000,11000,6000
4965,496,20260901,True,170300,33300,16100,21100,40000,15000,20000,12000,7300,5500
4966,496,20260801,True,164700,32300,17500,15200,39900,15000,20000,12000,7300,5500
4967,497,20260901,True,193400,43100,20300,30200,40000,15000,20000,12000,7300,5500
4968,497,20260801,True,182600,40900,22500,19500,39900,15000,20000,12000,7300,5500
4969,497,20260701,True,181700,42500,21300,18500,39800,14900,19900,12000,7300,5500
4970,498,20260901,True,182900,38800,19300,26000,40000,15000,20000,12000,7700,4100
4971,498,20260801,True,174700,37700,20100,18300,39900,15000,20000,12000,7600,4100
4972,498,20260701,True,176800,40300,20000,18200,39800,14900,19900,12000,7600,4100
4973,498,20260601,True,170300,36000,19100,17000,39800,14900,19900,11900,7600,4100
4974,498,20260501,True,178000,40700,18400,20900,39700,14900,19800,11900,7600,4100
4975,498,20260401,True,181400,39400,20600,23600,39600,14800,19800,11900,7600,4100
4976,498,20260301,True,180400,36400,21200,25100,39500,14800,19800,11900,7600,4100
4977,498,20260201,True,190800,37500,21700,34300,39400,14800,19700,11800,7500,4100
4978,498,20260101,True,194400,42000,20200,34900,39400,14800,19700,11800,7500,4100
4979,498,20251201,True,184600,32900,19300,35500,39300,14700,19600,11800,7500,4000
4980,498,20251101,True,174200,32600,20200,24600,39200,14700,19600,11800,7500,4000
4981,498,20251001,True,178400,38100,18800,24900,39100,14700,19600,11700,7500,4000
4982,498,20250901,True,171800,33500,18100,23900,39000,14600,19500,11700,7500,4000
4983,498,20250801,True,169500,35800,19200,18200,39000,14600,19500,11700,7500,4000
4984,498,20250701,True,167600,33700,20400,17500,38900,14600,19400,11700,7400,4000
4985,498,20250601,True,169500,36500,20300,16900,38800,14600,19400,11600,7400,4000
4986,498,20250501,True,175700,35000,20800,24300,38700,14500,19400,11600,7400,4000
4987,498,20250401,True,177700,39400,19700,23200,38600,14500,19300,11600,7400,4000
4988,498,20250301,True,181600,40800,19600,25800,38600,14500,19300,11600,7400,4000
4989,498,20250201,True,183800,34900,19900,34000,38500,14400,19200,11500,7400,4000
4990,498,20250101,True,188400,38700,18900,36000,38400,14400,19200,11500,7300,4000
4991,499,20260901,True,157400,25700,16600,17900,40000,15000,20000,12000,6200,4000
4992,499,20260801,True,152800,28400,13700,13700,39900,15000,20000,12000,6100,4000
4993,499,20260701,True,152400,28600,14700,12400,39800,14900,19900,12000,6100,4000
4994,499,20260601,True,149300,22700,16100,13900,39800,14900,19900,11900,6100,4000
4995,499,20260501,True,156700,27900,14900,17500,39700,14900,19800,11900,6100,4000
4996,499,20260401,True,156100,27500,15700,16700,39600,14800,19800,11900,6100,4000
4997,499,20260301,True,150900,21700,12700,20500,39500,14800,19800,11900,6100,3900
4998,499,20260201,True,164200,29400,14300,24800,39400,14800,19700,11800,6100,3900
4999,500,20260901,True,172400,34400,18000,19800,40000,15000,20000,12000,7300,5900
5000,500,20260801,True,165300,35300,16900,13000,39900,15000,20000,12000,7300,5900
5001,500,20260701,True,161600,30200,17800,13800,39800,14900,19900,12000,7300,5900
5002,500,20260601,True,165000,31100,18100,16100,39800,14900,19900,11900,7300,5900
5003,500,20260501,True,173800,33100,17900,23300,39700,14900,19800,11900,7300,5900
5004,500,20260401,True,170000,33300,16200,21300,39600,14800,19800,11900,7200,5900
5005,500,20260301,True,171800,34400,16600,21700,39500,14800,19800,11900,7200,5900
5006,500,20260201,True,175400,29400,16500,30700,39400,14800,19700,11800,7200,5900
5007,500,20260101,True,176000,34800,13700,28700,39400,14800,19700,11800,7200,5900
5008,500,20251201,True,177500,31400,16000,31700,39300,14700,19600,11800,7200,5800
5009,500,20251101,True,169700,34100,16600,20700,39200,14700,19600,11800,7200,5800
5010,500,20251001,True,169500,34300,16200,20900,39100,14700,19600,11700,7200,5800
5011,500,20250901,True,170600,35300,17000,20600,39000,14600,19500,11700,7100,5800
5012,500,20250801,True,158500,28800,16200,15800,39000,14600,19500,11700,7100,5800
5013,500,20250701,True,166200,33400,19200,16100,38900,14600,19400,11700,7100,5800
5014,500,20250601,True,157300,28600,15800,15600,38800,14600,19400,11600,7100,5800
5015,500,20250501,True,167800,34400,15600,20700,38700,14500,19400,11600,7100,5800
5016,500,20250401,True,164100,30800,15400,21100,38600,14500,19300,11600,7100,5700
5017,500,20250301,True,170800,31100,17900,25000,38600,14500,19300,11600,7100,5700
5018,500,20250201,True,174800,32600,15000,30900,38500,14400,19200,11500,7000,5700
5019,500,20250101,True,173400,33300,15900,28000,38400,14400,19200,11500,7000,5700
5020,501,20260901,True,185700,37300,18100,26500,40000,15000,20000,12000,10400,6400
5021,501,20260801,True,177800,37500,19800,16800,39900,15000,20000,12000,10400,6400
5022,501,20260701,True,177800,35800,19500,19100,39800,14900,19900,12000,10400,6400
5023,501,20260601,True,179200,38700,19300,18000,39800,14900,19900,11900,10400,6300
5024,501,20260501,True,181800,36400,18800,23700,39700,14900,19800,11900,10300,6300
5025,501,20260401,True,177800,32500,19400,23200,39600,14800,19800,11900,10300,6300
5026,501,20260301,True,179600,35200,18200,23600,39500,14800,19800,11900,10300,6300
5027,501,20260201,True,188100,34000,19300,32500,39400,14800,19700,11800,10300,6300
5028,501,20260101,True,191900,36300,19400,33900,39400,14800,19700,11800,10300,6300
5029,501,20251201,True,191100,37700,19200,32300,39300,14700,19600,11800,10200,6300
5030,502,20260901,True,166600,31000,14600,21100,40000,15000,20000,12000,9800,3100
5031,502,20260801,True,159500,32600,14400,12700,39900,15000,20000,12000,9800,3100
5032,502,20260701,True,155400,29400,15500,11000,39800,14900,19900,12000,9800,3100
5033,502,20260601,True,160900,31400,14700,15400,39800,14900,19900,11900,9800,3100
5034,502,20260501,True,167100,29900,16800,21200,39700,14900,19800,11900,9800,3100
5035,502,20260401,True,163100,31700,15600,16900,39600,14800,19800,11900,9700,3100
5036,502,20260301,True,160300,28100,12300,21100,39500,14800,19800,11900,9700,3100
5037,502,20260201,True,171000,33100,13900,25500,39400,14800,19700,11800,9700,3100
5038,502,20260101,True,170800,29600,13600,29100,39400,14800,19700,11800,9700,3100
5039,502,20251201,True,165100,27000,14500,25400,39300,14700,19600,11800,9700,3100
5040,502,20251101,True,165300,31700,14600,21000,39200,14700,19600,11800,9600,3100
5041,502,20251001,True,159700,25600,15200,21100,39100,14700,19600,11700,9600,3100
5042,502,20250901,True,160900,28800,15500,19100,39000,14600,19500,11700,9600,3100
5043,502,20250801,True,154500,28800,16800,11500,39000,14600,19500,11700,9600,3000
5044,502,20250701,True,152100,29000,14600,11300,38900,14600,19400,11700,9600,3000
5045,502,20250601,True,152400,28600,14900,12000,38800,14600,19400,11600,9500,3000
5046,502,20250501,True,158900,26100,15600,20500,38700,14500,19400,11600,9500,3000
5047,502,20250401,True,158400,26900,15200,19800,38600,14500,19300,11600,9500,3000
5048,502,20250301,True,160500,32900,14200,16900,38600,14500,19300,11600,9500,3000
5049,502,20250201,True,163000,24200,15100,27600,38500,14400,19200,11500,9500,3000
5050,502,20250101,True,167700,31000,15400,25400,38400,14400,19200,11500,9400,3000
5051,502,20241201,True,172200,33500,15400,27500,38300,14400,19200,11500,9400,3000
5052,502,20241101,True,154200,27600,15000,16100,38200,14300,19100,11500,9400,3000
5053,502,20241001,True,159500,33500,13800,16800,38200,14300,19100,11400,9400,3000
5054,503,20260901,True,168500,33000,16200,20500,40000,15000,20000,12000,8000,3800
5055,503,20260801,True,165200,33500,18000,15000,39900,15000,20000,12000,8000,3800
5056,503,20260701,True,170800,37900,17800,16700,39800,14900,19900,12000,8000,3800
5057,503,20260601,True,164100,34500,15500,15800,39800,14900,19900,11900,8000,3800
5058,503,20260501,True,170800,32600,17400,22800,39700,14900,19800,11900,8000,3700
5059,503,20260401,True,173200,32000,20500,22900,39600,14800,19800,11900,8000,3700
5060,504,20260901,True,202600,46500,24100,32100,40000,15000,20000,12000,9800,3100
5061,504,20260801,True,187400,43000,23700,20900,39900,15000,20000,12000,9800,3100
5062,504,20260701,True,188400,47100,22900,18900,39800,14900,19900,12000,9800,3100
5063,504,20260601,False,185500,39900,23400,22800,39800,14900,19900,11900,9800,3100
5064,504,20260501,True,198400,45300,23300,30600,39700,14900,19800,11900,9800,3100
5065,505,20260901,True,171600,33900,16800,19100,40000,15000,20000,12000,11400,3400
5066,505,20260801,True,159400,28500,13600,15700,39900,15000,20000,12000,11300,3400
5067,505,20260701,True,157400,27200,16100,12800,39800,14900,19900,12000,11300,3400
5068,505,20260601,True,161400,26500,16500,17200,39800,14900,19900,11900,11300,3400
5069,506,20260901,True,157400,26400,13700,18500,40000,15000,20000,12000,7700,4100
5070,506,20260801,True,147300,22400,14400,11900,39900,15000,20000,12000,7600,4100
5071,506,20260701,True,152300,28600,15300,10100,39800,14900,19900,12000,7600,4100
5072,506,20260601,True,148700,27600,14100,8800,39800,14900,19900,11900,7600,4100
5073,506,20260501,True,153000,23400,13700,17900,39700,14900,19800,11900,7600,4100
5074,506,20260401,True,160100,32000,11900,18400,39600,14800,19800,11900,7600,4100
5075,506,20260301,True,151400,26000,13300,14400,39500,14800,19800,11900,7600,4100
5076,507,20260901,True,158800,29600,13600,16800,40000,15000,20000,12000,7700,4100
5077,508,20260901,True,160300,26300,13500,16700,40000,15000,20000,12000,10400,6400
5078,508,20260801,True,155300,25900,13400,12300,39900,15000,20000,12000,10400,6400
5079,509,20260901,True,171100,31000,16300,19700,40000,15000,20000,12000,11100,6000
5080,509,20260801,True,166800,32100,16500,14200,39900,15000,20000,12000,11100,6000
5081,509,20260701,True,167600,33700,15300,15000,39800,14900,19900,12000,11000,6000
5082,509,20260601,True,168600,30100,19200,15800,39800,14900,19900,11900,11000,6000
5083,509,20260501,True,175700,31600,18600,22200,39700,14900,19800,11900,11000,6000
5084,509,20260401,True,169200,30000,16900,19200,39600,14800,19800,11900,11000,6000
5085,509,20260301,True,168600,29800,17300,18600,39500,14800,19800,11900,11000,5900
5086,509,20260201,True,184300,36200,17500,28100,39400,14800,19700,11800,10900,5900
5087,510,20260901,True,153600,25300,13500,15000,40000,15000,20000,12000,7300,5500
5088,511,20260901,False,160300,31100,15400,16700,40000,15000,20000,12000,6600,3500
5089,512,20260901,True,156800,21400,14500,16600,40000,15000,20000,12000,10800,6500
5090,512,20260801,True,150700,22000,13600,10900,39900,15000,20000,12000,10800,6500
5091,512,20260701,True,150500,23600,12900,10100,39800,14900,19900,12000,10800,6500
5092,512,20260601,True,148600,23500,11300,10000,39800,14900,19900,11900,10800,6500
5093,512,20260501,True,159100,25200,14100,16400,39700,14900,19800,11900,10700,6400
5094,512,20260401,True,157600,27700,12900,13800,39600,14800,19800,11900,10700,6400
5095,512,20260301,True,153100,24400,10400,15200,39500,14800,19800,11900,10700,6400
5096,512,20260201,True,157000,19800,12300,22100,39400,14800,19700,11800,10700,6400
5097,512,20260101,False,156200,21200,11600,20600,39400,14800,19700,11800,10700,6400
5098,512,20251201,True,161700,25900,11900,21500,39300,14700,19600,11800,10600,6400
5099,512,20251101,True,153400,22400,14900,13800,39200,14700,19600,11800,10600,6400
5100,512,20251001,True,155800,21800,13300,18700,39100,14700,19600,11700,10600,6300
5101,512,20250901,True,154100,24800,11400,16200,39000,14600,19500,11700,10600,6300
5102,512,20250801,True,153600,25700,13000,13200,39000,14600,19500,11700,10600,6300
5103,512,20250701,True,152200,25300,12400,13100,38900,14600,19400,11700,10500,6300
5104,512,20250601,True,147700,26800,10300,9400,38800,14600,19400,11600,10500,6300
5105,512,20250501,True,148400,20900,12300,14200,38700,14500,19400,11600,10500,6300
5106,512,20250401,True,149900,19800,12200,17100,38600,14500,19300,11600,10500,6300
5107,512,20250301,True,157300,26000,12300,18300,38600,14500,19300,11600,10400,6300
5108,512,20250201,True,162100,24800,13200,23900,38500,14400,19200,11500,10400,6200
5109,512,20250101,True,156200,24000,9100,23000,38400,14400,19200,11500,10400,6200
5110,512,20241201,True,161000,23400,13300,24300,38300,14400,19200,11500,10400,6200
5111,512,20241101,True,148000,18900,12200,17200,38200,14300,19100,11500,10400,6200
5112,512,20241001,True,150000,23600,14000,12900,38200,14300,19100,11400,10300,6200
5113,512,20240901,True,153000,25700,13700,14300,38100,14300,19000,11400,10300,6200
5114,512,20240801,True,146000,25100,10400,11400,38000,14200,19000,11400,10300,6200
5115,512,20240701,True,147100,24900,11300,11900,37900,14200,19000,11400,10300,6200
5116,512,20240601,True,145300,23700,11100,11900,37800,14200,18900,11400,10200,6100
5117,512,20240501,True,148600,23900,12400,13800,37800,14200,18900,11300,10200,6100
5118,512,20240401,True,146800,18800,12400,17400,37700,14100,18800,11300,10200,6100
5119,512,20240301,True,156500,28100,13300,17000,37600,14100,18800,11300,10200,6100
5120,512,20240201,True,155200,24300,12400,20500,37500,14100,18800,11300,10200,6100
5121,512,20240101,True,156200,22900,13400,22400,37400,14000,18700,11200,10100,6100
5122,512,20231201,True,150600,21100,10300,21700,37400,14000,18700,11200,10100,6100
5123,512,20231101,True,149700,24300,13000,15200,37300,14000,18600,11200,10100,6000
5124,512,20231001,True,144900,21700,12100,14100,37200,13900,18600,11200,10100,6000
5125,512,20230901,True,145700,20300,11800,16800,37100,13900,18600,11100,10100,6000
5126,512,20230801,True,148400,27900,12700,11300,37000,13900,18500,11100,10000,6000
5127,512,20230701,True,139800,20300,10900,12100,37000,13900,18500,11100,10000,6000
5128,512,20230601,True,150300,26500,14400,13200,36900,13800,18400,11100,10000,6000
5129,512,20230501,True,153500,29200,13600,14700,36800,13800,18400,11000,10000,6000
5130,512,20230401,True,151000,25600,13100,16500,36700,13800,18400,11000,9900,6000
5131,512,20230301,True,148100,22000,15000,15700,36600,13700,18300,11000,9900,5900
5132,512,20230201,True,151000,20600,11900,23100,36600,13700,18300,11000,9900,5900
5133,513,20260901,True,142000,17000,11600,16300,40000,15000,20000,12000,6600,3500
5134,513,20260801,True,139600,22000,11600,9100,39900,15000,20000,12000,6500,3500
5135,513,20260701,True,141400,21600,11600,11600,39800,14900,19900,12000,6500,3500
5136,513,20260601,True,140900,22300,11500,10600,39800,14900,19900,11900,6500,3500
5137,513,20260501,True,147600,25600,12100,13600,39700,14900,19800,11900,6500,3500
5138,513,20260401,True,148600,26400,10300,15900,39600,14800,19800,11900,6500,3400
5139,513,20260301,True,148000,25200,12900,14000,39500,14800,19800,11900,6500,3400
5140,513,20260201,True,153400,24700,11000,22100,39400,14800,19700,11800,6500,3400
5141,513,20260101,True,156800,25700,13700,21800,39400,14800,19700,11800,6500,3400
5142,513,20251201,True,147200,21200,11800,19000,39300,14700,19600,11800,6400,3400
5143,513,20251101,True,144300,20600,11800,16800,39200,14700,19600,11800,6400,3400
5144,513,20251001,True,150200,26500,12000,16800,39100,14700,19600,11700,6400,3400
5145,513,20250901,True,151800,30200,9400,17600,39000,14600,19500,11700,6400,3400
5146,513,20250801,True,138700,23200,12800,8100,39000,14600,19500,11700,6400,3400
5147,513,20250701,True,136900,25400,10200,6900,38900,14600,19400,11700,6400,3400
5148,513,20250601,True,140700,24500,11300,10700,38800,14600,19400,11600,6400,3400
5149,513,20250501,True,138000,19400,10100,14600,38700,14500,19400,11600,6300,3400
5150,513,20250401,True,147200,28200,10400,14900,38600,14500,19300,11600,6300,3400
5151,513,20250301,True,146800,24800,13500,14800,38600,14500,19300,11600,6300,3400
5152,513,20250201,True,147000,23400,10500,19800,38500,14400,19200,11500,6300,3400
5153,513,20250101,True,153800,26100,11900,22700,38400,14400,19200,11500,6300,3300
5154,513,20241201,True,147900,19700,12000,23200,38300,14400,19200,11500,6300,3300
5155,513,20241101,True,144700,27000,11800,13200,38200,14300,19100,11500,6300,3300
5156,513,20241001,True,137200,19100,10200,15300,38200,14300,19100,11400,6300,3300
5157,513,20240901,True,140900,25300,9800,13500,38100,14300,19000,11400,6200,3300
5158,513,20240801,True,135100,21400,12200,9400,38000,14200,19000,11400,6200,3300
5159,513,20240701,True,139100,23800,12400,10900,37900,14200,19000,11400,6200,3300
5160,513,20240601,True,139200,25100,11600,10700,37800,14200,18900,11400,6200,3300
5161,513,20240501,True,141700,22400,11900,15700,37800,14200,18900,11300,6200,3300
5162,513,20240401,True,145000,26700,10300,16600,37700,14100,18800,11300,6200,3300
5163,513,20240301,True,143000,21800,13000,16900,37600,14100,18800,11300,6200,3300
5164,513,20240201,True,144400,22400,9900,21000,37500,14100,18800,11300,6100,3300
5165,513,20240101,True,148500,23000,12500,22300,37400,14000,18700,11200,6100,3300
5166,513,20231201,True,145100,23000,12600,18800,37400,14000,18700,11200,6100,3300
5167,513,20231101,True,142900,26200,12100,14200,37300,14000,18600,11200,6100,3200
5168,513,20231001,True,138600,23300,10900,14200,37200,13900,18600,11200,6100,3200
5169,513,20230901,True,135900,20000,9800,16100,37100,13900,18600,11100,6100,3200
5170,513,20230801,True,139100,23200,13800,12300,37000,13900,18500,11100,6100,3200
5171,513,20230701,True,129400,19300,10400,9900,37000,13900,18500,11100,6100,3200
5172,513,20230601,True,135900,24500,11700,10300,36900,13800,18400,11100,6000,3200
5173,513,20230501,True,141000,23500,12600,15700,36800,13800,18400,11000,6000,3200
5174,513,20230401,True,136400,23000,11500,12800,36700,13800,18400,11000,6000,3200
5175,513,20230301,True,133400,19700,11900,13000,36600,13700,18300,11000,6000,3200
5176,513,20230201,True,145300,23500,12200,20800,36600,13700,18300,11000,6000,3200
5177,513,20230101,True,142900,21600,12900,19900,36500,13700,18200,10900,6000,3200
5178,514,20260901,True,175800,34800,18900,21200,40000,15000,20000,12000,10900,3000
5179,514,20260801,True,165700,34000,17800,13200,39900,15000,20000,12000,10800,3000
5180,514,20260701,True,166400,33300,18300,14400,39800,14900,19900,12000,10800,3000
5181,514,20260601,True,161400,30700,15800,14600,39800,14900,19900,11900,10800,3000
5182,514,20260501,True,171200,29600,17400,24100,39700,14900,19800,11900,10800,3000
5183,514,20260401,True,177800,35800,19200,23000,39600,14800,19800,11900,10700,3000
5184,514,20260301,True,179300,40400,15900,23300,39500,14800,19800,11900,10700,3000
5185,514,20260201,True,180800,31900,18900,30600,39400,14800,19700,11800,10700,3000
5186,515,20260901,True,204100,44500,26400,33000,40000,15000,20000,12000,7300,5900
5187,516,20260901,True,156100,20500,13900,17900,40000,15000,20000,12000,10400,6400
5188,517,20260901,True,161700,32600,13000,19000,40000,15000,20000,12000,6600,3500
5189,518,20260901,True,140000,19700,11200,11900,40000,15000,20000,12000,6200,4000
5190,518,20260801,True,133400,18900,9600,7900,39900,15000,20000,12000,6100,4000
5191,518,20260701,True,132400,16000,13200,6500,39800,14900,19900,12000,6100,4000
5192,518,20260601,True,135300,19900,10800,8000,39800,14900,19900,11900,6100,4000
5193,518,20260501,False,140600,18800,10700,14700,39700,14900,19800,11900,6100,4000
5194,519,20260901,True,176300,34500,16000,22400,40000,15000,20000,12000,11700,4700
5195,520,20260901,True,165500,28400,17100,19100,40000,15000,20000,12000,10900,3000
5196,520,20260801,True,159100,29400,15000,14000,39900,15000,20000,12000,10800,3000
5197,520,20260701,True,163700,32400,17000,13900,39800,14900,19900,12000,10800,3000
5198,520,20260601,False,161200,32500,14300,14100,39800,14900,19900,11900,10800,3000
5199,520,20260501,True,157800,23500,14000,20200,39700,14900,19800,11900,10800,3000
5200,520,20260401,True,160800,28500,14900,17600,39600,14800,19800,11900,10700,3000
5201,520,20260301,True,169500,34200,16100,19500,39500,14800,19800,11900,10700,3000
5202,520,20260201,True,167600,27100,16700,24400,39400,14800,19700,11800,10700,3000
5203,520,20260101,True,167300,28900,14000,25000,39400,14800,19700,11800,10700,3000
5204,520,20251201,True,169800,30900,13500,26300,39300,14700,19600,11800,10700,3000
5205,520,20251101,True,166500,33000,15400,19200,39200,14700,19600,11800,10600,3000
5206,520,20251001,True,161300,28800,15900,17900,39100,14700,19600,11700,10600,3000
5207,520,20250901,True,158700,29000,16300,15000,39000,14600,19500,11700,10600,3000
5208,520,20250801,True,155900,28500,16700,12300,39000,14600,19500,11700,10600,3000
5209,520,20250701,True,155300,29200,15400,12600,38900,14600,19400,11700,10600,2900
5210,520,20250601,True,156000,30200,14500,13500,38800,14600,19400,11600,10500,2900
5211,520,20250501,True,167400,32400,16200,21200,38700,14500,19400,11600,10500,2900
5212,520,20250401,True,164100,30900,13200,22600,38600,14500,19300,11600,10500,2900
5213,520,20250301,True,162100,30000,13900,20800,38600,14500,19300,11600,10500,2900
5214,520,20250201,True,174800,33800,15800,28300,38500,14400,19200,11500,10400,2900
5215,520,20250101,True,163600,27100,15500,24200,38400,14400,19200,11500,10400,2900
5216,520,20241201,True,169600,28900,17400,26600,38300,14400,19200,11500,10400,2900
5217,520,20241101,False,158500,28600,16000,17500,38200,14300,19100,11500,10400,2900
5218,520,20241001,True,163300,27600,16800,22600,38200,14300,19100,11400,10400,2900
5219,520,20240901,True,159000,30500,14000,18500,38100,14300,19000,11400,10300,2900
5220,520,20240801,True,156700,28000,17700,15200,38000,14200,19000,11400,10300,2900
5221,520,20240701,True,150600,28300,15400,11200,37900,14200,19000,11400,10300,2900
5222,520,20240601,True,151200,27900,14400,13400,37800,14200,18900,11400,10300,2900
5223,520,20240501,True,155100,27300,13900,18600,37800,14200,18900,11300,10200,2900
5224,520,20240401,True,158200,29600,16200,17400,37700,14100,18800,11300,10200,2900
5225,520,20240301,True,152400,24200,15800,17500,37600,14100,18800,11300,10200,2900
5226,520,20240201,True,170100,32400,15900,27100,37500,14100,18800,11300,10200,2800
5227,520,20240101,True,170800,31700,16500,28300,37400,14000,18700,11200,10200,2800
5228,521,20260901,True,161700,26500,13600,17500,40000,15000,20000,12000,11100,6000
5229,521,20260801,True,150900,21800,13800,11300,39900,15000,20000,12000,11100,6000
5230,521,20260701,True,151300,26400,12200,9100,39800,14900,19900,12000,11000,6000
5231,521,20260601,True,151300,26600,11300,9900,39800,14900,19900,11900,11000,6000
5232,521,20260501,True,157200,22700,14500,16700,39700,14900,19800,11900,11000,6000
5233,521,20260401,True,157400,27200,13100,14000,39600,14800,19800,11900,11000,6000
5234,521,20260301,True,156300,25300,14100,14000,39500,14800,19800,11900,11000,5900
5235,521,20260201,True,165100,30000,9700,22900,39400,14800,19700,11800,10900,5900
5236,521,20260101,True,163100,26600,10700,23300,39400,14800,19700,11800,10900,5900
5237,522,20260901,True,168700,28700,17400,21700,40000,15000,20000,12000,10900,3000
5238,523,20260901,True,137800,17900,10300,12400,40000,15000,20000,12000,6200,4000
5239,523,20260801,False,142700,24500,12200,9000,39900,15000,20000,12000,6100,4000
5240,523,20260701,True,137200,19900,11700,8900,39800,14900,19900,12000,6100,4000
5241,523,20260601,True,141600,24600,11000,9400,39800,14900,19900,11900,6100,4000
5242,523,20260501,True,140500,20300,10300,13500,39700,14900,19800,11900,6100,4000
5243,523,20260401,True,143600,22500,10200,14700,39600,14800,19800,11900,6100,4000
5244,523,20260301,True,144800,20700,12700,15400,39500,14800,19800,11900,6100,3900
5245,523,20260201,True,150600,21000,11600,22300,39400,14800,19700,11800,6100,3900
5246,523,20260101,False,151700,22300,11100,22600,39400,14800,19700,11800,6100,3900
5247,523,20251201,True,157500,28000,12500,21700,39300,14700,19600,11800,6000,3900
5248,523,20251101,True,147800,23600,11900,17100,39200,14700,19600,11800,6000,3900
5249,523,20251001,True,140500,22300,11900,11300,39100,14700,19600,11700,6000,3900
5250,523,20250901,True,151200,27200,12900,16400,39000,14600,19500,11700,6000,3900
5251,523,20250801,True,136000,18100,13300,9900,39000,14600,19500,11700,6000,3900
5252,523,20250701,True,141300,22500,13300,11000,38900,14600,19400,11700,6000,3900
5253,523,20250601,True,139700,24700,10700,10000,38800,14600,19400,11600,6000,3900
5254,523,20250501,True,143600,23000,12200,14300,38700,14500,19400,11600,6000,3900
5255,523,20250401,True,146200,27200,11200,14000,38600,14500,19300,11600,5900,3900
5256,523,20250301,True,140400,21000,10700,14900,38600,14500,19300,11600,5900,3900
5257,523,20250201,True,150700,25900,11400,20100,38500,14400,19200,11500,5900,3800
5258,523,20250101,True,155800,28000,13800,20800,38400,14400,19200,11500,5900,3800
5259,523,20241201,True,147700,18300,12700,23600,38300,14400,19200,11500,5900,3800
5260,523,20241101,True,142000,21400,12400,15400,38200,14300,19100,11500,5900,3800
5261,523,20241001,True,144600,24200,12400,15300,38200,14300,19100,11400,5900,3800
5262,523,20240901,True,140800,25600,10300,12400,38100,14300,19000,11400,5900,3800
5263,523,20240801,True,134100,19000,13900,8900,38000,14200,19000,11400,5900,3800
5264,523,20240701,True,144000,25600,13000,13300,37900,14200,19000,11400,5800,3800
5265,523,20240601,True,133600,20900,10100,10700,37800,14200,18900,11400,5800,3800
5266,523,20240501,True,145500,25700,13600,14400,37800,14200,18900,11300,5800,3800
5267,524,20260901,True,184600,38300,20100,24400,40000,15000,20000,12000,11400,3400
5268,524,20260801,True,172900,37700,17300,16300,39900,15000,20000,12000,11300,3400
5269,524,20260701,True,174400,36200,18300,18600,39800,14900,19900,12000,11300,3400
5270,524,20260601,True,177400,38100,20000,18100,39800,14900,19900,11900,11300,3400
5271,524,20260501,True,186100,40600,18200,26300,39700,14900,19800,11900,11300,3400
5272,524,20260401,True,182600,39100,19700,23100,39600,14800,19800,11900,11200,3400
5273,524,20260301,False,180200,34200,18700,26700,39500,14800,19800,11900,11200,3400
5274,524,20260201,True,195100,38500,20100,36200,39400,14800,19700,11800,11200,3400
5275,524,20260101,True,192000,36000,20700,35000,39400,14800,19700,11800,11200,3400
5276,524,20251201,True,197500,39700,21200,36700,39300,14700,19600,11800,11100,3400
5277,524,20251101,True,177200,35300,19100,23000,39200,14700,19600,11800,11100,3400
5278,524,20251001,True,176100,33500,17800,25200,39100,14700,19600,11700,11100,3400
5279,524,20250901,True,183000,41100,19000,23600,39000,14600,19500,11700,11100,3400
5280,524,20250801,True,177400,39300,18300,20600,39000,14600,19500,11700,11100,3300
5281,524,20250701,True,174000,38900,19500,16700,38900,14600,19400,11700,11000,3300
5282,524,20250601,True,169600,35900,18200,16800,38800,14600,19400,11600,11000,3300
5283,524,20250501,True,187500,43000,18900,27100,38700,14500,19400,11600,11000,3300
5284,524,20250401,True,184600,40700,19500,26100,38600,14500,19300,11600,11000,3300
5285,524,20250301,True,179400,34300,20000,26900,38600,14500,19300,11600,10900,3300
5286,524,20250201,True,191300,39300,20100,34100,38500,14400,19200,11500,10900,3300
5287,524,20250101,False,192900,35400,19900,39900,38400,14400,19200,11500,10900,3300
5288,524,20241201,True,188900,39400,18200,33700,38300,14400,19200,11500,10900,3300
5289,524,20241101,True,180300,39900,20700,22400,38200,14300,19100,11500,10900,3300
5290,524,20241001,True,174200,30800,21800,24500,38200,14300,19100,11400,10800,3300
5291,524,20240901,True,183400,39500,19900,27100,38100,14300,19000,11400,10800,3300
5292,524,20240801,True,172800,37300,21800,17000,38000,14200,19000,11400,10800,3300
5293,524,20240701,True,165900,34900,19000,15400,37900,14200,19000,11400,10800,3300
5294,524,20240601,True,178700,41200,21700,19600,37800,14200,18900,11400,10700,3200
5295,525,20260901,True,144100,18500,11400,15600,40000,15000,20000,12000,8500,3100
5296,525,20260801,True,143800,23800,11900,9600,39900,15000,20000,12000,8500,3100
5297,525,20260701,True,142000,21000,10700,12100,39800,14900,19900,12000,8500,3100
5298,525,20260601,False,139400,20800,11500,9000,39800,14900,19900,11900,8500,3100
5299,525,20260501,True,144800,23000,8200,15700,39700,14900,19800,11900,8500,3100
5300,525,20260401,True,149500,24500,12000,15400,39600,14800,19800,11900,8400,3100
5301,525,20260301,True,144400,22900,10600,13400,39500,14800,19800,11900,8400,3100
5302,525,20260201,True,147800,20500,11400,18700,39400,14800,19700,11800,8400,3100
5303,525,20260101,True,146500,18500,11200,19600,39400,14800,19700,11800,8400,3100
5304,525,20251201,True,151100,23500,9500,21200,39300,14700,19600,11800,8400,3100
5305,525,20251101,True,146700,25100,12000,12800,39200,14700,19600,11800,8400,3100
5306,525,20251001,True,138900,19400,10100,12900,39100,14700,19600,11700,8300,3100
5307,525,20250901,True,141400,19300,11200,14700,39000,14600,19500,11700,8300,3100
5308,525,20250801,True,140800,21200,10800,12600,39000,14600,19500,11700,8300,3100
5309,525,20250701,True,138500,22900,11100,8500,38900,14600,19400,11700,8300,3100
5310,525,20250601,True,138400,22300,11200,9100,38800,14600,19400,11600,8300,3100
5311,525,20250501,True,141700,22600,8700,14900,38700,14500,19400,11600,8300,3000
5312,525,20250401,True,141700,22500,10100,13900,38600,14500,19300,11600,8200,3000
5313,525,20250301,True,143000,21500,12200,14100,38600,14500,19300,11600,8200,3000
5314,526,20260901,True,155800,25600,15700,17400,40000,15000,20000,12000,6600,3500
5315,526,20260801,True,149100,26200,14000,12000,39900,15000,20000,12000,6500,3500
5316,526,20260701,True,154000,27200,15400,14800,39800,14900,19900,12000,6500,3500
5317,526,20260601,True,150300,24200,16400,13200,39800,14900,19900,11900,6500,3500
5318,526,20260501,True,156300,26000,15500,18500,39700,14900,19800,11900,6500,3500
5319,526,20260401,True,158400,30700,13000,18700,39600,14800,19800,11900,6500,3400
5320,526,20260301,True,156200,25900,16600,17800,39500,14800,19800,11900,6500,3400
5321,526,20260201,True,163400,27400,15100,25300,39400,14800,19700,11800,6500,3400
5322,527,20260901,True,173900,30400,19700,19500,40000,15000,20000,12000,10800,6500
5323,527,20260801,True,166000,33100,14100,14600,39900,15000,20000,12000,10800,6500
5324,527,20260701,True,170000,35300,16000,14800,39800,14900,19900,12000,10800,6500
5325,527,20260601,True,170100,33600,16300,16400,39800,14900,19900,11900,10800,6500
5326,527,20260501,True,174400,32100,16800,22100,39700,14900,19800,11900,10700,6400
5327,527,20260401,True,172400,32100,17900,19200,39600,14800,19800,11900,10700,6400
5328,528,20260901,True,211600,51400,24800,32800,40000,15000,20000,12000,9900,5700
5329,528,20260801,True,196700,47100,25400,21700,39900,15000,20000,12000,9900,5700
5330,528,20260701,True,242600,94900,25300,20200,39800,14900,19900,12000,9900,5700
5331,528,20260601,True,194600,44000,26300,22300,39800,14900,19900,11900,9800,5700
5332,528,20260501,True,207600,49900,25400,30500,39700,14900,19800,11900,9800,5700
5333,528,20260401,True,203300,46800,25300,29600,39600,14800,19800,11900,9800,5700
5334,528,20260301,True,208300,49900,24500,32400,39500,14800,19800,11900,9800,5700
5335,528,20260201,False,222800,51500,26300,43900,39400,14800,19700,11800,9800,5600
5336,528,20260101,False,223100,49200,27300,45600,39400,14800,19700,11800,9700,5600
5337,528,20251201,True,216800,46700,25900,43500,39300,14700,19600,11800,9700,5600
5338,528,20251101,True,211600,51700,24500,34800,39200,14700,19600,11800,9700,5600
5339,528,20251001,True,206800,48600,27100,30700,39100,14700,19600,11700,9700,5600
5340,528,20250901,False,209100,48300,27500,33200,39000,14600,19500,11700,9700,5600
5341,528,20250801,True,192900,45500,25900,21500,39000,14600,19500,11700,9600,5600
5342,528,20250701,True,194100,48300,24900,21100,38900,14600,19400,11700,9600,5600
5343,528,20250601,True,195100,46000,25600,23900,38800,14600,19400,11600,9600,5600
5344,528,20250501,True,207800,51700,26500,30300,38700,14500,19400,11600,9600,5500
5345,528,20250401,True,200800,44000,25100,32600,38600,14500,19300,11600,9600,5500
5346,529,20260901,True,162800,31800,14900,18900,40000,15000,20000,12000,6200,4000
5347,530,20260901,True,156800,28000,11800,15200,40000,15000,20000,12000,11400,3400
5348,531,20260901,True,201100,46500,23600,28400,40000,15000,20000,12000,9900,5700
5349,531,20260801,True,191800,44400,24000,20900,39900,15000,20000,12000,9900,5700
5350,532,20260901,True,197300,46600,21400,29400,40000,15000,20000,12000,9800,3100
5351,532,20260801,True,191600,48900,23500,19400,39900,15000,20000,12000,9800,3100
5352,532,20260701,True,188100,48400,22600,17600,39800,14900,19900,12000,9800,3100
5353,532,20260601,True,192000,46400,24600,21600,39800,14900,19900,11900,9800,3100
5354,532,20260501,True,200700,46300,24500,30700,39700,14900,19800,11900,9800,3100
5355,532,20260401,True,197300,43900,23900,30600,39600,14800,19800,11900,9700,3100
5356,532,20260301,True,197100,46100,23200,29000,39500,14800,19800,11900,9700,3100
5357,532,20260201,True,212900,49200,25100,40100,39400,14800,19700,11800,9700,3100
5358,532,20260101,True,208800,46000,24600,39700,39400,14800,19700,11800,9700,3100
5359,533,20260901,True,169900,33100,17300,19300,40000,15000,20000,12000,7300,5900
5360,534,20260901,True,190000,42200,20800,29900,40000,15000,20000,12000,6600,3500
5361,535,20260901,True,165300,28300,15200,20000,40000,15000,20000,12000,11400,3400
5362,535,20260801,True,163200,31900,15800,13900,39900,15000,20000,12000,11300,3400
5363,535,20260701,True,163800,33700,15100,13700,39800,14900,19900,12000,11300,3400
5364,535,20260601,True,156500,24800,16200,14300,39800,14900,19900,11900,11300,3400
5365,535,20260501,True,162900,28000,15400,18500,39700,14900,19800,11900,11300,3400
5366,535,20260401,True,162800,28900,14900,18300,39600,14800,19800,11900,11200,3400
5367,535,20260301,False,159600,23500,15300,20200,39500,14800,19800,11900,11200,3400
5368,535,20260201,True,176100,30900,15700,29200,39400,14800,19700,11800,11200,3400
5369,535,20260101,True,171700,27200,17600,26600,39400,14800,19700,11800,11200,3400
5370,535,20251201,True,171500,27700,15800,28100,39300,14700,19600,11800,11100,3400
5371,535,20251101,True,161700,26200,16800,18900,39200,14700,19600,11800,11100,3400
5372,535,20251001,True,166200,32300,15800,18500,39100,14700,19600,11700,11100,3400
5373,535,20250901,True,161400,27400,15000,19700,39000,14600,19500,11700,11100,3400
5374,535,20250801,True,162500,31100,17700,14500,39000,14600,19500,11700,11100,3300
5375,536,20260901,False,181600,39900,19500,25000,40000,15000,20000,12000,6200,4000
5376,536,20260801,True,166700,34500,17200,18000,39900,15000,20000,12000,6100,4000
5377,536,20260701,True,170200,39000,18900,15600,39800,14900,19900,12000,6100,4000
5378,536,20260601,True,170900,36500,18700,19100,39800,14900,19900,11900,6100,4000
5379,536,20260501,True,179700,39200,18800,25300,39700,14900,19800,11900,6100,4000
5380,536,20260401,True,171800,37200,18200,20200,39600,14800,19800,11900,6100,4000
5381,536,20260301,True,182100,40600,19700,25800,39500,14800,19800,11900,6100,3900
5382,536,20260201,True,187600,35100,21100,35700,39400,14800,19700,11800,6100,3900
5383,536,20260101,True,191100,43200,18000,34200,39400,14800,19700,11800,6100,3900
5384,536,20251201,True,188900,39500,19500,34600,39300,14700,19600,11800,6000,3900
5385,536,20251101,True,181000,40300,19200,26300,39200,14700,19600,11800,6000,3900
5386,536,20251001,True,180400,39800,20600,25000,39100,14700,19600,11700,6000,3900
5387,536,20250901,True,174900,35400,20700,24100,39000,14600,19500,11700,6000,3900
5388,536,20250801,True,169800,39600,16300,19200,39000,14600,19500,11700,6000,3900
5389,536,20250701,True,170100,37500,21800,16300,38900,14600,19400,11700,6000,3900
5390,536,20250601,True,171700,39000,19900,18500,38800,14600,19400,11600,6000,3900
5391,536,20250501,True,173500,34800,18900,25700,38700,14500,19400,11600,6000,3900
5392,536,20250401,True,172800,37500,18400,23100,38600,14500,19300,11600,5900,3900
5393,536,20250301,True,174200,35900,19500,25000,38600,14500,19300,11600,5900,3900
5394,536,20250201,True,188000,40200,21100,33400,38500,14400,19200,11500,5900,3800
5395,537,20260901,True,212000,51500,25700,30500,40000,15000,20000,12000,10800,6500
5396,538,20260901,True,196100,43900,23500,29900,40000,15000,20000,12000,8000,3800
5397,538,20260801,True,182600,41900,21900,20100,39900,15000,20000,12000,8000,3800
5398,538,20260701,True,188000,42600,24400,22600,39800,14900,19900,12000,8000,3800
5399,538,20260601,True,189900,47100,23400,21100,39800,14900,19900,11900,8000,3800
5400,538,20260501,True,199700,48700,22900,30100,39700,14900,19800,11900,8000,3700
5401,538,20260401,True,193800,45100,22900,28000,39600,14800,19800,11900,8000,3700
5402,538,20260301,True,197700,43900,25400,30800,39500,14800,19800,11900,7900,3700
5403,538,20260201,True,209500,47000,25000,40200,39400,14800,19700,11800,7900,3700
5404,538,20260101,True,202400,44100,21800,39200,39400,14800,19700,11800,7900,3700
5405,538,20251201,True,201900,41600,23300,40000,39300,14700,19600,11800,7900,3700
5406,538,20251101,True,200500,46300,24300,33000,39200,14700,19600,11800,7900,3700
5407,538,20251001,True,198200,47300,24400,29800,39100,14700,19600,11700,7900,3700
5408,538,20250901,True,190200,41500,23600,28800,39000,14600,19500,11700,7800,3700
5409,538,20250801,True,187500,45200,25200,20800,39000,14600,19500,11700,7800,3700
5410,538,20250701,True,189400,46400,25500,21400,38900,14600,19400,11700,7800,3700
5411,538,20250601,True,185200,45800,21800,21700,38800,14600,19400,11600,7800,3700
5412,538,20250501,True,189800,44400,22100,27600,38700,14500,19400,11600,7800,3700
5413,538,20250401,True,201400,50300,23100,32600,38600,14500,19300,11600,7800,3600
5414,538,20250301,True,194400,45700,23100,30200,38600,14500,19300,11600,7800,3600
5415,538,20250201,True,206700,45400,24400,42000,38500,14400,19200,11500,7700,3600
5416,538,20250101,True,204600,46500,24100,39200,38400,14400,19200,11500,7700,3600
5417,538,20241201,True,204400,43800,25800,40100,38300,14400,19200,11500,7700,3600
5418,538,20241101,True,194700,46400,23700,30200,38200,14300,19100,11500,7700,3600
5419,538,20241001,True,188800,40900,22700,30900,38200,14300,19100,11400,7700,3600
5420,538,20240901,True,198300,49200,23200,31800,38100,14300,19000,11400,7700,3600
5421,538,20240801,True,185300,46400,25900,19200,38000,14200,19000,11400,7600,3600
5422,538,20240701,True,179600,43500,23800,18600,37900,14200,19000,11400,7600,3600
5423,538,20240601,True,182300,46300,22200,20300,37800,14200,18900,11400,7600,3600
5424,538,20240501,True,192700,46800,24200,28300,37800,14200,18900,11300,7600,3600
5425,539,20260901,True,177800,34500,17300,21700,40000,15000,20000,12000,10800,6500
5426,540,20260901,True,196100,41600,20500,29700,40000,15000,20000,12000,10800,6500
5427,540,20260801,False,188700,42400,21200,20900,39900,15000,20000,12000,10800,6500
5428,540,20260701,True,190900,44400,23000,19600,39800,14900,19900,12000,10800,6500
5429,541,20260901,True,198700,43100,22300,29000,40000,15000,20000,12000,10800,6500
5430,541,20260801,True,195000,46100,24100,20600,39900,15000,20000,12000,10800,6500
5431,541,20260701,True,191900,43200,24200,20600,39800,14900,19900,12000,10800,6500
5432,541,20260601,True,192200,41200,25300,21900,39800,14900,19900,11900,10800,6500
5433,541,20260501,True,202000,44500,25300,28800,39700,14900,19800,11900,10700,6400
5434,541,20260401,True,198400,43700,23700,27800,39600,14800,19800,11900,10700,6400
5435,542,20260901,True,173200,30500,18800,20100,40000,15000,20000,12000,10400,6400
5436,542,20260801,True,167700,35200,14400,14400,39900,15000,20000,12000,10400,6400
5437,542,20260701,True,160900,31600,12700,13200,39800,14900,19900,12000,10400,6400
5438,542,20260601,False,168800,34100,15200,16300,39800,14900,19900,11900,10400,6300
5439,542,20260501,True,163900,26000,15100,19900,39700,14900,19800,11900,10300,6300
5440,542,20260401,True,169800,30200,16800,20100,39600,14800,19800,11900,10300,6300
5441,542,20260301,True,169800,29100,15400,22700,39500,14800,19800,11900,10300,6300
5442,542,20260201,True,176400,29500,16600,28000,39400,14800,19700,11800,10300,6300
5443,542,20260101,False,177200,32900,15400,26600,39400,14800,19700,11800,10300,6300
5444,542,20251201,True,171100,26100,15800,27300,39300,14700,19600,11800,10200,6300
5445,542,20251101,True,170000,31800,14200,22200,39200,14700,19600,11800,10200,6300
5446,542,20251001,True,165500,27200,17000,19800,39100,14700,19600,11700,10200,6200
5447,542,20250901,True,165400,31000,14500,18700,39000,14600,19500,11700,10200,6200
5448,542,20250801,True,161600,30300,19500,10700,39000,14600,19500,11700,10100,6200
5449,542,20250701,True,159000,29700,15100,13300,38900,14600,19400,11700,10100,6200
5450,542,20250601,True,159600,29200,15400,14300,38800,14600,19400,11600,10100,6200
5451,542,20250501,True,162900,30600,14900,16900,38700,14500,19400,11600,10100,6200
5452,542,20250401,True,165900,29600,14900,21100,38600,14500,19300,11600,10100,6200
5453,542,20250301,True,169000,36100,13000,19700,38600,14500,19300,11600,10000,6200
5454,542,20250201,True,173100,31300,13900,28200,38500,14400,19200,11500,10000,6100
5455,542,20250101,True,164400,26300,14900,23600,38400,14400,19200,11500,10000,6100
5456,542,20241201,True,171200,30200,14900,26600,38300,14400,19200,11500,10000,6100
5457,542,20241101,True,162200,28900,15500,18600,38200,14300,19100,11500,10000,6100
5458,542,20241001,True,165300,32300,17100,16900,38200,14300,19100,11400,9900,6100
5459,542,20240901,True,165100,30000,15000,21300,38100,14300,19000,11400,9900,6100
5460,542,20240801,True,157200,26600,17100,14900,38000,14200,19000,11400,9900,6100
5461,542,20240701,True,161800,33800,14600,14900,37900,14200,19000,11400,9900,6100
5462,542,20240601,True,155400,29700,13200,14300,37800,14200,18900,11400,9900,6000
5463,542,20240501,True,166100,32800,18000,17300,37800,14200,18900,11300,9800,6000
5464,542,20240401,True,161800,28500,15500,20100,37700,14100,18800,11300,9800,6000
5465,542,20240301,True,161800,31200,14500,18500,37600,14100,18800,11300,9800,6000
5466,542,20240201,True,168800,28100,17900,25300,37500,14100,18800,11300,9800,6000
5467,543,20260901,True,171700,35500,17000,20400,40000,15000,20000,12000,8000,3800
5468,543,20260801,True,160900,33000,16400,12800,39900,15000,20000,12000,8000,3800
5469,543,20260701,False,156700,26800,17300,14200,39800,14900,19900,12000,8000,3800
5470,543,20260601,True,155100,31300,12800,12700,39800,14900,19900,11900,8000,3800
5471,543,20260501,True,166700,33900,16100,18700,39700,14900,19800,11900,8000,3700
5472,543,20260401,True,168400,36700,15100,18800,39600,14800,19800,11900,8000,3700
5473,543,20260301,True,162300,32300,11400,21000,39500,14800,19800,11900,7900,3700
5474,543,20260201,True,176000,33500,16400,28800,39400,14800,19700,11800,7900,3700
5475,543,20260101,True,177000,34200,16300,29200,39400,14800,19700,11800,7900,3700
5476,543,20251201,True,172900,31500,15100,29300,39300,14700,19600,11800,7900,3700
5477,543,20251101,True,157100,27000,13000,20200,39200,14700,19600,11800,7900,3700
5478,543,20251001,True,160800,31300,13600,19200,39100,14700,19600,11700,7900,3700
5479,543,20250901,True,162400,25700,19400,21000,39000,14600,19500,11700,7800,3700
5480,543,20250801,True,156300,33700,15500,10800,39000,14600,19500,11700,7800,3700
5481,543,20250701,True,159200,33900,15700,13500,38900,14600,19400,11700,7800,3700
5482,543,20250601,True,162500,34300,17400,14900,38800,14600,19400,11600,7800,3700
5483,543,20250501,False,156700,27500,14900,18600,38700,14500,19400,11600,7800,3700
5484,543,20250401,True,159800,28400,16700,19300,38600,14500,19300,11600,7800,3600
5485,543,20250301,True,157200,28800,16300,16700,38600,14500,19300,11600,7800,3600
5486,543,20250201,False,167000,27800,15800,28500,38500,14400,19200,11500,7700,3600
5487,543,20250101,True,166100,28100,16900,26300,38400,14400,19200,11500,7700,3600
5488,543,20241201,True,165500,27500,14700,28600,38300,14400,19200,11500,7700,3600
5489,543,20241101,True,156500,29100,14700,18300,38200,14300,19100,11500,7700,3600
5490,543,20241001,True,164200,33600,15500,20800,38200,14300,19100,11400,7700,3600
5491,543,20240901,True,162500,33100,15600,19700,38100,14300,19000,11400,7700,3600
5492,543,20240801,True,151200,27700,15200,14500,38000,14200,19000,11400,7600,3600
5493,543,20240701,True,152800,28900,14700,15500,37900,14200,19000,11400,7600,3600
5494,543,20240601,False,154300,30800,16000,14000,37800,14200,18900,11400,7600,3600
5495,543,20240501,True,165200,32400,16000,23400,37800,14200,18900,11300,7600,3600
5496,543,20240401,True,160600,30400,16400,20700,37700,14100,18800,11300,7600,3600
5497,543,20240301,True,159100,32800,15600,17700,37600,14100,18800,11300,7600,3600
5498,543,20240201,True,161400,25300,16300,27100,37500,14100,18800,11300,7500,3500
5499,543,20240101,True,165800,31100,14300,28100,37400,14000,18700,11200,7500,3500
5500,543,20231201,True,168600,29300,18900,28100,37400,14000,18700,11200,7500,3500
5501,543,20231101,True,160100,33000,15500,19500,37300,14000,18600,11200,7500,3500
5502,543,20231001,True,161400,30200,15300,24000,37200,13900,18600,11200,7500,3500
5503,543,20230901,True,156400,30600,14300,19800,37100,13900,18600,11100,7500,3500
5504,543,20230801,True,151200,30300,15000,14500,37000,13900,18500,11100,7400,3500
5505,543,20230701,True,152200,30200,15100,15500,37000,13900,18500,11100,7400,3500
5506,544,20260901,True,161600,27700,16100,20600,40000,15000,20000,12000,6200,4000
5507,544,20260801,True,158700,31300,16300,14100,39900,15000,20000,12000,6100,4000
5508,544,20260701,True,158200,30700,15500,15300,39800,14900,19900,12000,6100,4000
5509,544,20260601,True,160300,31300,16400,16000,39800,14900,19900,11900,6100,4000
5510,544,20260501,True,162600,30400,15700,20100,39700,14900,19800,11900,6100,4000
5511,545,20260901,True,173000,35500,17900,19400,40000,15000,20000,12000,7300,5900
5512,545,20260801,True,162100,31200,17100,13700,39900,15000,20000,12000,7300,5900
5513,545,20260701,True,164700,33000,16400,15500,39800,14900,19900,12000,7300,5900
5514,546,20260901,True,192400,42800,20700,24800,40000,15000,20000,12000,11100,6000
5515,546,20260801,True,187000,43600,21500,17900,39900,15000,20000,12000,11100,6000
5516,546,20260701,True,189700,45600,21200,19300,39800,14900,19900,12000,11000,6000
5517,546,20260601,True,186600,41900,20300,20900,39800,14900,19900,11900,11000,6000
5518,546,20260501,True,196000,45000,22100,25600,39700,14900,19800,11900,11000,6000
5519,546,20260401,True,196000,44500,23100,25300,39600,14800,19800,11900,11000,6000
5520,546,20260301,False,187600,36200,21500,27000,39500,14800,19800,11900,11000,5900
5521,546,20260201,True,206100,41800,20300,41500,39400,14800,19700,11800,10900,5900
5522,546,20260101,True,205500,42600,22300,38100,39400,14800,19700,11800,10900,5900
5523,547,20260901,True,157100,27100,13300,16500,40000,15000,20000,12000,7300,5900
5524,547,20260801,True,157200,31100,14400,11600,39900,15000,20000,12000,7300,5900
5525,547,20260701,True,154300,28200,14100,12200,39800,14900,19900,12000,7300,5900
5526,547,20260601,True,144300,21800,11000,11800,39800,14900,19900,11900,7300,5900
5527,547,20260501,True,156400,28000,13200,15700,39700,14900,19800,11900,7300,5900
5528,548,20260901,True,155600,25600,10900,17300,40000,15000,20000,12000,11400,3400
5529,548,20260801,True,148800,22900,11700,12600,39900,15000,20000,12000,11300,3400
5530,548,20260701,True,149700,28300,11500,8600,39800,14900,19900,12000,11300,3400
5531,548,20260601,True,152400,25500,14000,11700,39800,14900,19900,11900,11300,3400
5532,548,20260501,True,153000,22200,14300,15500,39700,14900,19800,11900,11300,3400
5533,548,20260401,True,158800,28800,12400,16900,39600,14800,19800,11900,11200,3400
5534,548,20260301,True,156400,28300,13100,14400,39500,14800,19800,11900,11200,3400
5535,548,20260201,True,164200,28900,14100,20900,39400,14800,19700,11800,11200,3400
5536,548,20260101,True,156300,21400,10200,24400,39400,14800,19700,11800,11200,3400
5537,548,20251201,True,161900,28900,11500,21600,39300,14700,19600,11800,11100,3400
5538,548,20251101,True,156900,27000,12300,17800,39200,14700,19600,11800,11100,3400
5539,548,20251001,True,152700,24100,13800,15200,39100,14700,19600,11700,11100,3400
5540,548,20250901,True,151200,25200,11100,15600,39000,14600,19500,11700,11100,3400
5541,548,20250801,True,154500,29300,13100,12900,39000,14600,19500,11700,11100,3300
5542,549,20260901,True,173200,37000,18100,21000,40000,15000,20000,12000,6600,3500
5543,550,20260901,True,189700,40600,19400,25600,40000,15000,20000,12000,11100,6000
5544,550,20260801,True,178800,38000,20800,16000,39900,15000,20000,12000,11100,6000
5545,550,20260701,True,175600,38200,18500,15300,39800,14900,19900,12000,11000,6000
5546,550,20260601,True,180500,40200,18700,18100,39800,14900,19900,11900,11000,6000
5547,550,20260501,True,186100,37600,21000,24200,39700,14900,19800,11900,11000,6000
5548,550,20260401,True,188900,40100,20900,24800,39600,14800,19800,11900,11000,6000
5549,550,20260301,True,188400,39000,20700,25800,39500,14800,19800,11900,11000,5900
5550,550,20260201,True,191200,36200,18800,33700,39400,14800,19700,11800,10900,5900
5551,550,20260101,True,192900,38100,19500,32800,39400,14800,19700,11800,10900,5900
5552,550,20251201,True,195400,40200,18900,34100,39300,14700,19600,11800,10900,5900
5553,550,20251101,True,182500,36800,18100,25500,39200,14700,19600,11800,10900,5900
5554,550,20251001,True,186100,40300,18900,25100,39100,14700,19600,11700,10800,5900
5555,550,20250901,True,179600,32800,20300,25000,39000,14600,19500,11700,10800,5900
5556,550,20250801,False,172600,36200,20400,14500,39000,14600,19500,11700,10800,5900
5557,550,20250701,True,171400,33700,19300,17100,38900,14600,19400,11700,10800,5900
5558,550,20250601,True,177600,38800,19700,18100,38800,14600,19400,11600,10800,5800
5559,551,20260901,True,178500,35200,20600,25600,40000,15000,20000,12000,6600,3500
5560,551,20260801,True,178900,42200,21200,18600,39900,15000,20000,12000,6500,3500
5561,551,20260701,True,176200,38600,21500,19500,39800,14900,19900,12000,6500,3500
5562,551,20260601,True,173100,37100,20200,19300,39800,14900,19900,11900,6500,3500
5563,551,20260501,True,177900,34800,21300,25500,39700,14900,19800,11900,6500,3500
5564,551,20260401,True,184000,39200,21400,27400,39600,14800,19800,11900,6500,3400
5565,551,20260301,True,181800,39700,20600,25600,39500,14800,19800,11900,6500,3400
5566,551,20260201,True,200000,41900,24500,38000,39400,14800,19700,11800,6500,3400
5567,551,20260101,True,193500,40300,22500,35100,39400,14800,19700,11800,6500,3400
5568,551,20251201,True,188200,37900,19800,35300,39300,14700,19600,11800,6400,3400
5569,551,20251101,True,183800,43900,19800,25000,39200,14700,19600,11800,6400,3400
5570,551,20251001,True,182600,42300,21300,24100,39100,14700,19600,11700,6400,3400
5571,551,20250901,True,182600,39800,21700,26500,39000,14600,19500,11700,6400,3400
5572,551,20250801,True,171800,38800,20000,18400,39000,14600,19500,11700,6400,3400
5573,551,20250701,True,174900,42100,19600,18800,38900,14600,19400,11700,6400,3400
5574,551,20250601,False,170700,40300,17800,18400,38800,14600,19400,11600,6400,3400
5575,551,20250501,True,175400,35700,19400,26400,38700,14500,19400,11600,6300,3400
5576,551,20250401,True,178100,39700,18100,26600,38600,14500,19300,11600,6300,3400
5577,551,20250301,False,180100,40100,21300,25000,38600,14500,19300,11600,6300,3400
5578,551,20250201,True,186700,36400,21700,35300,38500,14400,19200,11500,6300,3400
5579,551,20250101,True,193700,40700,23000,36900,38400,14400,19200,11500,6300,3300
5580,551,20241201,True,189200,37300,23000,35900,38300,14400,19200,11500,6300,3300
5581,551,20241101,True,176500,39600,17600,26600,38200,14300,19100,11500,6300,3300
5582,551,20241001,True,180500,40700,21000,26200,38200,14300,19100,11400,6300,3300
5583,551,20240901,True,171400,33700,20200,25200,38100,14300,19000,11400,6200,3300
5584,551,20240801,True,172300,40700,21300,18200,38000,14200,19000,11400,6200,3300
5585,551,20240701,True,169100,38500,20500,18100,37900,14200,19000,11400,6200,3300
5586,551,20240601,True,172100,41400,20100,18800,37800,14200,18900,11400,6200,3300
5587,551,20240501,True,177100,38700,20400,26300,37800,14200,18900,11300,6200,3300
5588,551,20240401,True,179900,39800,22600,26100,37700,14100,18800,11300,6200,3300
5589,551,20240301,True,174000,37900,19700,25100,37600,14100,18800,11300,6200,3300
5590,551,20240201,True,189500,40600,19700,38100,37500,14100,18800,11300,6100,3300
5591,551,20240101,True,186000,37800,19100,38400,37400,14000,18700,11200,6100,3300
5592,551,20231201,True,189300,41100,19800,37700,37400,14000,18700,11200,6100,3300
5593,551,20231101,True,181900,42200,20800,28500,37300,14000,18600,11200,6100,3200
5594,551,20231001,True,176200,39400,20800,25800,37200,13900,18600,11200,6100,3200
5595,551,20230901,True,175900,40100,19700,26100,37100,13900,18600,11100,6100,3200
5596,551,20230801,True,165700,37800,20700,17400,37000,13900,18500,11100,6100,3200
5597,551,20230701,True,164100,36900,21900,15500,37000,13900,18500,11100,6100,3200
5598,551,20230601,True,167500,40400,20900,16800,36900,13800,18400,11100,6000,3200
5599,552,20260901,True,184200,36400,21600,25300,40000,15000,20000,12000,10900,3000
5600,552,20260801,True,171900,35100,19800,16300,39900,15000,20000,12000,10800,3000
5601,552,20260701,True,176000,36200,21600,17800,39800,14900,19900,12000,10800,3000
5602,552,20260601,True,219000,81400,22000,15300,39800,14900,19900,11900,10800,3000
5603,553,20260901,True,150200,23500,10500,12400,40000,15000,20000,12000,10400,6400
5604,554,20260901,True,162700,27500,14300,17500,40000,15000,20000,12000,11700,4700
5605,554,20260801,True,149800,21000,14100,11400,39900,15000,20000,12000,11700,4700
5606,555,20260901,True,146300,23300,11700,14100,40000,15000,20000,12000,6200,4000
5607,555,20260801,True,145300,26000,12600,9700,39900,15000,20000,12000,6100,4000
5608,556,20260901,True,182900,38800,18400,23900,40000,15000,20000,12000,11400,3400
5609,556,20260801,True,172600,35800,18300,16900,39900,15000,20000,12000,11300,3400
5610,556,20260701,True,175400,36700,19800,17600,39800,14900,19900,12000,11300,3400
5611,556,20260601,True,168200,30500,17900,18600,39800,14900,19900,11900,11300,3400
5612,556,20260501,True,178800,36500,17500,23800,39700,14900,19800,11900,11300,3400
5613,556,20260401,True,179500,35300,19300,24200,39600,14800,19800,11900,11200,3400
5614,556,20260301,True,179600,38700,17200,23100,39500,14800,19800,11900,11200,3400
5615,556,20260201,True,190300,37200,19000,33800,39400,14800,19700,11800,11200,3400
5616,556,20260101,True,186800,33300,18400,34800,39400,14800,19700,11800,11200,3400
5617,556,20251201,True,185400,31300,20100,34100,39300,14700,19600,11800,11100,3400
5618,556,20251101,True,180800,37000,19300,24700,39200,14700,19600,11800,11100,3400
5619,556,20251001,True,178600,36600,18800,23600,39100,14700,19600,11700,11100,3400
5620,556,20250901,True,176400,33300,17400,26400,39000,14600,19500,11700,11100,3400
5621,556,20250801,True,167700,33200,18100,17200,39000,14600,19500,11700,11100,3300
5622,556,20250701,True,171700,35200,18800,18800,38900,14600,19400,11700,11000,3300
5623,556,20250601,True,170100,36500,19600,15300,38800,14600,19400,11600,11000,3300
5624,556,20250501,True,178700,39000,17600,23600,38700,14500,19400,11600,11000,3300
5625,556,20250401,True,171400,35000,18300,19800,38600,14500,19300,11600,11000,3300
5626,556,20250301,True,176600,36900,18600,22900,38600,14500,19300,11600,10900,3300
5627,556,20250201,True,183400,35100,18100,32400,38500,14400,19200,11500,10900,3300
5628,556,20250101,True,179500,33600,16500,31700,38400,14400,19200,11500,10900,3300
5629,556,20241201,True,184700,35100,19400,32600,38300,14400,19200,11500,10900,3300
5630,556,20241101,True,177000,35900,19500,24300,38200,14300,19100,11500,10900,3300
5631,556,20241001,True,177400,39200,17200,23900,38200,14300,19100,11400,10800,3300
5632,556,20240901,True,173500,34600,17900,24100,38100,14300,19000,11400,10800,3300
5633,556,20240801,True,166700,31500,19800,18700,38000,14200,19000,11400,10800,3300
5634,556,20240701,True,164900,32500,17300,18500,37900,14200,19000,11400,10800,3300
5635,556,20240601,True,159300,28100,19000,16000,37800,14200,18900,11400,10700,3200
5636,556,20240501,True,178300,38100,21300,22800,37800,14200,18900,11300,10700,3200
5637,556,20240401,True,169000,31300,18900,23000,37700,14100,18800,11300,10700,3200
5638,556,20240301,True,170100,34100,18800,21500,37600,14100,18800,11300,10700,3200
5639,557,20260901,True,156400,28100,13500,16000,40000,15000,20000,12000,8000,3800
5640,557,20260801,True,151100,27000,13000,12400,39900,15000,20000,12000,8000,3800
5641,557,20260701,False,149400,27500,12200,11300,39800,14900,19900,12000,8000,3800
5642,557,20260601,True,147000,21700,14800,12200,39800,14900,19900,11900,8000,3800
5643,557,20260501,True,154600,26400,13700,16500,39700,14900,19800,11900,8000,3700
5644,557,20260401,True,154000,26900,12600,16700,39600,14800,19800,11900,8000,3700
5645,557,20260301,True,154300,24000,13400,19300,39500,14800,19800,11900,7900,3700
5646,557,20260201,True,165800,29100,14800,24600,39400,14800,19700,11800,7900,3700
5647,557,20260101,True,162500,28100,14500,22600,39400,14800,19700,11800,7900,3700
5648,557,20251201,True,161000,27600,12900,23500,39300,14700,19600,11800,7900,3700
5649,557,20251101,True,151500,26000,13800,14800,39200,14700,19600,11800,7900,3700
5650,557,20251001,True,158300,27800,13500,20300,39100,14700,19600,11700,7900,3700
5651,557,20250901,True,152600,26900,13300,16100,39000,14600,19500,11700,7800,3700
5652,557,20250801,True,146700,25200,14800,10400,39000,14600,19500,11700,7800,3700
5653,558,20260901,True,174900,33400,16400,21300,40000,15000,20000,12000,10400,6400
5654,558,20260801,True,163900,30100,15300,14800,39900,15000,20000,12000,10400,6400
5655,558,20260701,True,167600,35700,14600,13900,39800,14900,19900,12000,10400,6400
5656,558,20260601,True,165700,28300,19400,14800,39800,14900,19900,11900,10400,6300
5657,558,20260501,True,173400,36000,16500,18000,39700,14900,19800,11900,10300,6300
5658,558,20260401,False,174200,33300,15100,23100,39600,14800,19800,11900,10300,6300
5659,559,20260901,True,155400,25300,15300,16200,40000,15000,20000,12000,8500,3100
5660,559,20260801,True,148400,26600,12700,10600,39900,15000,20000,12000,8500,3100
5661,559,20260701,True,151500,28500,14300,10500,39800,14900,19900,12000,8500,3100
5662,559,20260601,True,145100,20700,14300,12000,39800,14900,19900,11900,8500,3100
5663,560,20260901,True,175300,32200,18100,20900,40000,15000,20000,12000,11100,6000
5664,560,20260801,True,168400,30700,18300,15400,39900,15000,20000,12000,11100,6000
5665,560,20260701,True,165300,31500,15800,14400,39800,14900,19900,12000,11000,6000
5666,560,20260601,True,164400,29600,15200,16100,39800,14900,19900,11900,11000,6000
5667,560,20260501,True,173500,33800,16900,19500,39700,14900,19800,11900,11000,6000
5668,560,20260401,True,169400,29400,18000,18900,39600,14800,19800,11900,11000,6000
5669,560,20260301,True,173100,33000,15600,21600,39500,14800,19800,11900,11000,5900
5670,560,20260201,True,184200,32100,18200,31400,39400,14800,19700,11800,10900,5900
5671,560,20260101,True,187000,34800,18600,31100,39400,14800,19700,11800,10900,5900
5672,560,20251201,True,174000,27700,16500,27600,39300,14700,19600,11800,10900,5900
5673,560,20251101,True,169100,30100,16800,20100,39200,14700,19600,11800,10900,5900
5674,561,20260901,True,187600,38600,21200,24000,40000,15000,20000,12000,10400,6400
5675,561,20260801,True,179500,38600,21600,15600,39900,15000,20000,12000,10400,6400
5676,561,20260701,True,178500,38700,19500,16900,39800,14900,19900,12000,10400,6400
5677,561,20260601,True,178900,37800,19000,18900,39800,14900,19900,11900,10400,6300
5678,562,20260901,True,152200,24000,11100,17300,40000,15000,20000,12000,7300,5500
5679,562,20260801,True,141900,21900,11300,9000,39900,15000,20000,12000,7300,5500
5680,562,20260701,True,149500,27700,12100,10300,39800,14900,19900,12000,7300,5500
5681,562,20260601,True,152300,29000,11400,12600,39800,14900,19900,11900,7300,5500
5682,562,20260501,True,153900,22000,16100,16700,39700,14900,19800,11900,7300,5500
5683,562,20260401,True,153100,26200,12200,15900,39600,14800,19800,11900,7200,5500
5684,562,20260301,True,150900,23600,13200,15400,39500,14800,19800,11900,7200,5500
5685,562,20260201,True,154900,21300,11300,24000,39400,14800,19700,11800,7200,5400
5686,562,20260101,True,160200,26200,12800,22900,39400,14800,19700,11800,7200,5400
5687,562,20251201,True,153100,21400,10600,23100,39300,14700,19600,11800,7200,5400
5688,562,20251101,True,151700,24400,12100,17300,39200,14700,19600,11800,7200,5400
5689,562,20251001,True,144500,20100,13000,13700,39100,14700,19600,11700,7200,5400
5690,562,20250901,True,149100,23700,12600,15500,39000,14600,19500,11700,7100,5400
5691,562,20250801,True,144500,25700,12100,9400,39000,14600,19500,11700,7100,5400
5692,562,20250701,True,141900,24000,11500,9300,38900,14600,19400,11700,7100,5400
5693,562,20250601,True,148400,26300,12900,12300,38800,14600,19400,11600,7100,5400
5694,562,20250501,True,150900,25200,12600,16500,38700,14500,19400,11600,7100,5300
5695,562,20250401,True,145300,20000,14100,14800,38600,14500,19300,11600,7100,5300
5696,562,20250301,True,152200,27600,13100,15200,38600,14500,19300,11600,7000,5300
5697,562,20250201,True,153200,23600,12300,21400,38500,14400,19200,11500,7000,5300
5698,562,20250101,True,155900,24200,12300,23600,38400,14400,19200,11500,7000,5300
5699,562,20241201,True,153300,22700,12700,22200,38300,14400,19200,11500,7000,5300
5700,562,20241101,True,148700,24100,14000,15200,38200,14300,19100,11500,7000,5300
5701,562,20241001,True,150700,23600,13600,18200,38200,14300,19100,11400,7000,5300
5702,562,20240901,True,150800,27500,11800,16400,38100,14300,19000,11400,7000,5300
5703,562,20240801,True,152500,29200,14200,14300,38000,14200,19000,11400,6900,5300
5704,562,20240701,True,142400,25600,13100,9100,37900,14200,19000,11400,6900,5200
5705,562,20240601,True,140100,21600,13600,10500,37800,14200,18900,11400,6900,5200
5706,563,20260901,False,177600,32600,19300,25800,40000,15000,20000,12000,9800,3100
5707,564,20260901,True,166300,29300,15900,18500,40000,15000,20000,12000,9900,5700
5708,564,20260801,True,163600,30200,17100,13800,39900,15000,20000,12000,9900,5700
5709,564,20260701,True,159100,29500,15900,11500,39800,14900,19900,12000,9900,5700
5710,564,20260601,True,160200,28400,14900,14900,39800,14900,19900,11900,9800,5700
5711,564,20260501,True,165600,30100,14200,19500,39700,14900,19800,11900,9800,5700
5712,564,20260401,True,169800,29100,17900,21200,39600,14800,19800,11900,9800,5700
5713,564,20260301,True,162100,29400,13300,17900,39500,14800,19800,11900,9800,5700
5714,564,20260201,True,182300,36400,15900,28900,39400,14800,19700,11800,9800,5600
5715,564,20260101,True,173100,28500,16900,26700,39400,14800,19700,11800,9700,5600
5716,565,20260901,True,200900,43700,23200,29700,40000,15000,20000,12000,10800,6500
5717,565,20260801,True,193000,43500,24600,20700,39900,15000,20000,12000,10800,6500
5718,566,20260901,True,204900,50500,24700,29500,40000,15000,20000,12000,7300,5900
5719,566,20260801,True,192800,46600,25700,20400,39900,15000,20000,12000,7300,5900
5720,566,20260701,True,202700,51000,28000,23900,39800,14900,19900,12000,7300,5900
5721,567,20260901,True,185300,38800,19700,28000,40000,15000,20000,12000,7700,4100
5722,568,20260901,True,159100,29600,13900,18500,40000,15000,20000,12000,6600,3500
5723,568,20260801,True,150500,25800,15500,12300,39900,15000,20000,12000,6500,3500
5724,568,20260701,True,150600,27600,15600,10800,39800,14900,19900,12000,6500,3500
5725,568,20260601,True,157100,33000,14900,12700,39800,14900,19900,11900,6500,3500
5726,568,20260501,True,159200,29800,15100,18000,39700,14900,19800,11900,6500,3500
5727,569,20260901,True,170800,32200,15500,19000,40000,15000,20000,12000,11100,6000
5728,569,20260801,False,166900,30800,16800,15300,39900,15000,20000,12000,11100,6000
5729,570,20260901,True,164900,25100,16100,19400,40000,15000,20000,12000,10800,6500
5730,570,20260801,True,160100,28700,15500,11700,39900,15000,20000,12000,10800,6500
5731,570,20260701,True,159500,27500,15200,12900,39800,14900,19900,12000,10800,6500
5732,570,20260601,True,163000,32400,13900,12900,39800,14900,19900,11900,10800,6500
5733,570,20260501,True,164500,30600,13900,16600,39700,14900,19800,11900,10700,6400
5734,570,20260401,True,162700,26800,16400,16300,39600,14800,19800,11900,10700,6400
5735,570,20260301,True,160100,25200,13100,18700,39500,14800,19800,11900,10700,6400
5736,570,20260201,True,174300,32800,16300,22400,39400,14800,19700,11800,10700,6400
5737,570,20260101,True,173600,28700,13400,28700,39400,14800,19700,11800,10700,6400
5738,570,20251201,True,171300,24900,16500,27500,39300,14700,19600,11800,10600,6400
5739,570,20251101,True,163400,26500,14700,19900,39200,14700,19600,11800,10600,6400
5740,570,20251001,True,161300,30800,13100,15400,39100,14700,19600,11700,10600,6300
5741,570,20250901,True,167400,29300,16700,19700,39000,14600,19500,11700,10600,6300
5742,570,20250801,True,158700,28900,15100,13000,39000,14600,19500,11700,10600,6300
5743,570,20250701,True,156800,29800,13000,12600,38900,14600,19400,11700,10500,6300
5744,570,20250601,True,156000,29500,14100,11200,38800,14600,19400,11600,10500,6300
5745,570,20250501,True,163400,32800,12700,16900,38700,14500,19400,11600,10500,6300
5746,570,20250401,True,163800,30900,15800,16300,38600,14500,19300,11600,10500,6300
5747,570,20250301,True,159300,25200,15100,18300,38600,14500,19300,11600,10400,6300
5748,570,20250201,True,160900,23200,15200,22300,38500,14400,19200,11500,10400,6200
5749,571,20260901,True,183000,40900,19000,22900,40000,15000,20000,12000,7300,5900
5750,571,20260801,True,173200,36000,18400,18700,39900,15000,20000,12000,7300,5900
5751,571,20260701,True,169500,33500,20500,15700,39800,14900,19900,12000,7300,5900
5752,571,20260601,True,176900,39000,19200,19000,39800,14900,19900,11900,7300,5900
5753,571,20260501,True,180000,37000,18500,25000,39700,14900,19800,11900,7300,5900
5754,571,20260401,True,179100,36100,19700,24100,39600,14800,19800,11900,7200,5900
5755,571,20260301,True,179500,35600,18900,25900,39500,14800,19800,11900,7200,5900
5756,571,20260201,True,194800,41400,19600,35000,39400,14800,19700,11800,7200,5900
5757,571,20260101,True,185000,35700,18100,32400,39400,14800,19700,11800,7200,5900
5758,571,20251201,True,188200,40700,17600,31500,39300,14700,19600,11800,7200,5800
5759,571,20251101,True,181700,39400,21800,22200,39200,14700,19600,11800,7200,5800
5760,571,20251001,True,179800,35400,19800,26500,39100,14700,19600,11700,7200,5800
5761,571,20250901,True,179100,37900,19700,23800,39000,14600,19500,11700,7100,5800
5762,571,20250801,True,169700,34700,19700,17600,39000,14600,19500,11700,7100,5800
5763,571,20250701,True,174300,39600,20600,16600,38900,14600,19400,11700,7100,5800
5764,571,20250601,True,170600,36400,20600,16300,38800,14600,19400,11600,7100,5800
5765,571,20250501,True,180200,37400,19200,26500,38700,14500,19400,11600,7100,5800
5766,571,20250401,True,180300,39100,20800,23600,38600,14500,19300,11600,7100,5700
5767,571,20250301,True,177400,38000,19800,22800,38600,14500,19300,11600,7100,5700
5768,571,20250201,True,186900,39300,19300,32000,38500,14400,19200,11500,7000,5700
5769,571,20250101,True,185900,40500,17500,31700,38400,14400,19200,11500,7000,5700
5770,571,20241201,True,184700,34500,20400,33700,38300,14400,19200,11500,7000,5700
5771,571,20241101,True,177100,36200,21000,24100,38200,14300,19100,11500,7000,5700
5772,571,20241001,True,174900,35100,21000,23100,38200,14300,19100,11400,7000,5700
5773,571,20240901,True,179900,39900,20700,23800,38100,14300,19000,11400,7000,5700
5774,571,20240801,True,170700,37600,19700,18200,38000,14200,19000,11400,7000,5600
5775,571,20240701,True,168900,39800,18800,15300,37900,14200,19000,11400,6900,5600
5776,571,20240601,True,170100,39200,20800,15300,37800,14200,18900,11400,6900,5600
5777,571,20240501,True,177500,37500,20400,24900,37800,14200,18900,11300,6900,5600
5778,571,20240401,True,176400,36600,21100,24300,37700,14100,18800,11300,6900,5600
5779,571,20240301,True,178800,39800,21000,23700,37600,14100,18800,11300,6900,5600
5780,571,20240201,True,185000,38100,18700,34000,37500,14100,18800,11300,6900,5600
5781,572,20260901,True,160000,24300,13400,19700,40000,15000,20000,12000,9900,5700
5782,572,20260801,True,152100,22700,15000,11900,39900,15000,20000,12000,9900,5700
5783,572,20260701,True,155100,26300,13700,12900,39800,14900,19900,12000,9900,5700
5784,573,20260901,True,158600,26200,15400,17200,40000,15000,20000,12000,7300,5500
5785,573,20260801,False,162500,32200,15800,14800,39900,15000,20000,12000,7300,5500
5786,573,20260701,True,156300,30400,15600,10900,39800,14900,19900,12000,7300,5500
5787,573,20260601,True,156900,28300,17000,12300,39800,14900,19900,11900,7300,5500
5788,573,20260501,True,164000,28900,15800,20200,39700,14900,19800,11900,7300,5500
5789,573,20260401,True,163100,31500,14800,18000,39600,14800,19800,11900,7200,5500
5790,573,20260301,True,159800,26400,16900,17800,39500,14800,19800,11900,7200,5500
5791,573,20260201,True,174500,30300,16400,29500,39400,14800,19700,11800,7200,5400
5792,573,20260101,True,168100,26800,16600,26400,39400,14800,19700,11800,7200,5400
5793,574,20260901,True,142100,19800,8500,13900,40000,15000,20000,12000,9800,3100
5794,574,20260801,True,141500,21300,11000,9400,39900,15000,20000,12000,9800,3100
5795,574,20260701,True,142500,21700,10800,10500,39800,14900,19900,12000,9800,3100
5796,574,20260601,True,139500,17900,11900,10300,39800,14900,19900,11900,9800,3100
5797,574,20260501,True,147600,21100,10800,16500,39700,14900,19800,11900,9800,3100
5798,574,20260401,True,142000,19100,10300,13700,39600,14800,19800,11900,9700,3100
5799,574,20260301,True,136900,13900,10100,14100,39500,14800,19800,11900,9700,3100
5800,574,20260201,True,154400,24700,10500,20700,39400,14800,19700,11800,9700,3100
5801,574,20260101,True,151800,23400,9600,20300,39400,14800,19700,11800,9700,3100
5802,575,20260901,True,187800,42900,20100,25000,40000,15000,20000,12000,7300,5500
5803,576,20260901,True,189400,44400,20800,25600,40000,15000,20000,12000,8500,3100
5804,576,20260801,True,180900,39000,23400,20000,39900,15000,20000,12000,8500,3100
5805,576,20260701,True,176800,38500,22600,17500,39800,14900,19900,12000,8500,3100
5806,576,20260601,True,176500,38600,21900,17900,39800,14900,19900,11900,8500,3100
5807,576,20260501,True,189300,43200,23000,25200,39700,14900,19800,11900,8500,3100
5808,576,20260401,True,188200,40600,23700,26300,39600,14800,19800,11900,8400,3100
5809,576,20260301,True,186700,40000,23000,26200,39500,14800,19800,11900,8400,3100
5810,576,20260201,True,195200,39100,21600,37300,39400,14800,19700,11800,8400,3100
5811,576,20260101,True,198900,38600,23300,39800,39400,14800,19700,11800,8400,3100
5812,576,20251201,True,199100,43000,22000,37200,39300,14700,19600,11800,8400,3100
5813,576,20251101,True,186000,39100,22900,27200,39200,14700,19600,11800,8400,3100
5814,576,20251001,True,193000,45100,21800,29600,39100,14700,19600,11700,8300,3100
5815,576,20250901,True,179600,35600,22800,25000,39000,14600,19500,11700,8300,3100
5816,576,20250801,True,175900,38800,21500,19400,39000,14600,19500,11700,8300,3100
5817,576,20250701,True,169000,34000,20400,18600,38900,14600,19400,11700,8300,3100
5818,576,20250601,True,175300,39500,20900,19100,38800,14600,19400,11600,8300,3100
5819,576,20250501,True,188600,45000,21700,26400,38700,14500,19400,11600,8300,3000
5820,576,20250401,True,183200,41400,21500,25100,38600,14500,19300,11600,8200,3000
5821,576,20250301,True,182900,38100,21800,27800,38600,14500,19300,11600,8200,3000
5822,577,20260901,True,160400,27500,13200,19800,40000,15000,20000,12000,9800,3100
5823,577,20260801,True,162300,31900,16600,14000,39900,15000,20000,12000,9800,3100
5824,577,20260701,True,157200,28100,16700,12900,39800,14900,19900,12000,9800,3100
5825,577,20260601,True,154000,26100,15300,13200,39800,14900,19900,11900,9800,3100
5826,577,20260501,True,160800,30500,14200,16900,39700,14900,19800,11900,9800,3100
5827,577,20260401,True,164000,30000,14900,20200,39600,14800,19800,11900,9700,3100
5828,577,20260301,True,164800,29000,16300,20700,39500,14800,19800,11900,9700,3100
5829,577,20260201,True,168700,26900,16200,27100,39400,14800,19700,11800,9700,3100
5830,577,20260101,True,169500,29400,15400,26200,39400,14800,19700,11800,9700,3100
5831,578,20260901,True,194800,42300,22400,25800,40000,15000,20000,12000,10800,6500
5832,578,20260801,True,194800,45800,23500,21300,39900,15000,20000,12000,10800,6500
5833,578,20260701,True,184600,40600,21400,18700,39800,14900,19900,12000,10800,6500
5834,578,20260601,True,183700,36600,23700,19600,39800,14900,19900,11900,10800,6500
5835,578,20260501,True,191500,39100,21700,27300,39700,14900,19800,11900,10700,6400
5836,578,20260401,True,197600,42500,22000,29900,39600,14800,19800,11900,10700,6400
5837,578,20260301,True,194600,41600,22800,27100,39500,14800,19800,11900,10700,6400
5838,579,20260901,True,192900,46100,21700,28000,40000,15000,20000,12000,6600,3500
5839,579,20260801,True,176900,41500,22500,16000,39900,15000,20000,12000,6500,3500
5840,579,20260701,True,178400,40800,21700,19300,39800,14900,19900,12000,6500,3500
5841,579,20260601,True,186800,48000,21500,20800,39800,14900,19900,11900,6500,3500
5842,579,20260501,True,188700,42300,22800,27300,39700,14900,19800,11900,6500,3500
5843,579,20260401,True,189700,45300,22400,26000,39600,14800,19800,11900,6500,3400
5844,579,20260301,True,185800,43400,20100,26400,39500,14800,19800,11900,6500,3400
5845,579,20260201,True,208900,47000,25100,41200,39400,14800,19700,11800,6500,3400
5846,579,20260101,True,196900,39200,22400,39700,39400,14800,19700,11800,6500,3400
5847,579,20251201,True,202100,42000,22600,42300,39300,14700,19600,11800,6400,3400
5848,579,20251101,True,192900,47500,22400,27900,39200,14700,19600,11800,6400,3400
5849,579,20251001,True,191800,44700,21900,30300,39100,14700,19600,11700,6400,3400
5850,579,20250901,True,190900,44100,23100,29100,39000,14600,19500,11700,6400,3400
5851,579,20250801,True,180500,42500,22000,21400,39000,14600,19500,11700,6400,3400
5852,579,20250701,True,178700,42000,23600,18700,38900,14600,19400,11700,6400,3400
5853,579,20250601,True,178800,42200,22800,19600,38800,14600,19400,11600,6400,3400
5854,579,20250501,True,189500,43500,23300,28800,38700,14500,19400,11600,6300,3400
5855,579,20250401,True,193000,45900,24100,29300,38600,14500,19300,11600,6300,3400
5856,579,20250301,True,192400,45900,24100,28700,38600,14500,19300,11600,6300,3400
5857,579,20250201,True,198000,43300,22500,38900,38500,14400,19200,11500,6300,3400
5858,579,20250101,True,202100,46200,23900,38900,38400,14400,19200,11500,6300,3300
5859,579,20241201,True,196600,41600,21900,40100,38300,14400,19200,11500,6300,3300
5860,579,20241101,True,186000,43000,23500,26800,38200,14300,19100,11500,6300,3300
5861,579,20241001,True,185800,43300,23300,26600,38200,14300,19100,11400,6300,3300
5862,579,20240901,True,185100,42100,22900,27800,38100,14300,19000,11400,6200,3300
5863,580,20260901,True,187800,40800,19200,25200,40000,15000,20000,12000,9900,5700
5864,580,20260801,True,177700,37600,19600,18000,39900,15000,20000,12000,9900,5700
5865,580,20260701,True,176200,34400,21000,18600,39800,14900,19900,12000,9900,5700
5866,580,20260601,True,177500,40400,18700,16400,39800,14900,19900,11900,9800,5700
5867,580,20260501,True,176100,33000,20100,21200,39700,14900,19800,11900,9800,5700
5868,580,20260401,True,175500,31400,19400,23100,39600,14800,19800,11900,9800,5700
5869,581,20260901,True,151400,23800,9500,14700,40000,15000,20000,12000,11700,4700
5870,581,20260801,True,143000,16900,9700,13100,39900,15000,20000,12000,11700,4700
5871,581,20260701,True,144100,23200,10400,7500,39800,14900,19900,12000,11700,4700
5872,581,20260601,True,146200,23300,10300,9700,39800,14900,19900,11900,11700,4700
5873,581,20260501,True,146100,17000,12500,14100,39700,14900,19800,11900,11600,4600
5874,581,20260401,True,147900,18600,9800,17200,39600,14800,19800,11900,11600,4600
5875,581,20260301,True,150400,21300,11800,15100,39500,14800,19800,11900,11600,4600
5876,581,20260201,True,153200,21900,9300,20100,39400,14800,19700,11800,11600,4600
5877,581,20260101,False,146000,16400,10200,17500,39400,14800,19700,11800,11600,4600
5878,581,20251201,True,159400,24900,11300,21700,39300,14700,19600,11800,11500,4600
5879,581,20251101,True,146700,20700,11500,13100,39200,14700,19600,11800,11500,4600
5880,581,20251001,True,154400,24800,11100,17300,39100,14700,19600,11700,11500,4600
5881,581,20250901,True,144800,19000,11900,13000,39000,14600,19500,11700,11500,4600
5882,581,20250801,True,142300,21500,9500,10500,39000,14600,19500,11700,11400,4600
5883,581,20250701,True,139700,18600,11200,9300,38900,14600,19400,11700,11400,4600
5884,581,20250601,True,147400,23000,12000,12100,38800,14600,19400,11600,11400,4500
5885,581,20250501,True,145200,22000,9400,13700,38700,14500,19400,11600,11400,4500
5886,581,20250401,True,143500,20900,9100,13700,38600,14500,19300,11600,11300,4500
5887,581,20250301,True,146000,21100,12800,12300,38600,14500,19300,11600,11300,4500
5888,581,20250201,True,145500,17400,10100,18600,38500,14400,19200,11500,11300,4500
5889,581,20250101,True,150500,21800,9900,19500,38400,14400,19200,11500,11300,4500
5890,581,20241201,True,156300,27700,9200,20200,38300,14400,19200,11500,11300,4500
5891,581,20241101,True,142300,19300,12000,12200,38200,14300,19100,11500,11200,4500
5892,581,20241001,True,146400,24200,11000,12500,38200,14300,19100,11400,11200,4500
5893,581,20240901,True,153700,28400,12100,14700,38100,14300,19000,11400,11200,4500
5894,581,20240801,False,141200,21200,10500,11300,38000,14200,19000,11400,11200,4400
5895,581,20240701,True,137900,20900,10500,8500,37900,14200,19000,11400,11100,4400
5896,581,20240601,True,140100,21400,12500,8400,37800,14200,18900,11400,11100,4400
5897,581,20240501,True,141200,21100,9100,13300,37800,14200,18900,11300,11100,4400
5898,581,20240401,True,140500,18300,11900,12900,37700,14100,18800,11300,11100,4400
5899,581,20240301,True,148500,25100,13200,13000,37600,14100,18800,11300,11000,4400
5900,581,20240201,True,151900,24200,12300,18300,37500,14100,18800,11300,11000,4400
5901,581,20240101,True,147500,21100,10700,19000,37400,14000,18700,11200,11000,4400
5902,581,20231201,True,147100,20700,9700,20000,37400,14000,18700,11200,11000,4400
5903,581,20231101,True,143800,22100,10700,14600,37300,14000,18600,11200,10900,4400
5904,581,20231001,True,141800,21200,10700,13700,37200,13900,18600,11200,10900,4400
5905,581,20230901,True,142600,21400,10700,14600,37100,13900,18600,11100,10900,4300
5906,581,20230801,True,140700,23800,10300,10900,37000,13900,18500,11100,10900,4300
5907,581,20230701,True,136400,21900,10300,8500,37000,13900,18500,11100,10900,4300
5908,581,20230601,False,134200,21300,10000,7600,36900,13800,18400,11100,10800,4300
5909,581,20230501,True,138500,21100,11500,10800,36800,13800,18400,11000,10800,4300
5910,581,20230401,True,139700,21200,10700,12800,36700,13800,18400,11000,10800,4300
5911,581,20230301,True,140200,22100,8900,14500,36600,13700,18300,11000,10800,4300
5912,581,20230201,True,143800,21700,9800,17700,36600,13700,18300,11000,10700,4300
5913,581,20230101,True,146000,20100,13100,18500,36500,13700,18200,10900,10700,4300
5914,581,20221201,True,145300,21800,9800,19600,36400,13600,18200,10900,10700,4300
5915,582,20260901,True,155900,26400,11800,17500,40000,15000,20000,12000,7300,5900
5916,582,20260801,True,153600,28500,13100,11900,39900,15000,20000,12000,7300,5900
5917,582,20260701,True,149600,23900,13400,12500,39800,14900,19900,12000,7300,5900
5918,582,20260601,True,187100,62600,12200,12600,39800,14900,19900,11900,7300,5900
5919,583,20260901,True,167700,30100,17700,22700,40000,15000,20000,12000,6200,4000
5920,584,20260901,True,189100,42400,23500,26100,40000,15000,20000,12000,6600,3500
5921,584,20260801,True,181800,41100,22200,21600,39900,15000,20000,12000,6500,3500
5922,584,20260701,True,184000,44700,23700,19000,39800,14900,19900,12000,6500,3500
5923,584,20260601,True,181100,40400,24300,19900,39800,14900,19900,11900,6500,3500
5924,584,20260501,True,195300,45700,24800,28500,39700,14900,19800,11900,6500,3500
5925,584,20260401,True,192300,44100,23300,28900,39600,14800,19800,11900,6500,3400
5926,584,20260301,True,189500,40900,23200,29500,39500,14800,19800,11900,6500,3400
5927,584,20260201,True,197200,36500,25500,39600,39400,14800,19700,11800,6500,3400
5928,584,20260101,True,202400,43800,22200,40800,39400,14800,19700,11800,6500,3400
5929,584,20251201,True,203800,46900,22300,39400,39300,14700,19600,11800,6400,3400
5930,585,20260901,True,167200,29800,17800,21000,40000,15000,20000,12000,8500,3100
5931,585,20260801,True,171400,37300,18900,16700,39900,15000,20000,12000,8500,3100
5932,585,20260701,True,170800,34200,20100,18300,39800,14900,19900,12000,8500,3100
5933,585,20260601,False,164900,32500,16700,17600,39800,14900,19900,11900,8500,3100
5934,585,20260501,True,174200,34200,19200,22900,39700,14900,19800,11900,8500,3100
5935,585,20260401,True,176800,38000,18800,22400,39600,14800,19800,11900,8400,3100
5936,585,20260301,True,178000,38300,17900,24300,39500,14800,19800,11900,8400,3100
5937,585,20260201,True,179700,33400,18100,31000,39400,14800,19700,11800,8400,3100
5938,586,20260901,False,173000,31500,19600,24800,40000,15000,20000,12000,6600,3500
5939,586,20260801,True,170200,35700,21200,16400,39900,15000,20000,12000,6500,3500
5940,586,20260701,True,168200,36700,20800,14100,39800,14900,19900,12000,6500,3500
5941,586,20260601,True,169200,36700,18500,17500,39800,14900,19900,11900,6500,3500
5942,586,20260501,True,183900,41900,22500,23200,39700,14900,19800,11900,6500,3500
5943,586,20260401,True,181300,38300,21700,25300,39600,14800,19800,11900,6500,3400
5944,586,20260301,True,170600,34700,16900,23100,39500,14800,19800,11900,6500,3400
5945,586,20260201,True,189100,36600,20700,36200,39400,14800,19700,11800,6500,3400
5946,587,20260901,True,149900,23000,12500,15600,40000,15000,20000,12000,7700,4100
5947,588,20260901,True,142900,17800,12300,12600,40000,15000,20000,12000,7300,5900
5948,588,20260801,True,142500,22300,11100,9000,39900,15000,20000,12000,7300,5900
5949,588,20260701,True,145500,22700,12400,10600,39800,14900,19900,12000,7300,5900
5950,588,20260601,True,140600,22100,8700,10100,39800,14900,19900,11900,7300,5900
5951,588,20260501,True,142400,18300,11200,13400,39700,14900,19800,11900,7300,5900
5952,588,20260401,True,142600,20300,10500,12600,39600,14800,19800,11900,7200,5900
5953,588,20260301,True,146400,22900,10800,13600,39500,14800,19800,11900,7200,5900
5954,588,20260201,True,152800,26200,8800,19000,39400,14800,19700,11800,7200,5900
5955,588,20260101,True,149000,19800,10000,20400,39400,14800,19700,11800,7200,5900
5956,588,20251201,True,147800,19300,11100,19000,39300,14700,19600,11800,7200,5800
5957,588,20251101,True,149900,24400,11100,16100,39200,14700,19600,11800,7200,5800
5958,588,20251001,True,148900,26800,10100,13900,39100,14700,19600,11700,7200,5800
5959,588,20250901,True,139000,19500,9900,11900,39000,14600,19500,11700,7100,5800
5960,588,20250801,True,143800,23000,12000,11100,39000,14600,19500,11700,7100,5800
5961,588,20250701,True,140700,19600,10800,12800,38900,14600,19400,11700,7100,5800
5962,588,20250601,True,132900,17300,11700,6600,38800,14600,19400,11600,7100,5800
5963,588,20250501,False,144700,21200,11400,15000,38700,14500,19400,11600,7100,5800
5964,588,20250401,True,143100,22600,10500,13200,38600,14500,19300,11600,7100,5700
5965,588,20250301,True,145800,23700,11200,14100,38600,14500,19300,11600,7100,5700
5966,588,20250201,True,153200,24300,11600,21000,38500,14400,19200,11500,7000,5700
5967,588,20250101,True,150000,21000,12300,20500,38400,14400,19200,11500,7000,5700
5968,588,20241201,True,150000,21900,11000,21000,38300,14400,19200,11500,7000,5700
5969,589,20260901,True,198300,43200,22200,28800,40000,15000,20000,12000,11100,6000
5970,589,20260801,True,188100,43200,21400,19500,39900,15000,20000,12000,11100,6000
5971,589,20260701,True,191500,46600,22800,18500,39800,14900,19900,12000,11000,6000
5972,589,20260601,True,188600,45800,21300,18000,39800,14900,19900,11900,11000,6000
5973,589,20260501,True,196400,41800,23300,28000,39700,14900,19800,11900,11000,6000
5974,589,20260401,True,202900,45200,26300,28300,39600,14800,19800,11900,11000,6000
5975,589,20260301,True,199000,47300,22800,26000,39500,14800,19800,11900,11000,5900
5976,589,20260201,True,212500,46200,22800,41000,39400,14800,19700,11800,10900,5900
5977,589,20260101,True,201800,39000,21100,39200,39400,14800,19700,11800,10900,5900
5978,590,20260901,True,160000,26400,14600,19200,40000,15000,20000,12000,7300,5500
5979,590,20260801,False,151500,26100,14000,11700,39900,15000,20000,12000,7300,5500
5980,590,20260701,True,159500,29300,15000,15800,39800,14900,19900,12000,7300,5500
5981,590,20260601,True,156800,28100,16400,13000,39800,14900,19900,11900,7300,5500
5982,590,20260501,True,159400,26900,13300,20100,39700,14900,19800,11900,7300,5500
5983,590,20260401,True,161300,27700,13900,20900,39600,14800,19800,11900,7200,5500
5984,590,20260301,True,166000,30300,16100,20900,39500,14800,19800,11900,7200,5500
5985,590,20260201,True,167800,27500,14700,27300,39400,14800,19700,11800,7200,5400
5986,590,20260101,True,168100,29500,14200,26100,39400,14800,19700,11800,7200,5400
5987,590,20251201,True,168400,29000,15100,26300,39300,14700,19600,11800,7200,5400
5988,590,20251101,True,160500,27500,14800,20300,39200,14700,19600,11800,7200,5400
5989,590,20251001,True,162600,30300,15400,19200,39100,14700,19600,11700,7200,5400
5990,590,20250901,True,158500,29500,13300,18400,39000,14600,19500,11700,7100,5400
5991,590,20250801,True,155200,27400,15500,15000,39000,14600,19500,11700,7100,5400
5992,591,20260901,True,188400,40100,21400,28100,40000,15000,20000,12000,8000,3800
5993,592,20260901,True,144300,23600,9500,11400,40000,15000,20000,12000,7300,5500
5994,592,20260801,True,139000,20300,10100,8900,39900,15000,20000,12000,7300,5500
5995,592,20260701,True,138900,21900,10000,7600,39800,14900,19900,12000,7300,5500
5996,592,20260601,True,143300,19400,13100,11500,39800,14900,19900,11900,7300,5500
5997,592,20260501,True,142500,19000,10800,13600,39700,14900,19800,11900,7300,5500
5998,592,20260401,True,142500,21200,10700,11800,39600,14800,19800,11900,7200,5500
5999,592,20260301,True,143900,19900,12000,13300,39500,14800,19800,11900,7200,5500
6000,593,20260901,True,209400,48700,26400,31700,40000,15000,20000,12000,9900,5700
6001,594,20260901,True,165900,29500,17500,20100,40000,15000,20000,12000,7700,4100
6002,594,20260801,True,151300,23300,16700,12700,39900,15000,20000,12000,7600,4100
6003,594,20260701,True,154000,27900,16000,11800,39800,14900,19900,12000,7600,4100
6004,595,20260901,True,192100,44900,22300,25000,40000,15000,20000,12000,9800,3100
6005,595,20260801,True,183200,42800,20900,19700,39900,15000,20000,12000,9800,3100
6006,595,20260701,True,183800,44100,21300,18900,39800,14900,19900,12000,9800,3100
6007,595,20260601,True,186600,45000,23100,19100,39800,14900,19900,11900,9800,3100
6008,595,20260501,True,185400,38100,22100,26000,39700,14900,19800,11900,9800,3100
6009,595,20260401,True,189800,41500,22900,26500,39600,14800,19800,11900,9700,3100
6010,595,20260301,True,188400,40700,20900,28000,39500,14800,19800,11900,9700,3100
6011,595,20260201,True,198300,43100,20300,36400,39400,14800,19700,11800,9700,3100
6012,595,20260101,True,202500,42400,21900,39700,39400,14800,19700,11800,9700,3100
6013,595,20251201,True,198700,41100,21300,38100,39300,14700,19600,11800,9700,3100
6014,595,20251101,True,185500,38700,21200,27600,39200,14700,19600,11800,9600,3100
6015,595,20251001,True,185400,38600,22500,26500,39100,14700,19600,11700,9600,3100
6016,595,20250901,True,188700,42400,20000,28800,39000,14600,19500,11700,9600,3100
6017,595,20250801,True,181700,44000,21200,19100,39000,14600,19500,11700,9600,3000
6018,595,20250701,True,180500,42200,21300,19800,38900,14600,19400,11700,9600,3000
6019,595,20250601,True,183900,44200,22700,20100,38800,14600,19400,11600,9500,3000
6020,595,20250501,True,188700,39300,20900,31800,38700,14500,19400,11600,9500,3000
6021,596,20260901,True,193500,41600,22300,25300,40000,15000,20000,12000,10800,6500
6022,596,20260801,True,179000,35600,21800,17400,39900,15000,20000,12000,10800,6500
6023,596,20260701,True,184300,40200,22000,18200,39800,14900,19900,12000,10800,6500
6024,596,20260601,True,187600,43300,20700,19800,39800,14900,19900,11900,10800,6500
6025,596,20260501,True,193200,41400,22500,25900,39700,14900,19800,11900,10700,6400
6026,596,20260401,True,197900,44500,22900,27300,39600,14800,19800,11900,10700,6400
6027,596,20260301,True,192200,41600,19900,27600,39500,14800,19800,11900,10700,6400
6028,596,20260201,True,206100,44200,21000,38100,39400,14800,19700,11800,10700,6400
6029,596,20260101,True,207200,41400,23300,39700,39400,14800,19700,11800,10700,6400
6030,596,20251201,True,206000,40700,22400,40500,39300,14700,19600,11800,10600,6400
6031,596,20251101,True,191800,40900,22000,26600,39200,14700,19600,11800,10600,6400
6032,596,20251001,True,191400,43100,20200,26100,39100,14700,19600,11700,10600,6300
6033,596,20250901,True,185900,36400,20300,27500,39000,14600,19500,11700,10600,6300
6034,596,20250801,False,179300,40100,19700,17800,39000,14600,19500,11700,10600,6300
6035,596,20250701,True,181300,41000,22000,16900,38900,14600,19400,11700,10500,6300
6036,596,20250601,True,179000,40200,20300,17300,38800,14600,19400,11600,10500,6300
6037,596,20250501,True,190600,39400,22200,28000,38700,14500,19400,11600,10500,6300
6038,596,20250401,False,185300,37300,21000,26200,38600,14500,19300,11600,10500,6300
6039,596,20250301,True,192500,45100,21100,25600,38600,14500,19300,11600,10400,6300
6040,596,20250201,True,196900,35000,23000,38700,38500,14400,19200,11500,10400,6200
6041,596,20250101,True,198500,40000,21700,36700,38400,14400,19200,11500,10400,6200
6042,596,20241201,True,205100,42500,24100,38500,38300,14400,19200,11500,10400,6200
6043,596,20241101,True,192600,44800,22300,25800,38200,14300,19100,11500,10400,6200
6044,596,20241001,True,187600,37900,22800,27400,38200,14300,19100,11400,10300,6200
6045,596,20240901,True,188200,41900,22200,24800,38100,14300,19000,11400,10300,6200
6046,596,20240801,True,182500,41300,23200,18900,38000,14200,19000,11400,10300,6200
6047,596,20240701,True,179100,37800,22200,20100,37900,14200,19000,11400,10300,6200
6048,596,20240601,True,182600,40700,23800,19500,37800,14200,18900,11400,10200,6100
6049,596,20240501,True,185400,39500,22800,24600,37800,14200,18900,11300,10200,6100
6050,596,20240401,True,182000,38000,21400,24400,37700,14100,18800,11300,10200,6100
6051,596,20240301,True,187100,42300,20500,26200,37600,14100,18800,11300,10200,6100
6052,596,20240201,True,200600,44300,21400,36900,37500,14100,18800,11300,10200,6100
6053,596,20240101,True,202600,43600,23700,37800,37400,14000,18700,11200,10100,6100
6054,597,20260901,True,186500,40300,20300,28700,40000,15000,20000,12000,6200,4000
6055,597,20260801,True,172200,41400,17300,16500,39900,15000,20000,12000,6100,4000
6056,597,20260701,True,176200,42700,19300,17500,39800,14900,19900,12000,6100,4000
6057,597,20260601,True,183000,44300,22500,19600,39800,14900,19900,11900,6100,4000
6058,597,20260501,True,180400,39000,19100,25900,39700,14900,19800,11900,6100,4000
6059,597,20260401,True,176600,37000,18000,25400,39600,14800,19800,11900,6100,4000
6060,597,20260301,True,184400,37000,20900,30500,39500,14800,19800,11900,6100,3900
6061,597,20260201,True,189400,39800,21300,32600,39400,14800,19700,11800,6100,3900
6062,597,20260101,True,188400,35500,20000,37200,39400,14800,19700,11800,6100,3900
6063,597,20251201,True,191500,41200,18900,36100,39300,14700,19600,11800,6000,3900
6064,597,20251101,True,177500,38300,19400,24600,39200,14700,19600,11800,6000,3900
6065,597,20251001,True,184200,40600,23400,25200,39100,14700,19600,11700,6000,3900
6066,597,20250901,True,180300,39500,21200,24900,39000,14600,19500,11700,6000,3900
6067,597,20250801,True,172000,41900,19200,16200,39000,14600,19500,11700,6000,3900
6068,597,20250701,True,170600,35300,22100,18700,38900,14600,19400,11700,6000,3900
6069,597,20250601,True,176500,43200,20200,18800,38800,14600,19400,11600,6000,3900
6070,597,20250501,True,180300,40600,21400,24200,38700,14500,19400,11600,6000,3900
6071,597,20250401,True,178800,36900,21400,26700,38600,14500,19300,11600,5900,3900
6072,597,20250301,True,185200,43000,21300,27100,38600,14500,19300,11600,5900,3900
6073,597,20250201,True,188500,40700,19000,35500,38500,14400,19200,11500,5900,3800
6074,597,20250101,True,189900,40100,21000,35600,38400,14400,19200,11500,5900,3800
6075,597,20241201,True,186200,37200,19800,36100,38300,14400,19200,11500,5900,3800
6076,597,20241101,True,179000,40200,21300,24700,38200,14300,19100,11500,5900,3800
6077,597,20241001,True,176900,38800,20500,24900,38200,14300,19100,11400,5900,3800
6078,597,20240901,True,179100,39700,20100,26800,38100,14300,19000,11400,5900,3800
6079,597,20240801,True,168600,37300,20600,18400,38000,14200,19000,11400,5900,3800
6080,598,20260901,True,187800,41900,21600,23400,40000,15000,20000,12000,10900,3000
6081,599,20260901,True,194400,43300,24400,25800,40000,15000,20000,12000,10900,3000
6082,599,20260801,True,186000,40800,23700,20800,39900,15000,20000,12000,10800,3000
6083,599,20260701,True,186300,42300,24700,18900,39800,14900,19900,12000,10800,3000
6084,599,20260601,True,185100,42100,24500,18200,39800,14900,19900,11900,10800,3000
6085,599,20260501,True,194600,43900,22400,28200,39700,14900,19800,11900,10800,3000
6086,599,20260401,True,189700,42100,21200,26600,39600,14800,19800,11900,10700,3000
6087,599,20260301,True,195600,40700,25000,30200,39500,14800,19800,11900,10700,3000
6088,600,20260901,True,169000,30300,17700,18400,40000,15000,20000,12000,9900,5700
6089,600,20260801,True,159500,28500,16200,12300,39900,15000,20000,12000,9900,5700
6090,600,20260701,True,160400,29300,16800,12100,39800,14900,19900,12000,9900,5700
6091,600,20260601,False,162000,32500,14700,12800,39800,14900,19900,11900,9800,5700
6092,600,20260501,True,162600,29000,14400,17400,39700,14900,19800,11900,9800,5700
6093,601,20260901,True,187100,39800,21400,27100,40000,15000,20000,12000,8000,3800
6094,602,20260901,True,192900,46300,21500,25300,40000,15000,20000,12000,7300,5500
6095,602,20260801,True,180100,41100,22300,17000,39900,15000,20000,12000,7300,5500
6096,602,20260701,True,184400,44400,21700,18900,39800,14900,19900,12000,7300,5500
6097,602,20260601,True,179100,42000,20500,17300,39800,14900,19900,11900,7300,5500
6098,602,20260501,True,193500,43800,20200,30400,39700,14900,19800,11900,7300,5500
6099,602,20260401,True,192700,44800,22300,26800,39600,14800,19800,11900,7200,5500
6100,603,20260901,True,198800,43100,25000,28100,40000,15000,20000,12000,9900,5700
6101,603,20260801,True,189300,41700,24200,20900,39900,15000,20000,12000,9900,5700
6102,603,20260701,True,192800,44800,25400,20400,39800,14900,19900,12000,9900,5700
6103,603,20260601,True,190600,47700,22400,18500,39800,14900,19900,11900,9800,5700
6104,603,20260501,True,201000,46000,24600,28600,39700,14900,19800,11900,9800,5700
6105,603,20260401,True,202800,50500,22900,27800,39600,14800,19800,11900,9800,5700
6106,603,20260301,True,202400,46600,24500,29800,39500,14800,19800,11900,9800,5700
6107,603,20260201,True,215100,47800,23500,42700,39400,14800,19700,11800,9800,5600
6108,603,20260101,True,209500,44000,23200,41300,39400,14800,19700,11800,9700,5600
6109,603,20251201,True,209000,43300,23900,41100,39300,14700,19600,11800,9700,5600
6110,603,20251101,True,199600,45500,24700,28800,39200,14700,19600,11800,9700,5600
6111,603,20251001,True,194900,43000,22400,29100,39100,14700,19600,11700,9700,5600
6112,603,20250901,True,195000,39100,25200,30600,39000,14600,19500,11700,9700,5600
6113,603,20250801,True,191700,48600,22200,20900,39000,14600,19500,11700,9600,5600
6114,603,20250701,False,193200,49600,21500,22300,38900,14600,19400,11700,9600,5600
6115,603,20250601,True,189300,45800,24600,19300,38800,14600,19400,11600,9600,5600
6116,603,20250501,True,204800,50100,25000,30400,38700,14500,19400,11600,9600,5500
6117,603,20250401,True,195200,43800,23000,29300,38600,14500,19300,11600,9600,5500
6118,603,20250301,True,201300,47200,26200,28900,38600,14500,19300,11600,9500,5500
6119,603,20250201,True,209500,44600,25600,40700,38500,14400,19200,11500,9500,5500
6120,603,20250101,True,209500,43800,23400,43800,38400,14400,19200,11500,9500,5500
6121,603,20241201,True,207100,45100,23700,39900,38300,14400,19200,11500,9500,5500
6122,603,20241101,True,195900,43500,22300,32000,38200,14300,19100,11500,9500,5500
6123,604,20260901,True,194200,46100,23700,25800,40000,15000,20000,12000,8500,3100
6124,605,20260901,True,184000,37100,20900,24200,40000,15000,20000,12000,11400,3400
6125,605,20260801,True,176300,36900,21300,16500,39900,15000,20000,12000,11300,3400
6126,605,20260701,True,174200,36900,18900,17100,39800,14900,19900,12000,11300,3400
6127,605,20260601,True,172400,33600,19200,18400,39800,14900,19900,11900,11300,3400
6128,605,20260501,True,182400,35700,18700,27000,39700,14900,19800,11900,11300,3400
6129,605,20260401,True,189400,40600,21400,26700,39600,14800,19800,11900,11200,3400
6130,605,20260301,True,179600,37200,18700,23100,39500,14800,19800,11900,11200,3400
6131,605,20260201,True,194400,38500,18600,37000,39400,14800,19700,11800,11200,3400
6132,605,20260101,True,193800,39900,19800,33800,39400,14800,19700,11800,11200,3400
6133,605,20251201,True,192400,38200,20800,33500,39300,14700,19600,11800,11100,3400
6134,605,20251101,True,174900,36300,16500,22300,39200,14700,19600,11800,11100,3400
6135,605,20251001,False,188000,43500,20400,24500,39100,14700,19600,11700,11100,3400
6136,605,20250901,True,183400,39900,18500,25700,39000,14600,19500,11700,11100,3400
6137,605,20250801,True,175700,39800,19200,17500,39000,14600,19500,11700,11100,3300
6138,605,20250701,True,174800,38700,19200,18000,38900,14600,19400,11700,11000,3300
6139,605,20250601,True,171900,35000,20700,17500,38800,14600,19400,11600,11000,3300
6140,605,20250501,True,179000,37900,20600,22000,38700,14500,19400,11600,11000,3300
6141,605,20250401,True,184200,38700,21400,25800,38600,14500,19300,11600,11000,3300
6142,605,20250301,True,174800,33600,19900,23100,38600,14500,19300,11600,10900,3300
6143,605,20250201,True,190100,36700,21400,34200,38500,14400,19200,11500,10900,3300
6144,605,20250101,True,188800,37500,19000,34600,38400,14400,19200,11500,10900,3300
6145,605,20241201,True,188700,37300,18700,35100,38300,14400,19200,11500,10900,3300
6146,605,20241101,True,180600,41600,19000,22700,38200,14300,19100,11500,10900,3300
6147,605,20241001,True,180100,37600,20600,24800,38200,14300,19100,11400,10800,3300
6148,605,20240901,True,181600,39700,21500,23500,38100,14300,19000,11400,10800,3300
6149,605,20240801,True,168700,33400,21500,17100,38000,14200,19000,11400,10800,3300
6150,605,20240701,True,170600,38100,17700,18200,37900,14200,19000,11400,10800,3300
6151,605,20240601,True,170300,38000,19000,17100,37800,14200,18900,11400,10700,3200
6152,605,20240501,True,181000,40600,18500,25800,37800,14200,18900,11300,10700,3200
6153,605,20240401,True,180800,38900,20500,25600,37700,14100,18800,11300,10700,3200
6154,605,20240301,True,178700,37700,18500,26800,37600,14100,18800,11300,10700,3200
6155,605,20240201,True,187200,35400,19200,37100,37500,14100,18800,11300,10600,3200
6156,605,20240101,True,181000,36600,17800,31500,37400,14000,18700,11200,10600,3200
6157,605,20231201,True,183200,40000,16300,31800,37400,14000,18700,11200,10600,3200
6158,605,20231101,True,173800,34200,21700,23000,37300,14000,18600,11200,10600,3200
6159,605,20231001,True,173900,38700,19000,21500,37200,13900,18600,11200,10600,3200
6160,605,20230901,True,178100,39800,20600,23300,37100,13900,18600,11100,10500,3200
6161,605,20230801,True,170700,36400,20600,19500,37000,13900,18500,11100,10500,3200
6162,605,20230701,True,171100,40200,19400,17300,37000,13900,18500,11100,10500,3200
6163,605,20230601,True,164200,33100,20300,16900,36900,13800,18400,11100,10500,3200
6164,605,20230501,True,172600,37400,19900,21700,36800,13800,18400,11000,10400,3200
6165,605,20230401,True,173100,36700,20200,22700,36700,13800,18400,11000,10400,3200
6166,605,20230301,True,175900,37300,22900,22600,36600,13700,18300,11000,10400,3100
6167,605,20230201,True,181400,37200,18100,33000,36600,13700,18300,11000,10400,3100
6168,606,20260901,True,183600,37000,20000,22800,40000,15000,20000,12000,10400,6400
6169,607,20260901,True,167200,30600,16200,23300,40000,15000,20000,12000,6600,3500
6170,607,20260801,True,159400,32500,14500,15500,39900,15000,20000,12000,6500,3500
6171,607,20260701,True,156200,28900,14900,15800,39800,14900,19900,12000,6500,3500
6172,607,20260601,True,161200,30100,19000,15600,39800,14900,19900,11900,6500,3500
6173,607,20260501,True,163800,28100,15000,24400,39700,14900,19800,11900,6500,3500
6174,607,20260401,True,171100,35200,17100,22800,39600,14800,19800,11900,6500,3400
6175,607,20260301,True,166300,33900,14000,22500,39500,14800,19800,11900,6500,3400
6176,607,20260201,True,173600,31000,16100,30900,39400,14800,19700,11800,6500,3400
6177,607,20260101,True,172200,30400,17800,28400,39400,14800,19700,11800,6500,3400
6178,607,20251201,True,179500,35300,18500,30500,39300,14700,19600,11800,6400,3400
6179,607,20251101,True,166100,31700,16900,22400,39200,14700,19600,11800,6400,3400
6180,607,20251001,True,167900,33700,16400,22900,39100,14700,19600,11700,6400,3400
6181,607,20250901,True,163300,31800,16100,20800,39000,14600,19500,11700,6400,3400
6182,607,20250801,True,161100,33800,18400,14300,39000,14600,19500,11700,6400,3400
6183,607,20250701,True,155000,30400,15800,14400,38900,14600,19400,11700,6400,3400
6184,607,20250601,True,159900,32000,19500,14200,38800,14600,19400,11600,6400,3400
6185,607,20250501,True,162000,29600,19100,19400,38700,14500,19400,11600,6300,3400
6186,607,20250401,True,190600,59400,15200,22300,38600,14500,19300,11600,6300,3400
6187,608,20260901,True,179700,34200,18800,24900,40000,15000,20000,12000,11400,3400
6188,608,20260801,True,168900,35200,17700,14400,39900,15000,20000,12000,11300,3400
6189,608,20260701,True,173800,35300,19100,18100,39800,14900,19900,12000,11300,3400
6190,608,20260601,True,169500,36000,17000,15300,39800,14900,19900,11900,11300,3400
6191,608,20260501,True,174500,32600,18800,22100,39700,14900,19800,11900,11300,3400
6192,608,20260401,True,175800,34500,18000,22600,39600,14800,19800,11900,11200,3400
6193,608,20260301,True,172900,37100,15900,19300,39500,14800,19800,11900,11200,3400
6194,608,20260201,True,183100,32700,19000,31100,39400,14800,19700,11800,11200,3400
6195,609,20260901,True,165700,28000,14700,18700,40000,15000,20000,12000,10800,6500
6196,610,20260901,True,169100,30600,18000,19600,40000,15000,20000,12000,10900,3000
6197,610,20260801,True,164600,33300,16700,13900,39900,15000,20000,12000,10800,3000
6198,610,20260701,True,162300,30600,17700,13600,39800,14900,19900,12000,10800,3000
6199,610,20260601,True,164300,32400,17500,14100,39800,14900,19900,11900,10800,3000
6200,610,20260501,True,174100,34700,17500,21800,39700,14900,19800,11900,10800,3000
6201,610,20260401,False,174500,33500,17400,23800,39600,14800,19800,11900,10700,3000
6202,610,20260301,True,173300,35200,16100,22300,39500,14800,19800,11900,10700,3000
6203,610,20260201,True,180100,32400,17300,31000,39400,14800,19700,11800,10700,3000
6204,610,20260101,True,178100,29800,18600,30300,39400,14800,19700,11800,10700,3000
6205,610,20251201,True,185300,37600,16500,32100,39300,14700,19600,11800,10700,3000
6206,610,20251101,True,173400,37200,17300,20000,39200,14700,19600,11800,10600,3000
6207,610,20251001,True,167600,29000,17300,22600,39100,14700,19600,11700,10600,3000
6208,610,20250901,False,171700,33700,17300,22300,39000,14600,19500,11700,10600,3000
6209,610,20250801,True,167800,37100,16900,15400,39000,14600,19500,11700,10600,3000
6210,610,20250701,True,167900,35300,17300,17200,38900,14600,19400,11700,10600,2900
6211,610,20250601,False,162900,33000,19000,13100,38800,14600,19400,11600,10500,2900
6212,610,20250501,True,166300,30800,17400,20500,38700,14500,19400,11600,10500,2900
6213,610,20250401,True,166400,29600,17200,22200,38600,14500,19300,11600,10500,2900
6214,610,20250301,True,170600,34600,16400,22200,38600,14500,19300,11600,10500,2900
6215,610,20250201,True,174800,28400,17900,31600,38500,14400,19200,11500,10400,2900
6216,610,20250101,True,177100,31600,17700,31000,38400,14400,19200,11500,10400,2900
6217,610,20241201,True,175100,31300,17900,29200,38300,14400,19200,11500,10400,2900
6218,610,20241101,True,170400,35400,16000,22600,38200,14300,19100,11500,10400,2900
6219,610,20241001,True,171300,35100,16800,23100,38200,14300,19100,11400,10400,2900
6220,610,20240901,True,167800,32300,17500,22000,38100,14300,19000,11400,10300,2900
6221,610,20240801,True,157700,29100,15900,16900,38000,14200,19000,11400,10300,2900
6222,610,20240701,False,159200,31500,18000,14000,37900,14200,19000,11400,10300,2900
6223,610,20240601,True,156400,28900,17700,14300,37800,14200,18900,11400,10300,2900
6224,610,20240501,True,170000,34600,17400,22700,37800,14200,18900,11300,10200,2900
6225,610,20240401,True,167200,32600,19000,20600,37700,14100,18800,11300,10200,2900
6226,610,20240301,True,169700,36100,18400,20300,37600,14100,18800,11300,10200,2900
6227,610,20240201,True,174200,31300,17800,30400,37500,14100,18800,11300,10200,2800
6228,610,20240101,True,173700,32700,17600,29100,37400,14000,18700,11200,10200,2800
6229,610,20231201,True,173700,31200,18400,29900,37400,14000,18700,11200,10100,2800
6230,611,20260901,True,183200,38200,20000,24800,40000,15000,20000,12000,7300,5900
6231,611,20260801,True,175500,39800,18900,16700,39900,15000,20000,12000,7300,5900
6232,611,20260701,True,176400,39800,19000,17800,39800,14900,19900,12000,7300,5900
6233,611,20260601,True,176600,40000,20400,16500,39800,14900,19900,11900,7300,5900
6234,612,20260901,True,181600,38400,19900,24500,40000,15000,20000,12000,7700,4100
6235,612,20260801,True,168900,34400,18700,17200,39900,15000,20000,12000,7600,4100
6236,612,20260701,True,172300,37500,21000,15500,39800,14900,19900,12000,7600,4100
6237,612,20260601,True,172100,38800,18700,16400,39800,14900,19900,11900,7600,4100
6238,612,20260501,True,184400,40400,19800,26200,39700,14900,19800,11900,7600,4100
6239,612,20260401,True,184100,37900,20700,27700,39600,14800,19800,11900,7600,4100
6240,612,20260301,True,178100,37600,19100,23700,39500,14800,19800,11900,7600,4100
6241,612,20260201,True,196000,38300,22800,37600,39400,14800,19700,11800,7500,4100
6242,612,20260101,True,189500,35500,20600,36100,39400,14800,19700,11800,7500,4100
6243,612,20251201,True,195000,41600,19600,36900,39300,14700,19600,11800,7500,4000
6244,613,20260901,True,181500,35500,22700,24700,40000,15000,20000,12000,8500,3100
6245,613,20260801,True,175400,37400,20000,19500,39900,15000,20000,12000,8500,3100
6246,613,20260701,True,175200,37400,21500,18100,39800,14900,19900,12000,8500,3100
6247,613,20260601,True,172100,38700,18200,17100,39800,14900,19900,11900,8500,3100
6248,613,20260501,True,176900,35000,19300,24700,39700,14900,19800,11900,8500,3100
6249,613,20260401,True,174100,36100,18200,22200,39600,14800,19800,11900,8400,3100
6250,614,20260901,True,149000,22700,14600,11900,40000,15000,20000,12000,7300,5500
6251,615,20260901,True,204900,47500,25000,31500,40000,15000,20000,12000,10900,3000
6252,615,20260801,True,189500,44600,24700,19500,39900,15000,20000,12000,10800,3000
6253,615,20260701,True,196700,48800,24200,23300,39800,14900,19900,12000,10800,3000
6254,615,20260601,True,193600,48400,23500,21400,39800,14900,19900,11900,10800,3000
6255,615,20260501,True,204400,49500,25700,29100,39700,14900,19800,11900,10800,3000
6256,615,20260401,True,197300,44100,24300,29100,39600,14800,19800,11900,10700,3000
6257,615,20260301,True,196500,43300,25100,28400,39500,14800,19800,11900,10700,3000
6258,615,20260201,True,213800,48600,25000,40800,39400,14800,19700,11800,10700,3000
6259,615,20260101,True,216100,49500,23500,43700,39400,14800,19700,11800,10700,3000
6260,615,20251201,True,214800,46700,25600,43400,39300,14700,19600,11800,10700,3000
6261,615,20251101,True,205500,49800,24500,32300,39200,14700,19600,11800,10600,3000
6262,615,20251001,True,203300,46900,26500,31200,39100,14700,19600,11700,10600,3000
6263,615,20250901,True,197800,45300,23000,31100,39000,14600,19500,11700,10600,3000
6264,615,20250801,True,188800,46500,24400,19500,39000,14600,19500,11700,10600,3000
6265,615,20250701,True,192200,50600,23500,20000,38900,14600,19400,11700,10600,2900
6266,615,20250601,True,191900,50900,24000,19200,38800,14600,19400,11600,10500,2900
6267,615,20250501,True,195900,41600,26000,30700,38700,14500,19400,11600,10500,2900
6268,616,20260901,True,180200,35900,21000,24500,40000,15000,20000,12000,7700,4100
6269,616,20260801,True,166200,33200,18600,15800,39900,15000,20000,12000,7600,4100
6270,616,20260701,True,170800,37600,19400,15500,39800,14900,19900,12000,7600,4100
6271,616,20260601,True,165300,34700,18500,13900,39800,14900,19900,11900,7600,4100
6272,616,20260501,True,177300,36800,18300,24200,39700,14900,19800,11900,7600,4100
6273,616,20260401,True,176500,35000,19800,23900,39600,14800,19800,11900,7600,4100
6274,616,20260301,True,174900,36800,18000,22400,39500,14800,19800,11900,7600,4100
6275,616,20260201,True,190400,40900,19100,33100,39400,14800,19700,11800,7500,4100
6276,616,20260101,True,180100,34500,18400,29900,39400,14800,19700,11800,7500,4100
6277,616,20251201,True,181700,33800,18900,32100,39300,14700,19600,11800,7500,4000
6278,616,20251101,True,175700,36400,20400,22100,39200,14700,19600,11800,7500,4000
6279,616,20251001,True,172000,35700,17600,22100,39100,14700,19600,11700,7500,4000
6280,616,20250901,True,177600,40300,17800,23200,39000,14600,19500,11700,7500,4000
6281,616,20250801,False,172400,37500,21800,16800,39000,14600,19500,11700,7500,4000
6282,616,20250701,True,165900,35100,18700,16100,38900,14600,19400,11700,7400,4000
6283,616,20250601,True,165400,34100,19700,15800,38800,14600,19400,11600,7400,4000
6284,616,20250501,True,178900,41600,17900,23800,38700,14500,19400,11600,7400,4000
6285,616,20250401,True,176200,36500,17800,26500,38600,14500,19300,11600,7400,4000
6286,616,20250301,True,170000,33800,19000,21800,38600,14500,19300,11600,7400,4000
6287,616,20250201,True,181700,36200,19300,31200,38500,14400,19200,11500,7400,4000
6288,616,20250101,True,180700,34900,20400,30600,38400,14400,19200,11500,7300,4000
6289,616,20241201,True,184100,38700,19400,31400,38300,14400,19200,11500,7300,3900
6290,616,20241101,True,176300,40500,18900,22600,38200,14300,19100,11500,7300,3900
6291,616,20241001,True,181000,39800,22500,24500,38200,14300,19100,11400,7300,3900
6292,616,20240901,True,169400,35300,19600,20500,38100,14300,19000,11400,7300,3900
6293,616,20240801,True,163100,36800,18700,13800,38000,14200,19000,11400,7300,3900
6294,616,20240701,True,167700,36600,19500,17900,37900,14200,19000,11400,7300,3900
6295,616,20240601,False,165300,36700,18600,16600,37800,14200,18900,11400,7200,3900
6296,616,20240501,True,174200,38600,19300,23000,37800,14200,18900,11300,7200,3900
6297,616,20240401,True,172100,38900,17500,22700,37700,14100,18800,11300,7200,3900
6298,616,20240301,True,163000,27800,19200,23100,37600,14100,18800,11300,7200,3900
6299,616,20240201,True,180600,35500,20000,32300,37500,14100,18800,11300,7200,3900
6300,617,20260901,True,157800,28300,13400,15900,40000,15000,20000,12000,7300,5900
6301,618,20260901,True,153200,23700,11300,13900,40000,15000,20000,12000,10800,6500
6302,618,20260801,True,146000,21200,9400,11200,39900,15000,20000,12000,10800,6500
6303,618,20260701,True,154500,27500,11300,11800,39800,14900,19900,12000,10800,6500
6304,618,20260601,True,145800,19300,11900,10800,39800,14900,19900,11900,10800,6500
6305,619,20260901,True,160400,27900,16000,19400,40000,15000,20000,12000,6600,3500
6306,619,20260801,True,158000,30000,16400,14700,39900,15000,20000,12000,6500,3500
6307,619,20260701,True,154800,30600,15200,12400,39800,14900,19900,12000,6500,3500
6308,619,20260601,True,157500,32100,13200,15700,39800,14900,19900,11900,6500,3500
6309,619,20260501,True,161500,31100,14400,19700,39700,14900,19800,11900,6500,3500
6310,619,20260401,True,159300,29200,14700,19400,39600,14800,19800,11900,6500,3400
6311,619,20260301,True,157300,28000,14900,18500,39500,14800,19800,11900,6500,3400
6312,619,20260201,True,157200,23900,12900,24800,39400,14800,19700,11800,6500,3400
6313,619,20260101,True,163400,26100,15700,26000,39400,14800,19700,11800,6500,3400
6314,620,20260901,True,158300,26700,11100,16400,40000,15000,20000,12000,11100,6000
6315,620,20260801,True,149100,24100,10500,10500,39900,15000,20000,12000,11100,6000
6316,620,20260701,True,147200,20600,12600,10400,39800,14900,19900,12000,11000,6000
6317,620,20260601,True,148000,23500,9700,11300,39800,14900,19900,11900,11000,6000
6318,620,20260501,True,160300,25800,13400,17800,39700,14900,19800,11900,11000,6000
6319,620,20260401,True,152900,24800,10300,14700,39600,14800,19800,11900,11000,6000
6320,620,20260301,True,153300,23400,11400,15600,39500,14800,19800,11900,11000,5900
6321,620,20260201,True,154700,19700,10300,22200,39400,14800,19700,11800,10900,5900
6322,620,20260101,True,162300,24300,13100,22400,39400,14800,19700,11800,10900,5900
6323,620,20251201,True,155900,20100,12800,20800,39300,14700,19600,11800,10900,5900
6324,620,20251101,True,153200,21700,13500,15900,39200,14700,19600,11800,10900,5900
6325,620,20251001,False,150800,24800,10000,14200,39100,14700,19600,11700,10800,5900
6326,620,20250901,True,149600,22500,11300,14300,39000,14600,19500,11700,10800,5900
6327,620,20250801,True,146700,22500,10400,12300,39000,14600,19500,11700,10800,5900
6328,621,20260901,True,190200,44500,22300,26200,40000,15000,20000,12000,6200,4000
6329,622,20260901,True,185400,39900,19800,22300,40000,15000,20000,12000,11700,4700
6330,622,20260801,True,180700,38800,19800,18800,39900,15000,20000,12000,11700,4700
6331,622,20260701,True,174000,37700,17400,15900,39800,14900,19900,12000,11700,4700
6332,622,20260601,True,173100,37000,17100,16100,39800,14900,19900,11900,11700,4700
6333,622,20260501,True,175800,31500,18800,23000,39700,14900,19800,11900,11600,4600
6334,622,20260401,True,178300,32000,20300,23700,39600,14800,19800,11900,11600,4600
6335,623,20260901,True,199300,48000,25500,27000,40000,15000,20000,12000,7700,4100
6336,623,20260801,True,181500,40700,22900,19300,39900,15000,20000,12000,7600,4100
6337,623,20260701,True,184200,45300,22300,18300,39800,14900,19900,12000,7600,4100
6338,623,20260601,True,189300,46200,24000,20900,39800,14900,19900,11900,7600,4100
6339,623,20260501,False,200500,48700,23400,30400,39700,14900,19800,11900,7600,4100
6340,624,20260901,True,210100,47600,25100,33100,40000,15000,20000,12000,10800,6500
6341,624,20260801,True,202100,51700,27400,18800,39900,15000,20000,12000,10800,6500
6342,624,20260701,True,200100,46500,26500,23200,39800,14900,19900,12000,10800,6500
6343,624,20260601,True,200400,48100,26500,22000,39800,14900,19900,11900,10800,6500
6344,624,20260501,True,206500,47900,25200,30000,39700,14900,19800,11900,10700,6400
6345,624,20260401,True,211400,51800,25000,31400,39600,14800,19800,11900,10700,6400
6346,624,20260301,True,205400,47200,24800,30300,39500,14800,19800,11900,10700,6400
6347,624,20260201,True,223900,51000,25900,44200,39400,14800,19700,11800,10700,6400
6348,624,20260101,True,219900,49200,26400,41500,39400,14800,19700,11800,10700,6400
6349,624,20251201,True,221200,48400,27000,43400,39300,14700,19600,11800,10600,6400
6350,624,20251101,True,208800,50200,24500,31800,39200,14700,19600,11800,10600,6400
6351,624,20251001,True,206500,49900,24100,30500,39100,14700,19600,11700,10600,6300
6352,624,20250901,True,205900,47200,25700,31300,39000,14600,19500,11700,10600,6300
6353,625,20260901,True,195700,45400,21500,30000,40000,15000,20000,12000,8000,3800
6354,625,20260801,True,184200,42400,22200,20900,39900,15000,20000,12000,8000,3800
6355,625,20260701,True,183600,42400,22000,20800,39800,14900,19900,12000,8000,3800
6356,625,20260601,True,183300,44400,22000,18600,39800,14900,19900,11900,8000,3800
6357,625,20260501,True,189900,43600,22000,26300,39700,14900,19800,11900,8000,3700
6358,625,20260401,False,190900,41900,23900,27300,39600,14800,19800,11900,8000,3700
6359,625,20260301,True,191200,44700,22000,26900,39500,14800,19800,11900,7900,3700
6360,625,20260201,True,193500,37800,21000,37400,39400,14800,19700,11800,7900,3700
6361,625,20260101,True,206500,45200,23300,40700,39400,14800,19700,11800,7900,3700
6362,625,20251201,True,205700,42300,24700,41700,39300,14700,19600,11800,7900,3700
6363,625,20251101,True,191300,43300,22500,28600,39200,14700,19600,11800,7900,3700
6364,625,20251001,True,189900,43600,22600,27000,39100,14700,19600,11700,7900,3700
6365,626,20260901,True,143600,16700,12500,11800,40000,15000,20000,12000,9900,5700
6366,627,20260901,True,156200,26600,12900,15800,40000,15000,20000,12000,10900,3000
6367,627,20260801,True,153500,29300,12200,11300,39900,15000,20000,12000,10800,3000
6368,627,20260701,True,152300,25000,14700,12200,39800,14900,19900,12000,10800,3000
6369,627,20260601,True,151700,26500,11700,13200,39800,14900,19900,11900,10800,3000
6370,627,20260501,True,152900,23800,14200,14800,39700,14900,19800,11900,10800,3000
6371,627,20260401,False,156800,25800,12100,19100,39600,14800,19800,11900,10700,3000
6372,627,20260301,True,157000,25200,13000,19100,39500,14800,19800,11900,10700,3000
6373,627,20260201,True,163300,26200,12700,25000,39400,14800,19700,11800,10700,3000
6374,627,20260101,True,160000,22400,14400,23800,39400,14800,19700,11800,10700,3000
6375,628,20260901,True,175100,35100,20400,22400,40000,15000,20000,12000,6200,4000
6376,629,20260901,True,198300,43800,25900,29800,40000,15000,20000,12000,7700,4100
6377,629,20260801,True,189300,46700,25100,18900,39900,15000,20000,12000,7600,4100
6378,629,20260701,True,192200,44900,26100,22900,39800,14900,19900,12000,7600,4100
6379,629,20260601,True,186100,42000,24800,21100,39800,14900,19900,11900,7600,4100
6380,629,20260501,True,200000,49500,22600,29900,39700,14900,19800,11900,7600,4100
6381,629,20260401,True,195400,42300,24400,30900,39600,14800,19800,11900,7600,4100
6382,629,20260301,True,196200,44600,24500,29400,39500,14800,19800,11900,7600,4100
6383,629,20260201,True,210800,48400,24000,41100,39400,14800,19700,11800,7500,4100
6384,629,20260101,True,203800,43300,23500,39700,39400,14800,19700,11800,7500,4100
6385,629,20251201,True,214800,49400,26900,41600,39300,14700,19600,11800,7500,4000
6386,630,20260901,True,168000,26800,16800,20300,40000,15000,20000,12000,11100,6000
6387,630,20260801,True,169300,32500,17700,15100,39900,15000,20000,12000,11100,6000
6388,630,20260701,True,168600,34700,15700,14600,39800,14900,19900,12000,11000,6000
6389,630,20260601,True,166300,30000,16600,16200,39800,14900,19900,11900,11000,6000
6390,630,20260501,True,172500,31200,18200,19800,39700,14900,19800,11900,11000,6000
6391,630,20260401,False,168500,28700,16800,19900,39600,14800,19800,11900,11000,6000
6392,631,20260901,True,195900,44300,21500,27500,40000,15000,20000,12000,9900,5700
6393,631,20260801,True,187700,42800,23700,18700,39900,15000,20000,12000,9900,5700
6394,631,20260701,True,190700,45900,22500,20100,39800,14900,19900,12000,9900,5700
6395,631,20260601,True,188200,42000,23400,20800,39800,14900,19900,11900,9800,5700
6396,631,20260501,True,195800,42200,21600,30200,39700,14900,19800,11900,9800,5700
6397,631,20260401,True,197200,41300,24200,30100,39600,14800,19800,11900,9800,5700
6398,631,20260301,True,192100,41200,21300,28100,39500,14800,19800,11900,9800,5700
6399,631,20260201,True,204900,41100,23000,39700,39400,14800,19700,11800,9800,5600
6400,631,20260101,True,200700,42800,20700,36200,39400,14800,19700,11800,9700,5600
6401,631,20251201,True,204800,39100,24400,40600,39300,14700,19600,11800,9700,5600
6402,632,20260901,True,184600,36300,19400,25100,40000,15000,20000,12000,10400,6400
6403,633,20260901,True,182700,39500,20100,24500,40000,15000,20000,12000,8500,3100
6404,633,20260801,True,175800,37500,20700,19100,39900,15000,20000,12000,8500,3100
6405,633,20260701,True,172900,37700,20000,17000,39800,14900,19900,12000,8500,3100
6406,633,20260601,True,179000,43400,21000,16500,39800,14900,19900,11900,8500,3100
6407,634,20260901,True,160300,30500,13600,16300,40000,15000,20000,12000,9800,3100
6408,634,20260801,False,158800,29100,14800,15100,39900,15000,20000,12000,9800,3100
6409,634,20260701,True,156700,28600,14500,14100,39800,14900,19900,12000,9800,3100
6410,635,20260901,True,167300,31500,16000,21000,40000,15000,20000,12000,8000,3800
6411,635,20260801,True,162700,33400,15800,14800,39900,15000,20000,12000,8000,3800
6412,635,20260701,True,161400,32700,16900,13400,39800,14900,19900,12000,8000,3800
6413,635,20260601,True,159300,28600,17100,15300,39800,14900,19900,11900,8000,3800
6414,636,20260901,True,179600,35000,18300,22500,40000,15000,20000,12000,10400,6400
6415,637,20260901,True,190100,41100,23300,28600,40000,15000,20000,12000,6600,3500
6416,637,20260801,True,191800,48600,24400,21900,39900,15000,20000,12000,6500,3500
6417,638,20260901,True,154100,22000,12300,15500,40000,15000,20000,12000,10800,6500
6418,639,20260901,True,163200,28400,14600,18400,40000,15000,20000,12000,11400,3400
6419,639,20260801,True,161700,31700,15600,12800,39900,15000,20000,12000,11300,3400
6420,639,20260701,True,158700,28600,15600,13200,39800,14900,19900,12000,11300,3400
6421,639,20260601,True,162300,31300,14000,15800,39800,14900,19900,11900,11300,3400
6422,640,20260901,True,182000,37700,19700,22000,40000,15000,20000,12000,9900,5700
6423,640,20260801,True,173900,35800,20900,14700,39900,15000,20000,12000,9900,5700
6424,640,20260701,True,171700,35200,18800,15500,39800,14900,19900,12000,9900,5700
6425,640,20260601,True,172100,34500,19600,16000,39800,14900,19900,11900,9800,5700
6426,640,20260501,True,180500,35800,18800,24100,39700,14900,19800,11900,9800,5700
6427,640,20260401,True,174800,32900,19800,20500,39600,14800,19800,11900,9800,5700
6428,641,20260901,True,185400,40000,21800,23800,40000,15000,20000,12000,7300,5500
6429,642,20260901,True,150100,19500,12700,14500,40000,15000,20000,12000,11700,4700
6430,642,20260801,True,148600,22700,11200,11400,39900,15000,20000,12000,11700,4700
6431,642,20260701,True,150500,27100,10500,9900,39800,14900,19900,12000,11700,4700
6432,642,20260601,False,153600,25800,13000,11900,39800,14900,19900,11900,11700,4700
6433,642,20260501,True,147600,21600,9400,14100,39700,14900,19800,11900,11600,4600
6434,642,20260401,True,150900,24900,10300,13400,39600,14800,19800,11900,11600,4600
6435,642,20260301,True,155300,23500,10500,19100,39500,14800,19800,11900,11600,4600
6436,643,20260901,True,161100,28100,15700,14700,40000,15000,20000,12000,9900,5700
6437,643,20260801,True,159100,30100,13200,13300,39900,15000,20000,12000,9900,5700
6438,643,20260701,True,148700,23300,12800,10400,39800,14900,19900,12000,9900,5700
6439,643,20260601,True,151900,28600,12200,9100,39800,14900,19900,11900,9800,5700
6440,643,20260501,False,159600,27700,13100,17000,39700,14900,19800,11900,9800,5700
6441,643,20260401,True,159900,27100,14200,17000,39600,14800,19800,11900,9800,5700
6442,644,20260901,True,172600,36400,14800,21200,40000,15000,20000,12000,7300,5900
6443,645,20260901,False,166600,30000,16700,19700,40000,15000,20000,12000,7300,5900
6444,645,20260801,True,161800,33800,15000,12900,39900,15000,20000,12000,7300,5900
6445,645,20260701,True,166000,34400,14800,17000,39800,14900,19900,12000,7300,5900
6446,645,20260601,True,163400,34300,15400,14000,39800,14900,19900,11900,7300,5900
6447,645,20260501,True,171200,34500,17600,19600,39700,14900,19800,11900,7300,5900
6448,645,20260401,True,172000,32800,18200,21800,39600,14800,19800,11900,7200,5900
6449,645,20260301,True,167900,31300,15900,21600,39500,14800,19800,11900,7200,5900
6450,645,20260201,True,175100,28800,17200,30300,39400,14800,19700,11800,7200,5900
6451,645,20260101,True,182500,36600,18400,28700,39400,14800,19700,11800,7200,5900
6452,645,20251201,True,173200,31000,16900,26900,39300,14700,19600,11800,7200,5800
6453,645,20251101,True,163500,28500,16600,20100,39200,14700,19600,11800,7200,5800
6454,645,20251001,False,165000,29700,15600,21600,39100,14700,19600,11700,7200,5800
6455,645,20250901,True,168100,30500,17500,22400,39000,14600,19500,11700,7100,5800
6456,645,20250801,True,159900,30400,16100,15700,39000,14600,19500,11700,7100,5800
6457,645,20250701,False,156700,29400,15700,14100,38900,14600,19400,11700,7100,5800
6458,645,20250601,True,160300,28700,15600,18700,38800,14600,19400,11600,7100,5800
6459,645,20250501,True,163600,29500,17400,19600,38700,14500,19400,11600,7100,5800
6460,645,20250401,True,166500,32200,15500,22000,38600,14500,19300,11600,7100,5700
6461,645,20250301,False,170500,35900,16200,21600,38600,14500,19300,11600,7100,5700
6462,645,20250201,True,168900,30400,14900,27300,38500,14400,19200,11500,7000,5700
6463,646,20260901,False,138000,14900,10900,13400,40000,15000,20000,12000,8000,3800
6464,646,20260801,True,139200,18900,11300,10300,39900,15000,20000,12000,8000,3800
6465,646,20260701,True,138900,18600,10000,11900,39800,14900,19900,12000,8000,3800
6466,646,20260601,True,144100,20800,13000,12000,39800,14900,19900,11900,8000,3800
6467,646,20260501,True,142300,19200,9700,15400,39700,14900,19800,11900,8000,3700
6468,646,20260401,True,138400,17600,10000,13000,39600,14800,19800,11900,8000,3700
6469,646,20260301,True,137500,18500,8800,12600,39500,14800,19800,11900,7900,3700
6470,646,20260201,False,144400,17700,10000,19400,39400,14800,19700,11800,7900,3700
6471,646,20260101,True,148800,23500,10200,17800,39400,14800,19700,11800,7900,3700
6472,646,20251201,True,149700,20900,11600,20200,39300,14700,19600,11800,7900,3700
6473,646,20251101,True,137600,18500,9100,13100,39200,14700,19600,11800,7900,3700
6474,646,20251001,False,139200,21000,8300,13200,39100,14700,19600,11700,7900,3700
6475,646,20250901,True,140700,19700,11300,13400,39000,14600,19500,11700,7800,3700
6476,646,20250801,True,135900,19700,11700,8200,39000,14600,19500,11700,7800,3700
6477,646,20250701,True,142000,23200,10500,12200,38900,14600,19400,11700,7800,3700
6478,646,20250601,True,135000,21400,10700,7000,38800,14600,19400,11600,7800,3700
6479,646,20250501,True,139100,22400,9500,11500,38700,14500,19400,11600,7800,3700
6480,646,20250401,True,138500,18200,9800,15100,38600,14500,19300,11600,7800,3600
6481,646,20250301,True,140200,19500,9700,15600,38600,14500,19300,11600,7800,3600
6482,646,20250201,True,147000,25300,8100,18700,38500,14400,19200,11500,7700,3600
6483,647,20260901,True,155500,23500,12300,16300,40000,15000,20000,12000,11700,4700
6484,647,20260801,True,155800,25800,13100,13600,39900,15000,20000,12000,11700,4700
6485,647,20260701,True,149200,25200,11000,10000,39800,14900,19900,12000,11700,4700
6486,647,20260601,True,151200,25100,11800,11400,39800,14900,19900,11900,11700,4700
6487,647,20260501,True,152600,27400,8900,13800,39700,14900,19800,11900,11600,4600
6488,647,20260401,True,160900,25800,12600,20200,39600,14800,19800,11900,11600,4600
6489,647,20260301,True,153700,23000,11500,17000,39500,14800,19800,11900,11600,4600
6490,647,20260201,True,158300,20100,12700,23600,39400,14800,19700,11800,11600,4600
6491,647,20260101,True,152600,20700,12000,18000,39400,14800,19700,11800,11600,4600
6492,647,20251201,False,156600,20900,11900,22300,39300,14700,19600,11800,11500,4600
6493,647,20251101,True,156300,26600,12300,16000,39200,14700,19600,11800,11500,4600
6494,647,20251001,True,153000,23700,11900,16200,39100,14700,19600,11700,11500,4600
6495,647,20250901,True,155200,24900,12200,17200,39000,14600,19500,11700,11500,4600
6496,647,20250801,True,147400,25500,11900,9200,39000,14600,19500,11700,11400,4600
6497,647,20250701,True,150100,25500,12800,11200,38900,14600,19400,11700,11400,4600
6498,647,20250601,True,141300,18500,10600,11900,38800,14600,19400,11600,11400,4500
6499,647,20250501,True,151200,24300,13000,13800,38700,14500,19400,11600,11400,4500
6500,647,20250401,True,154200,23400,13300,17700,38600,14500,19300,11600,11300,4500
6501,647,20250301,True,153700,24000,13200,16700,38600,14500,19300,11600,11300,4500
6502,647,20250201,True,156700,23600,12700,21000,38500,14400,19200,11500,11300,4500
6503,647,20250101,True,156200,25100,11900,19900,38400,14400,19200,11500,11300,4500
6504,647,20241201,True,155400,23000,11600,21600,38300,14400,19200,11500,11300,4500
6505,647,20241101,True,150400,23400,11700,16500,38200,14300,19100,11500,11200,4500
6506,647,20241001,True,155400,26900,13800,16000,38200,14300,19100,11400,11200,4500
6507,647,20240901,True,148000,23300,11700,14500,38100,14300,19000,11400,11200,4500
6508,647,20240801,True,144900,24000,11400,11300,38000,14200,19000,11400,11200,4400
6509,647,20240701,True,149400,26500,13800,11100,37900,14200,19000,11400,11100,4400
6510,647,20240601,True,150200,25400,13200,13800,37800,14200,18900,11400,11100,4400
6511,647,20240501,True,150400,26200,10900,15600,37800,14200,18900,11300,11100,4400
6512,647,20240401,True,152400,23800,13300,17900,37700,14100,18800,11300,11100,4400
6513,647,20240301,True,150300,26200,12200,14700,37600,14100,18800,11300,11000,4400
6514,647,20240201,False,154600,24500,11700,21300,37500,14100,18800,11300,11000,4400
6515,648,20260901,True,162700,32000,12600,17900,40000,15000,20000,12000,7300,5900
6516,648,20260801,True,158500,32200,14600,11600,39900,15000,20000,12000,7300,5900
6517,648,20260701,True,155600,29200,12300,14300,39800,14900,19900,12000,7300,5900
6518,648,20260601,True,156200,28000,15600,12900,39800,14900,19900,11900,7300,5900
6519,649,20260901,True,151800,25800,9600,15500,40000,15000,20000,12000,10900,3000
6520,649,20260801,True,147400,21900,14300,10500,39900,15000,20000,12000,10800,3000
6521,649,20260701,True,149300,25400,13900,9600,39800,14900,19900,12000,10800,3000
6522,650,20260901,True,184600,37400,21100,26300,40000,15000,20000,12000,7300,5500
6523,650,20260801,True,182400,42300,20400,20000,39900,15000,20000,12000,7300,5500
6524,650,20260701,True,181200,40500,23400,17900,39800,14900,19900,12000,7300,5500
6525,650,20260601,True,184000,41200,23600,19900,39800,14900,19900,11900,7300,5500
6526,651,20260901,True,178200,33900,20200,23200,40000,15000,20000,12000,10900,3000
6527,651,20260801,True,182200,41400,21900,18200,39900,15000,20000,12000,10800,3000
6528,651,20260701,True,176500,37000,21300,17800,39800,14900,19900,12000,10800,3000
6529,651,20260601,True,180900,40900,19100,20600,39800,14900,19900,11900,10800,3000
6530,651,20260501,True,186400,38300,21200,26800,39700,14900,19800,11900,10800,3000
6531,651,20260401,True,184600,38300,19900,26600,39600,14800,19800,11900,10700,3000
6532,651,20260301,True,188300,41500,22200,24900,39500,14800,19800,11900,10700,3000
6533,651,20260201,True,195400,40300,19300,36400,39400,14800,19700,11800,10700,3000
6534,651,20260101,True,195400,38200,19900,37900,39400,14800,19700,11800,10700,3000
6535,651,20251201,True,196200,37100,23800,36200,39300,14700,19600,11800,10700,3000
6536,651,20251101,True,184200,36800,20600,27900,39200,14700,19600,11800,10600,3000
6537,651,20251001,True,184200,37800,21600,26100,39100,14700,19600,11700,10600,3000
6538,651,20250901,True,186200,41900,21200,24700,39000,14600,19500,11700,10600,3000
6539,651,20250801,True,179700,40600,20500,20200,39000,14600,19500,11700,10600,3000
6540,651,20250701,True,176100,42000,18500,17500,38900,14600,19400,11700,10600,2900
6541,651,20250601,True,178100,41400,20100,18800,38800,14600,19400,11600,10500,2900
6542,651,20250501,True,193900,45000,21900,29400,38700,14500,19400,11600,10500,2900
6543,652,20260901,True,169500,31600,16200,21800,40000,15000,20000,12000,9800,3100
6544,653,20260901,True,173800,36600,16500,20500,40000,15000,20000,12000,7300,5900
6545,653,20260801,True,162200,29800,16100,16200,39900,15000,20000,12000,7300,5900
6546,653,20260701,True,163100,31300,16600,15400,39800,14900,19900,12000,7300,5900
6547,653,20260601,True,162100,32500,15800,14100,39800,14900,19900,11900,7300,5900
6548,653,20260501,True,169400,32100,16300,21500,39700,14900,19800,11900,7300,5900
6549,653,20260401,True,169600,33100,16900,20400,39600,14800,19800,11900,7200,5900
6550,653,20260301,True,168600,30500,16800,22200,39500,14800,19800,11900,7200,5900
6551,653,20260201,True,178800,33200,17000,29800,39400,14800,19700,11800,7200,5900
6552,653,20260101,True,180200,33500,17100,30800,39400,14800,19700,11800,7200,5900
6553,654,20260901,True,164100,28900,16000,19300,40000,15000,20000,12000,9800,3100
6554,654,20260801,True,155900,26200,14000,15900,39900,15000,20000,12000,9800,3100
6555,654,20260701,True,160500,31000,15100,14900,39800,14900,19900,12000,9800,3100
6556,654,20260601,True,154000,27700,14100,12800,39800,14900,19900,11900,9800,3100
6557,654,20260501,True,153400,23700,14100,16400,39700,14900,19800,11900,9800,3100
6558,654,20260401,True,162800,30800,13700,19400,39600,14800,19800,11900,9700,3100
6559,654,20260301,True,157300,25700,13200,19600,39500,14800,19800,11900,9700,3100
6560,654,20260201,True,168500,28900,16100,25000,39400,14800,19700,11800,9700,3100
6561,654,20260101,True,170800,30900,15100,26300,39400,14800,19700,11800,9700,3100
6562,654,20251201,True,165600,25800,15700,25900,39300,14700,19600,11800,9700,3100
6563,654,20251101,True,154400,23300,14700,18400,39200,14700,19600,11800,9600,3100
6564,654,20251001,True,159900,29700,15000,17400,39100,14700,19600,11700,9600,3100
6565,654,20250901,True,159200,29900,13300,18500,39000,14600,19500,11700,9600,3100
6566,654,20250801,True,150600,26100,13800,13300,39000,14600,19500,11700,9600,3000
6567,654,20250701,True,153700,27000,14400,15100,38900,14600,19400,11700,9600,3000
6568,654,20250601,True,151800,28800,14400,11700,38800,14600,19400,11600,9500,3000
6569,654,20250501,False,157700,26900,13600,20500,38700,14500,19400,11600,9500,3000
6570,654,20250401,True,150600,25600,11900,16600,38600,14500,19300,11600,9500,3000
6571,655,20260901,False,193400,44300,21800,28700,40000,15000,20000,12000,8500,3100
6572,655,20260801,True,190100,43700,25300,22600,39900,15000,20000,12000,8500,3100
6573,655,20260701,True,189700,49000,23800,18700,39800,14900,19900,12000,8500,3100
6574,655,20260601,True,186100,42900,24100,21000,39800,14900,19900,11900,8500,3100
6575,655,20260501,True,198300,47200,22600,30600,39700,14900,19800,11900,8500,3100
6576,655,20260401,True,195400,46600,22300,28900,39600,14800,19800,11900,8400,3100
6577,655,20260301,True,195300,44700,23800,29300,39500,14800,19800,11900,8400,3100
6578,656,20260901,True,157200,26300,12400,17600,40000,15000,20000,12000,10900,3000
6579,656,20260801,True,145700,22200,11800,11000,39900,15000,20000,12000,10800,3000
6580,656,20260701,True,150200,25900,14900,9000,39800,14900,19900,12000,10800,3000
6581,656,20260601,True,150400,24900,12900,12300,39800,14900,19900,11900,10800,3000
6582,657,20260901,True,170100,34800,16600,18900,40000,15000,20000,12000,7300,5500
6583,657,20260801,True,159900,29700,16300,14200,39900,15000,20000,12000,7300,5500
6584,657,20260701,True,167700,34000,19100,15200,39800,14900,19900,12000,7300,5500
6585,657,20260601,True,165000,34100,16400,15200,39800,14900,19900,11900,7300,5500
6586,657,20260501,True,169300,30100,16900,23200,39700,14900,19800,11900,7300,5500
6587,657,20260401,True,169600,31400,18500,20900,39600,14800,19800,11900,7200,5500
6588,657,20260301,True,168500,31800,15700,22300,39500,14800,19800,11900,7200,5500
6589,657,20260201,True,179600,34200,16000,31100,39400,14800,19700,11800,7200,5400
6590,657,20260101,True,178900,33600,17800,29200,39400,14800,19700,11800,7200,5400
6591,657,20251201,True,179600,33300,18500,29800,39300,14700,19600,11800,7200,5400
6592,657,20251101,True,169800,33000,17000,21900,39200,14700,19600,11800,7200,5400
6593,657,20251001,True,176100,36800,17400,24200,39100,14700,19600,11700,7200,5400
6594,657,20250901,True,171500,35400,16800,22000,39000,14600,19500,11700,7100,5400
6595,657,20250801,True,159700,31000,18000,13400,39000,14600,19500,11700,7100,5400
6596,657,20250701,True,158200,29600,16600,14900,38900,14600,19400,11700,7100,5400
6597,657,20250601,True,165100,33300,18900,16000,38800,14600,19400,11600,7100,5400
6598,657,20250501,True,163900,30400,15400,21500,38700,14500,19400,11600,7100,5300
6599,657,20250401,True,168500,34900,15300,21900,38600,14500,19300,11600,7100,5300
6600,657,20250301,True,166500,34700,14100,21400,38600,14500,19300,11600,7000,5300
6601,657,20250201,True,178400,34200,16100,32200,38500,14400,19200,11500,7000,5300
6602,657,20250101,True,178800,36500,16700,29800,38400,14400,19200,11500,7000,5300
6603,657,20241201,True,176600,34600,17400,28900,38300,14400,19200,11500,7000,5300
6604,657,20241101,True,163100,32000,15700,20000,38200,14300,19100,11500,7000,5300
6605,657,20241001,True,165100,31700,17600,20500,38200,14300,19100,11400,7000,5300
6606,658,20260901,True,197600,44300,22800,26400,40000,15000,20000,12000,11100,6000
6607,659,20260901,True,191200,40900,19600,26900,40000,15000,20000,12000,10400,6400
6608,659,20260801,True,181700,37500,21900,18600,39900,15000,20000,12000,10400,6400
6609,659,20260701,True,185900,39900,21800,20800,39800,14900,19900,12000,10400,6400
6610,660,20260901,True,191900,40200,23800,26100,40000,15000,20000,12000,11400,3400
6611,660,20260801,True,182700,38200,22300,20600,39900,15000,20000,12000,11300,3400
6612,660,20260701,True,177500,37600,20900,17700,39800,14900,19900,12000,11300,3400
6613,660,20260601,True,185600,41800,22700,19900,39800,14900,19900,11900,11300,3400
6614,660,20260501,True,194000,44600,19800,28600,39700,14900,19800,11900,11300,3400
6615,660,20260401,True,190000,41300,20700,27300,39600,14800,19800,11900,11200,3400
6616,660,20260301,True,191500,38700,25600,26600,39500,14800,19800,11900,11200,3400
6617,660,20260201,True,200900,39300,23600,37700,39400,14800,19700,11800,11200,3400
6618,660,20260101,True,203300,43500,21500,38000,39400,14800,19700,11800,11200,3400
6619,660,20251201,True,199500,39900,24100,35600,39300,14700,19600,11800,11100,3400
6620,660,20251101,True,191300,43300,22600,25600,39200,14700,19600,11800,11100,3400
6621,660,20251001,True,194400,44100,21700,29000,39100,14700,19600,11700,11100,3400
6622,660,20250901,True,186700,37800,22000,27600,39000,14600,19500,11700,11100,3400
6623,660,20250801,True,177400,37600,20500,20100,39000,14600,19500,11700,11100,3300
6624,660,20250701,True,176100,40100,19600,17500,38900,14600,19400,11700,11000,3300
6625,660,20250601,True,181300,42400,20600,19600,38800,14600,19400,11600,11000,3300
6626,661,20260901,True,191900,42400,18000,27700,40000,15000,20000,12000,10400,6400
6627,662,20260901,True,183800,37400,20900,24600,40000,15000,20000,12000,10900,3000
6628,662,20260801,True,178000,40100,20700,16500,39900,15000,20000,12000,10800,3000
6629,663,20260901,True,187800,36600,21100,26000,40000,15000,20000,12000,11100,6000
6630,663,20260801,True,181000,38100,19600,19300,39900,15000,20000,12000,11100,6000
6631,664,20260901,True,226600,74300,23800,29700,40000,15000,20000,12000,8000,3800
6632,665,20260901,True,183900,37400,21100,24500,40000,15000,20000,12000,10900,3000
6633,665,20260801,True,178500,39800,19400,18600,39900,15000,20000,12000,10800,3000
6634,665,20260701,False,172800,34200,21000,17200,39800,14900,19900,12000,10800,3000
6635,665,20260601,True,173100,36700,17800,18300,39800,14900,19900,11900,10800,3000
6636,665,20260501,True,182400,42000,18300,22000,39700,14900,19800,11900,10800,3000
6637,665,20260401,True,187100,40200,20300,26800,39600,14800,19800,11900,10700,3000
6638,666,20260901,True,168000,31400,15900,21900,40000,15000,20000,12000,8000,3800
6639,666,20260801,True,167400,36600,15700,16400,39900,15000,20000,12000,8000,3800
6640,666,20260701,True,162700,31500,17400,15400,39800,14900,19900,12000,8000,3800
6641,667,20260901,True,155000,24400,12300,18400,40000,15000,20000,12000,9800,3100
6642,667,20260801,True,150300,24600,12600,13300,39900,15000,20000,12000,9800,3100
6643,667,20260701,True,146800,21800,12300,13200,39800,14900,19900,12000,9800,3100
6644,667,20260601,True,149000,20900,15500,13200,39800,14900,19900,11900,9800,3100
6645,667,20260501,True,159200,28700,14000,17300,39700,14900,19800,11900,9800,3100
6646,667,20260401,True,160800,28500,14700,18700,39600,14800,19800,11900,9700,3100
6647,667,20260301,True,160900,27900,15200,19000,39500,14800,19800,11900,9700,3100
6648,667,20260201,True,163200,26800,15800,22100,39400,14800,19700,11800,9700,3100
6649,667,20260101,True,164000,25900,14300,25300,39400,14800,19700,11800,9700,3100
6650,667,20251201,True,170400,31800,13700,26700,39300,14700,19600,11800,9700,3100
6651,667,20251101,True,157500,26900,15200,17400,39200,14700,19600,11800,9600,3100
6652,667,20251001,True,158200,28200,14800,17400,39100,14700,19600,11700,9600,3100
6653,667,20250901,True,156100,26000,13300,19300,39000,14600,19500,11700,9600,3100
6654,667,20250801,True,139600,21200,10600,10400,39000,14600,19500,11700,9600,3000
6655,667,20250701,True,148400,25200,11900,14100,38900,14600,19400,11700,9600,3000
6656,667,20250601,True,147500,26200,13200,11200,38800,14600,19400,11600,9500,3000
6657,667,20250501,True,149400,21400,14500,16800,38700,14500,19400,11600,9500,3000
6658,667,20250401,True,155300,27400,13400,18000,38600,14500,19300,11600,9500,3000
6659,667,20250301,True,153200,24600,14700,17400,38600,14500,19300,11600,9500,3000
6660,668,20260901,True,156600,23800,10600,18400,40000,15000,20000,12000,10400,6400
6661,668,20260801,True,153200,24300,15200,10000,39900,15000,20000,12000,10400,6400
6662,668,20260701,True,148600,23700,9800,11700,39800,14900,19900,12000,10400,6400
6663,668,20260601,True,149900,24400,13300,9000,39800,14900,19900,11900,10400,6300
6664,668,20260501,True,152100,22400,13300,13500,39700,14900,19800,11900,10300,6300
6665,668,20260401,True,160000,24300,13800,19200,39600,14800,19800,11900,10300,6300
6666,668,20260301,True,154400,23200,12600,16000,39500,14800,19800,11900,10300,6300
6667,668,20260201,True,163200,24400,14000,22500,39400,14800,19700,11800,10300,6300
6668,668,20260101,True,161400,22300,13400,23400,39400,14800,19700,11800,10300,6300
6669,668,20251201,True,166400,27500,13000,24000,39300,14700,19600,11800,10200,6300
6670,668,20251101,True,150700,23900,9700,15300,39200,14700,19600,11800,10200,6300
6671,668,20251001,True,154400,23800,12600,16500,39100,14700,19600,11700,10200,6200
6672,668,20250901,True,155000,26000,12200,15600,39000,14600,19500,11700,10200,6200
6673,668,20250801,True,155200,28200,14400,11500,39000,14600,19500,11700,10100,6200
6674,668,20250701,False,149000,24100,14000,10000,38900,14600,19400,11700,10100,6200
6675,668,20250601,True,146200,23900,11700,9900,38800,14600,19400,11600,10100,6200
6676,668,20250501,True,157400,25900,13100,17900,38700,14500,19400,11600,10100,6200
6677,668,20250401,True,152600,23200,12400,16700,38600,14500,19300,11600,10100,6200
6678,668,20250301,True,149500,21400,12800,15100,38600,14500,19300,11600,10000,6200
6679,668,20250201,True,161600,26600,11800,23500,38500,14400,19200,11500,10000,6100
6680,668,20250101,True,156600,21000,12700,23300,38400,14400,19200,11500,10000,6100
6681,668,20241201,True,157500,23500,13800,20700,38300,14400,19200,11500,10000,6100
6682,668,20241101,False,158300,26200,14700,18200,38200,14300,19100,11500,10000,6100
6683,668,20241001,True,149800,22500,12200,16100,38200,14300,19100,11400,9900,6100
6684,668,20240901,True,153300,24600,13000,16900,38100,14300,19000,11400,9900,6100
6685,668,20240801,True,147900,24100,12700,12500,38000,14200,19000,11400,9900,6100
6686,668,20240701,True,145800,24500,12500,10300,37900,14200,19000,11400,9900,6100
6687,668,20240601,True,147400,22100,12800,14300,37800,14200,18900,11400,9900,6000
6688,668,20240501,True,155000,27200,13100,16700,37800,14200,18900,11300,9800,6000
6689,668,20240401,True,150400,23200,10800,18700,37700,14100,18800,11300,9800,6000
6690,668,20240301,True,153700,27000,12000,17100,37600,14100,18800,11300,9800,6000
6691,668,20240201,True,155900,24100,13900,20400,37500,14100,18800,11300,9800,6000
6692,669,20260901,True,186800,38900,19700,23900,40000,15000,20000,12000,10800,6500
6693,669,20260801,True,187600,44400,21600,17400,39900,15000,20000,12000,10800,6500
6694,669,20260701,True,181600,40200,19000,18500,39800,14900,19900,12000,10800,6500
6695,669,20260601,True,184300,40600,20800,19100,39800,14900,19900,11900,10800,6500
6696,669,20260501,True,191400,42800,19900,25300,39700,14900,19800,11900,10700,6400
6697,669,20260401,True,191000,39900,21100,26800,39600,14800,19800,11900,10700,6400
6698,669,20260301,True,185000,37600,18100,26200,39500,14800,19800,11900,10700,6400
6699,669,20260201,True,201100,37300,22400,38600,39400,14800,19700,11800,10700,6400
6700,669,20260101,True,199600,37600,21200,38000,39400,14800,19700,11800,10700,6400
6701,669,20251201,True,197300,35200,22900,36800,39300,14700,19600,11800,10600,6400
6702,669,20251101,True,188100,40900,19600,25300,39200,14700,19600,11800,10600,6400
6703,669,20251001,True,188400,39400,20600,26400,39100,14700,19600,11700,10600,6300
6704,669,20250901,True,189600,39800,20700,27400,39000,14600,19500,11700,10600,6300
6705,669,20250801,True,177600,38000,20300,17600,39000,14600,19500,11700,10600,6300
6706,669,20250701,True,178400,40100,20700,16200,38900,14600,19400,11700,10500,6300
6707,669,20250601,True,178200,38400,20700,17900,38800,14600,19400,11600,10500,6300
6708,669,20250501,True,187400,39300,19500,27600,38700,14500,19400,11600,10500,6300
6709,669,20250401,True,187700,36800,20200,29900,38600,14500,19300,11600,10500,6300
6710,669,20250301,True,185500,38700,20600,25500,38600,14500,19300,11600,10400,6300
6711,669,20250201,True,198100,40200,21100,36600,38500,14400,19200,11500,10400,6200
6712,669,20250101,True,195200,40400,19300,35400,38400,14400,19200,11500,10400,6200
6713,669,20241201,True,195600,39300,20100,36200,38300,14400,19200,11500,10400,6200
6714,669,20241101,True,183900,40900,18600,24700,38200,14300,19100,11500,10400,6200
6715,669,20241001,True,187300,41100,19400,27300,38200,14300,19100,11400,10300,6200
6716,669,20240901,True,179800,36100,19500,24900,38100,14300,19000,11400,10300,6200
6717,669,20240801,True,172600,38500,20400,14600,38000,14200,19000,11400,10300,6200
6718,669,20240701,True,176500,38200,23000,16300,37900,14200,19000,11400,10300,6200
6719,669,20240601,True,178300,39900,20300,19500,37800,14200,18900,11400,10200,6100
6720,669,20240501,True,179900,35700,20400,25300,37800,14200,18900,11300,10200,6100
6721,669,20240401,True,178300,34100,18800,27200,37700,14100,18800,11300,10200,6100
6722,669,20240301,True,181700,37900,21400,24300,37600,14100,18800,11300,10200,6100
6723,669,20240201,True,193800,39100,20200,36500,37500,14100,18800,11300,10200,6100
6724,669,20240101,True,194200,37400,21400,37900,37400,14000,18700,11200,10100,6100
6725,669,20231201,True,191000,37700,20900,34900,37400,14000,18700,11200,10100,6100
6726,670,20260901,True,189300,42900,21500,27700,40000,15000,20000,12000,6200,4000
6727,671,20260901,True,196300,43200,21400,28300,40000,15000,20000,12000,11700,4700
6728,671,20260801,True,181900,42500,18900,17200,39900,15000,20000,12000,11700,4700
6729,671,20260701,True,182400,42300,20500,16600,39800,14900,19900,12000,11700,4700
6730,672,20260901,True,175900,35200,16600,20300,40000,15000,20000,12000,10400,6400
6731,672,20260801,True,169600,32400,17900,15600,39900,15000,20000,12000,10400,6400
6732,672,20260701,True,167200,31800,17200,14800,39800,14900,19900,12000,10400,6400
6733,672,20260601,True,171200,37600,16100,14300,39800,14900,19900,11900,10400,6300
6734,672,20260501,True,173300,32000,16100,22300,39700,14900,19800,11900,10300,6300
6735,672,20260401,True,179800,35500,16900,24700,39600,14800,19800,11900,10300,6300
6736,672,20260301,True,177000,37400,17700,19300,39500,14800,19800,11900,10300,6300
6737,672,20260201,True,186700,34400,19100,30900,39400,14800,19700,11800,10300,6300
6738,672,20260101,True,188600,33200,19200,33900,39400,14800,19700,11800,10300,6300
6739,672,20251201,True,189200,38200,18300,30800,39300,14700,19600,11800,10200,6300
6740,672,20251101,True,179800,37000,18700,22300,39200,14700,19600,11800,10200,6300
6741,672,20251001,True,175500,33000,19200,21800,39100,14700,19600,11700,10200,6200
6742,672,20250901,True,175900,34300,18100,22300,39000,14600,19500,11700,10200,6200
6743,672,20250801,False,167800,33100,19300,14300,39000,14600,19500,11700,10100,6200
6744,672,20250701,True,170900,35000,17900,17100,38900,14600,19400,11700,10100,6200
6745,672,20250601,True,166200,33500,18400,13600,38800,14600,19400,11600,10100,6200
6746,672,20250501,True,176200,36800,17500,21400,38700,14500,19400,11600,10100,6200
6747,672,20250401,True,174000,31700,18900,23100,38600,14500,19300,11600,10100,6200
6748,672,20250301,True,172300,33100,17900,21100,38600,14500,19300,11600,10000,6200
6749,672,20250201,True,184500,33000,17400,34400,38500,14400,19200,11500,10000,6100
6750,672,20250101,True,180100,32400,17400,30700,38400,14400,19200,11500,10000,6100
6751,672,20241201,True,183900,35700,18300,30400,38300,14400,19200,11500,10000,6100
6752,672,20241101,True,170300,34100,17200,19800,38200,14300,19100,11500,10000,6100
6753,673,20260901,True,143700,21500,11400,13600,40000,15000,20000,12000,6200,4000
6754,674,20260901,True,203300,47400,25800,29900,40000,15000,20000,12000,7300,5900
6755,674,20260801,True,189100,42500,23800,22700,39900,15000,20000,12000,7300,5900
6756,674,20260701,False,189000,44100,24100,21000,39800,14900,19900,12000,7300,5900
6757,674,20260601,True,246000,98900,24200,23200,39800,14900,19900,11900,7300,5900
6758,674,20260501,True,202800,46000,24400,32900,39700,14900,19800,11900,7300,5900
6759,675,20260901,True,198300,46800,25100,27600,40000,15000,20000,12000,7700,4100
6760,675,20260801,True,185700,41500,25500,20100,39900,15000,20000,12000,7600,4100
6761,675,20260701,True,185700,43900,24900,18600,39800,14900,19900,12000,7600,4100
6762,675,20260601,True,187500,47000,24300,18000,39800,14900,19900,11900,7600,4100
6763,675,20260501,True,199100,47100,24400,29600,39700,14900,19800,11900,7600,4100
6764,676,20260901,True,160900,28200,15400,20200,40000,15000,20000,12000,6600,3500
6765,676,20260801,True,153400,32100,13800,10600,39900,15000,20000,12000,6500,3500
6766,676,20260701,False,154100,29500,14700,13300,39800,14900,19900,12000,6500,3500
6767,677,20260901,True,188000,41300,21100,25400,40000,15000,20000,12000,7300,5900
6768,678,20260901,True,167500,30800,17200,20900,40000,15000,20000,12000,8500,3100
6769,678,20260801,True,165100,31200,18100,17300,39900,15000,20000,12000,8500,3100
6770,678,20260701,True,164300,34100,16500,15500,39800,14900,19900,12000,8500,3100
6771,678,20260601,True,159700,30200,16800,14600,39800,14900,19900,11900,8500,3100
6772,678,20260501,True,168900,29900,16600,24500,39700,14900,19800,11900,8500,3100
6773,678,20260401,True,165500,31600,15800,20500,39600,14800,19800,11900,8400,3100
6774,678,20260301,True,163800,31100,15600,19600,39500,14800,19800,11900,8400,3100
6775,678,20260201,True,172600,31400,14800,29200,39400,14800,19700,11800,8400,3100
6776,678,20260101,True,173500,29400,15200,31700,39400,14800,19700,11800,8400,3100
6777,678,20251201,True,177800,33800,16500,30600,39300,14700,19600,11800,8400,3100
6778,678,20251101,True,170700,38000,16300,19600,39200,14700,19600,11800,8400,3100
6779,678,20251001,True,202000,67000,16900,21600,39100,14700,19600,11700,8300,3100
6780,678,20250901,True,176000,36300,18300,25200,39000,14600,19500,11700,8300,3100
6781,678,20250801,True,158300,30400,18000,13700,39000,14600,19500,11700,8300,3100
6782,678,20250701,True,158400,31500,15900,15000,38900,14600,19400,11700,8300,3100
6783,679,20260901,True,205200,49500,24400,32500,40000,15000,20000,12000,7700,4100
6784,679,20260801,True,194300,47400,26600,21700,39900,15000,20000,12000,7600,4100
6785,679,20260701,True,194900,46700,27200,22700,39800,14900,19900,12000,7600,4100
6786,679,20260601,True,194600,47100,26200,23100,39800,14900,19900,11900,7600,4100
6787,679,20260501,True,205900,46800,28000,33100,39700,14900,19800,11900,7600,4100
6788,679,20260401,False,207300,52000,26000,31500,39600,14800,19800,11900,7600,4100
6789,679,20260301,True,200600,46400,25300,31200,39500,14800,19800,11900,7600,4100
6790,679,20260201,True,214400,45900,26600,44600,39400,14800,19700,11800,7500,4100
6791,679,20260101,True,221300,53900,26500,43600,39400,14800,19700,11800,7500,4100
6792,679,20251201,True,215600,49400,26300,43000,39300,14700,19600,11800,7500,4000
6793,679,20251101,True,205800,49800,24500,34700,39200,14700,19600,11800,7500,4000
6794,679,20251001,True,207400,51800,24700,34300,39100,14700,19600,11700,7500,4000
6795,680,20260901,True,168300,31000,15200,20300,40000,15000,20000,12000,11400,3400
6796,680,20260801,True,154800,27200,14400,11600,39900,15000,20000,12000,11300,3400
6797,680,20260701,True,159700,30000,16100,12300,39800,14900,19900,12000,11300,3400
6798,680,20260601,True,155100,26000,14100,13800,39800,14900,19900,11900,11300,3400
6799,680,20260501,True,164700,31000,15500,17200,39700,14900,19800,11900,11300,3400
6800,680,20260401,True,164800,29600,15600,18900,39600,14800,19800,11900,11200,3400
6801,680,20260301,True,159100,23300,14600,20600,39500,14800,19800,11900,11200,3400
6802,680,20260201,True,167700,26400,15200,25800,39400,14800,19700,11800,11200,3400
6803,680,20260101,False,173000,27900,18000,26800,39400,14800,19700,11800,11200,3400
6804,680,20251201,True,169800,27500,16600,25800,39300,14700,19600,11800,11100,3400
6805,680,20251101,True,162100,28500,16500,17300,39200,14700,19600,11800,11100,3400
6806,680,20251001,True,158600,26700,14700,17600,39100,14700,19600,11700,11100,3400
6807,680,20250901,True,157200,27200,13400,17300,39000,14600,19500,11700,11100,3400
6808,680,20250801,True,155600,30400,14700,11300,39000,14600,19500,11700,11100,3300
6809,680,20250701,True,156300,32900,13900,10600,38900,14600,19400,11700,11000,3300
6810,680,20250601,False,159100,30700,15400,14300,38800,14600,19400,11600,11000,3300
6811,680,20250501,True,152300,23800,12000,18000,38700,14500,19400,11600,11000,3300
6812,680,20250401,True,158800,28200,14800,17500,38600,14500,19300,11600,11000,3300
6813,680,20250301,True,158100,23800,15900,20200,38600,14500,19300,11600,10900,3300
6814,680,20250201,True,166200,29600,13600,25200,38500,14400,19200,11500,10900,3300
6815,680,20250101,True,167800,30400,14300,25400,38400,14400,19200,11500,10900,3300
6816,680,20241201,True,164500,28200,14900,23800,38300,14400,19200,11500,10900,3300
6817,681,20260901,True,179800,38000,18400,23500,40000,15000,20000,12000,9800,3100
6818,681,20260801,True,169100,36800,17400,15100,39900,15000,20000,12000,9800,3100
6819,681,20260701,True,167200,33600,18700,15400,39800,14900,19900,12000,9800,3100
6820,681,20260601,False,167700,33300,18300,16700,39800,14900,19900,11900,9800,3100
6821,681,20260501,True,179200,36600,19500,23900,39700,14900,19800,11900,9800,3100
6822,681,20260401,True,177300,35900,19100,23400,39600,14800,19800,11900,9700,3100
6823,681,20260301,True,180100,36100,18400,26800,39500,14800,19800,11900,9700,3100
6824,681,20260201,True,186400,37500,18900,31500,39400,14800,19700,11800,9700,3100
6825,681,20260101,True,187400,36700,19000,33200,39400,14800,19700,11800,9700,3100
6826,681,20251201,True,186500,37400,19500,31400,39300,14700,19600,11800,9700,3100
6827,681,20251101,True,173200,33100,18200,23900,39200,14700,19600,11800,9600,3100
6828,681,20251001,True,179100,38000,19900,23400,39100,14700,19600,11700,9600,3100
6829,681,20250901,True,181400,40400,20600,22900,39000,14600,19500,11700,9600,3100
6830,681,20250801,True,169300,35600,20100,16200,39000,14600,19500,11700,9600,3000
6831,681,20250701,True,163700,33700,18500,14300,38900,14600,19400,11700,9600,3000
6832,681,20250601,True,168600,35300,21300,15100,38800,14600,19400,11600,9500,3000
6833,681,20250501,True,179600,38200,19100,25600,38700,14500,19400,11600,9500,3000
6834,681,20250401,True,176200,36700,18100,24900,38600,14500,19300,11600,9500,3000
6835,681,20250301,True,169500,32100,18000,22900,38600,14500,19300,11600,9500,3000
6836,681,20250201,True,186700,37100,20100,33400,38500,14400,19200,11500,9500,3000
6837,681,20250101,True,187500,37600,19900,34100,38400,14400,19200,11500,9400,3000
6838,681,20241201,True,180500,32400,19300,33000,38300,14400,19200,11500,9400,3000
6839,681,20241101,True,167400,33600,16700,21600,38200,14300,19100,11500,9400,3000
6840,681,20241001,True,174200,37100,17700,24000,38200,14300,19100,11400,9400,3000
6841,681,20240901,True,174700,35400,20100,24000,38100,14300,19000,11400,9400,3000
6842,681,20240801,True,167000,40000,19300,12800,38000,14200,19000,11400,9300,3000
6843,681,20240701,True,166000,36800,20800,13600,37900,14200,19000,11400,9300,3000
6844,681,20240601,True,160300,32300,17100,16300,37800,14200,18900,11400,9300,3000
6845,681,20240501,True,170400,33800,17600,24500,37800,14200,18900,11300,9300,3000
6846,681,20240401,True,175000,37200,20400,23300,37700,14100,18800,11300,9300,2900
6847,681,20240301,True,175600,36800,20000,24900,37600,14100,18800,11300,9200,2900
6848,681,20240201,True,183100,37200,18700,33400,37500,14100,18800,11300,9200,2900
6849,681,20240101,True,178700,33200,19300,32800,37400,14000,18700,11200,9200,2900
6850,681,20231201,True,180700,33300,20200,33800,37400,14000,18700,11200,9200,2900
6851,681,20231101,True,170500,36400,16200,24700,37300,14000,18600,11200,9200,2900
6852,681,20231001,True,171900,37100,17700,24200,37200,13900,18600,11200,9100,2900
6853,682,20260901,True,135700,19000,10000,9600,40000,15000,20000,12000,6600,3500
6854,682,20260801,True,145600,25800,10700,12200,39900,15000,20000,12000,6500,3500
6855,682,20260701,True,131600,15300,10600,9100,39800,14900,19900,12000,6500,3500
6856,682,20260601,True,136400,19500,10900,9500,39800,14900,19900,11900,6500,3500
6857,682,20260501,True,144900,23200,10900,14500,39700,14900,19800,11900,6500,3500
6858,682,20260401,True,140700,18900,9700,16100,39600,14800,19800,11900,6500,3400
6859,682,20260301,True,140200,21100,12000,11200,39500,14800,19800,11900,6500,3400
6860,682,20260201,True,148000,21500,11500,19400,39400,14800,19700,11800,6500,3400
6861,682,20260101,True,143000,18100,12000,17300,39400,14800,19700,11800,6500,3400
6862,682,20251201,True,148500,21300,11400,20600,39300,14700,19600,11800,6400,3400
6863,682,20251101,True,139300,18700,11800,13700,39200,14700,19600,11800,6400,3400
6864,682,20251001,True,141300,20500,11400,14500,39100,14700,19600,11700,6400,3400
6865,682,20250901,True,148100,26700,11800,15000,39000,14600,19500,11700,6400,3400
6866,682,20250801,True,136400,20300,9900,11600,39000,14600,19500,11700,6400,3400
6867,682,20250701,True,139500,23000,10700,11400,38900,14600,19400,11700,6400,3400
6868,682,20250601,True,135000,20800,10700,9300,38800,14600,19400,11600,6400,3400
6869,682,20250501,True,134200,15700,9700,14900,38700,14500,19400,11600,6300,3400
6870,682,20250401,True,134800,18200,9000,13900,38600,14500,19300,11600,6300,3400
6871,682,20250301,True,141700,21100,12100,14800,38600,14500,19300,11600,6300,3400
6872,682,20250201,True,146000,22700,10500,19500,38500,14400,19200,11500,6300,3400
6873,682,20250101,True,143300,22200,8700,19300,38400,14400,19200,11500,6300,3300
6874,682,20241201,True,145300,22700,10600,19000,38300,14400,19200,11500,6300,3300
6875,682,20241101,True,135000,19100,10200,13000,38200,14300,19100,11500,6300,3300
6876,682,20241001,True,139900,24100,10100,13100,38200,14300,19100,11400,6300,3300
6877,682,20240901,False,141500,24700,10900,13600,38100,14300,19000,11400,6200,3300
6878,682,20240801,True,133600,19700,12200,9600,38000,14200,19000,11400,6200,3300
6879,682,20240701,True,130800,19600,9900,9300,37900,14200,19000,11400,6200,3300
6880,682,20240601,True,140000,25100,11700,11400,37800,14200,18900,11400,6200,3300
6881,682,20240501,True,132500,20100,9600,11100,37800,14200,18900,11300,6200,3300
6882,683,20260901,True,153000,23800,13300,17100,40000,15000,20000,12000,7700,4100
6883,683,20260801,True,145000,22300,13000,11100,39900,15000,20000,12000,7600,4100
6884,683,20260701,True,147200,24500,12900,11500,39800,14900,19900,12000,7600,4100
6885,683,20260601,True,151800,25400,15600,12600,39800,14900,19900,11900,7600,4100
6886,683,20260501,True,150000,25000,10400,16600,39700,14900,19800,11900,7600,4100
6887,683,20260401,True,150500,25500,12600,14600,39600,14800,19800,11900,7600,4100
6888,683,20260301,True,151400,27200,10800,15700,39500,14800,19800,11900,7600,4100
6889,683,20260201,True,154700,24900,12200,20300,39400,14800,19700,11800,7500,4100
6890,683,20260101,True,154800,24000,12900,20600,39400,14800,19700,11800,7500,4100
6891,683,20251201,True,156300,26300,12100,21000,39300,14700,19600,11800,7500,4000
6892,683,20251101,True,148200,25800,12200,13400,39200,14700,19600,11800,7500,4000
6893,683,20251001,False,151300,25400,12000,17300,39100,14700,19600,11700,7500,4000
6894,683,20250901,True,152500,26600,12400,17200,39000,14600,19500,11700,7500,4000
6895,683,20250801,True,141500,24000,12500,8700,39000,14600,19500,11700,7500,4000
6896,683,20250701,True,142500,22800,11800,11900,38900,14600,19400,11700,7400,4000
6897,683,20250601,True,142300,21000,13000,12500,38800,14600,19400,11600,7400,4000
6898,683,20250501,True,144300,20400,13300,15000,38700,14500,19400,11600,7400,4000
6899,683,20250401,True,150800,24300,12900,18200,38600,14500,19300,11600,7400,4000
6900,683,20250301,True,153300,30200,12500,15200,38600,14500,19300,11600,7400,4000
6901,683,20250201,True,149600,19800,12200,22600,38500,14400,19200,11500,7400,4000
6902,683,20250101,True,155000,25300,13300,21600,38400,14400,19200,11500,7300,4000
6903,683,20241201,True,156800,26500,13200,22500,38300,14400,19200,11500,7300,3900
6904,683,20241101,True,148100,25400,13000,15400,38200,14300,19100,11500,7300,3900
6905,683,20241001,True,142000,20600,12300,14900,38200,14300,19100,11400,7300,3900
6906,683,20240901,True,147900,26100,12200,15600,38100,14300,19000,11400,7300,3900
6907,683,20240801,True,142800,24300,13300,11400,38000,14200,19000,11400,7300,3900
6908,683,20240701,True,138100,20700,11700,12000,37900,14200,19000,11400,7300,3900
6909,683,20240601,True,144700,27100,12900,11300,37800,14200,18900,11400,7200,3900
6910,683,20240501,True,143000,23300,10400,16000,37800,14200,18900,11300,7200,3900
6911,684,20260901,True,189100,40300,21100,23400,40000,15000,20000,12000,10800,6500
6912,684,20260801,True,182000,37300,21500,19000,39900,15000,20000,12000,10800,6500
6913,684,20260701,True,186800,45400,19800,17700,39800,14900,19900,12000,10800,6500
6914,684,20260601,True,182100,38300,20300,19700,39800,14900,19900,11900,10800,6500
6915,684,20260501,True,185400,36000,20100,25900,39700,14900,19800,11900,10700,6400
6916,684,20260401,True,191300,40400,21600,26100,39600,14800,19800,11900,10700,6400
6917,684,20260301,True,190200,39200,21500,26400,39500,14800,19800,11900,10700,6400
6918,684,20260201,True,202000,40000,25100,34100,39400,14800,19700,11800,10700,6400
6919,684,20260101,True,202100,38400,20500,40400,39400,14800,19700,11800,10700,6400
6920,684,20251201,True,199700,39900,22400,35000,39300,14700,19600,11800,10600,6400
6921,684,20251101,True,192000,39800,21800,28100,39200,14700,19600,11800,10600,6400
6922,684,20251001,True,189800,42900,20200,24700,39100,14700,19600,11700,10600,6300
6923,684,20250901,False,183700,36700,21200,24100,39000,14600,19500,11700,10600,6300
6924,684,20250801,True,182100,41200,20700,18500,39000,14600,19500,11700,10600,6300
6925,684,20250701,True,183900,42000,20700,19800,38900,14600,19400,11700,10500,6300
6926,684,20250601,True,180200,41700,19300,18000,38800,14600,19400,11600,10500,6300
6927,684,20250501,True,188700,41000,21100,25600,38700,14500,19400,11600,10500,6300
6928,684,20250401,True,189900,44000,20800,24300,38600,14500,19300,11600,10500,6300
6929,685,20260901,True,165400,27400,15300,18400,40000,15000,20000,12000,10800,6500
6930,686,20260901,True,144300,19900,10900,13600,40000,15000,20000,12000,9800,3100
6931,686,20260801,True,144800,22600,12000,10400,39900,15000,20000,12000,9800,3100
6932,687,20260901,True,178500,31500,17600,25600,40000,15000,20000,12000,10400,6400
6933,687,20260801,True,164400,30300,17100,13300,39900,15000,20000,12000,10400,6400
6934,687,20260701,False,165500,29600,18100,14400,39800,14900,19900,12000,10400,6400
6935,687,20260601,True,163100,30700,16300,12900,39800,14900,19900,11900,10400,6300
6936,687,20260501,True,170300,29600,14300,23500,39700,14900,19800,11900,10300,6300
6937,687,20260401,True,172100,31300,16500,21600,39600,14800,19800,11900,10300,6300
6938,687,20260301,True,170300,29800,16800,21100,39500,14800,19800,11900,10300,6300
6939,687,20260201,True,177500,30800,17400,27000,39400,14800,19700,11800,10300,6300
6940,687,20260101,False,183800,34100,15100,32300,39400,14800,19700,11800,10300,6300
6941,687,20251201,True,175800,31200,15300,27400,39300,14700,19600,11800,10200,6300
6942,687,20251101,True,176400,36800,16400,21400,39200,14700,19600,11800,10200,6300
6943,687,20251001,True,173500,32600,16400,23000,39100,14700,19600,11700,10200,6200
6944,687,20250901,True,169400,32000,16200,20000,39000,14600,19500,11700,10200,6200
6945,687,20250801,True,164400,32400,16100,14800,39000,14600,19500,11700,10100,6200
6946,688,20260901,True,196300,45800,24000,29300,40000,15000,20000,12000,6200,4000
6947,688,20260801,True,185400,44700,24800,18900,39900,15000,20000,12000,6100,4000
6948,688,20260701,True,187100,44700,23300,22400,39800,14900,19900,12000,6100,4000
6949,689,20260901,True,145300,21500,9000,14600,40000,15000,20000,12000,7300,5900
6950,689,20260801,True,136800,17800,9300,9600,39900,15000,20000,12000,7300,5900
6951,689,20260701,True,136400,15700,11200,9700,39800,14900,19900,12000,7300,5900
6952,689,20260601,True,145900,25400,11100,9700,39800,14900,19900,11900,7300,5900
6953,689,20260501,True,147700,24400,9400,14400,39700,14900,19800,11900,7300,5900
6954,690,20260901,True,155200,26200,10600,17500,40000,15000,20000,12000,10900,3000
6955,690,20260801,True,152300,28500,12300,10800,39900,15000,20000,12000,10800,3000
6956,690,20260701,True,153900,31200,11800,10500,39800,14900,19900,12000,10800,3000
6957,690,20260601,True,151200,28500,11000,11400,39800,14900,19900,11900,10800,3000
6958,690,20260501,True,157700,26600,14000,17000,39700,14900,19800,11900,10800,3000
6959,690,20260401,True,160700,29300,14800,16800,39600,14800,19800,11900,10700,3000
6960,690,20260301,True,159200,26600,15200,17700,39500,14800,19800,11900,10700,3000
6961,690,20260201,True,164100,26700,14100,23900,39400,14800,19700,11800,10700,3000
6962,690,20260101,True,165100,27200,14700,23800,39400,14800,19700,11800,10700,3000
6963,690,20251201,True,163300,27700,12600,23900,39300,14700,19600,11800,10700,3000
6964,690,20251101,True,155400,28000,12900,15600,39200,14700,19600,11800,10600,3000
6965,690,20251001,True,155300,24100,11900,20600,39100,14700,19600,11700,10600,3000
6966,690,20250901,True,155000,25700,13100,17800,39000,14600,19500,11700,10600,3000
6967,690,20250801,True,149000,25100,13400,12100,39000,14600,19500,11700,10600,3000
6968,690,20250701,True,150600,25600,13800,13100,38900,14600,19400,11700,10600,2900
6969,690,20250601,True,150200,26200,13700,12500,38800,14600,19400,11600,10500,2900
6970,690,20250501,True,150900,25900,12000,15400,38700,14500,19400,11600,10500,2900
6971,690,20250401,True,150600,24100,13000,16100,38600,14500,19300,11600,10500,2900
6972,690,20250301,True,153000,27500,13200,14900,38600,14500,19300,11600,10500,2900
6973,690,20250201,True,162700,29500,13200,23100,38500,14400,19200,11500,10400,2900
6974,690,20250101,True,160600,24000,14700,25100,38400,14400,19200,11500,10400,2900
6975,690,20241201,True,165100,31100,13000,24300,38300,14400,19200,11500,10400,2900
6976,690,20241101,True,151900,22400,14400,18700,38200,14300,19100,11500,10400,2900
6977,690,20241001,True,154600,25900,12900,19500,38200,14300,19100,11400,10400,2900
6978,690,20240901,True,149000,24000,14400,14600,38100,14300,19000,11400,10300,2900
6979,690,20240801,True,147000,27600,12600,11000,38000,14200,19000,11400,10300,2900
6980,690,20240701,True,150400,29400,14000,11300,37900,14200,19000,11400,10300,2900
6981,690,20240601,True,141000,21700,13900,9900,37800,14200,18900,11400,10300,2900
6982,690,20240501,True,151700,25000,13600,17800,37800,14200,18900,11300,10200,2900
6983,690,20240401,True,150900,27900,13200,14800,37700,14100,18800,11300,10200,2900
6984,690,20240301,True,149900,24200,14700,16100,37600,14100,18800,11300,10200,2900
6985,690,20240201,True,155800,24100,12800,24200,37500,14100,18800,11300,10200,2800
6986,691,20260901,True,144800,21000,9600,15400,40000,15000,20000,12000,7700,4100
6987,691,20260801,True,137300,19100,10800,8800,39900,15000,20000,12000,7600,4100
6988,691,20260701,True,145700,24000,12100,11300,39800,14900,19900,12000,7600,4100
6989,691,20260601,True,136300,19200,11400,7500,39800,14900,19900,11900,7600,4100
6990,691,20260501,True,145200,23700,10000,13500,39700,14900,19800,11900,7600,4100
6991,691,20260401,True,143600,23900,9300,12600,39600,14800,19800,11900,7600,4100
6992,692,20260901,True,164700,29500,15300,16500,40000,15000,20000,12000,11700,4700
6993,692,20260801,True,160200,27500,14600,14800,39900,15000,20000,12000,11700,4700
6994,692,20260701,True,155300,26500,14000,11800,39800,14900,19900,12000,11700,4700
6995,692,20260601,True,153900,23100,14900,13000,39800,14900,19900,11900,11700,4700
6996,692,20260501,True,168000,31800,14700,19000,39700,14900,19800,11900,11600,4600
6997,692,20260401,True,156800,25500,11500,17500,39600,14800,19800,11900,11600,4600
6998,692,20260301,True,155700,20700,13100,19700,39500,14800,19800,11900,11600,4600
6999,692,20260201,True,174100,30200,14500,27500,39400,14800,19700,11800,11600,4600
7000,692,20260101,True,171700,31300,14100,24400,39400,14800,19700,11800,11600,4600
7001,692,20251201,True,168200,26800,14200,25700,39300,14700,19600,11800,11500,4600
7002,692,20251101,True,158900,27900,13700,15900,39200,14700,19600,11800,11500,4600
7003,692,20251001,True,161800,28200,14100,18300,39100,14700,19600,11700,11500,4600
7004,692,20250901,True,160000,27100,15200,16800,39000,14600,19500,11700,11500,4600
7005,692,20250801,True,151300,23700,15900,10900,39000,14600,19500,11700,11400,4600
7006,692,20250701,True,153600,28700,15400,8900,38900,14600,19400,11700,11400,4600
7007,692,20250601,True,157000,27800,13000,15900,38800,14600,19400,11600,11400,4500
7008,692,20250501,True,163800,30900,14700,18100,38700,14500,19400,11600,11400,4500
7009,692,20250401,True,159300,26400,13300,19800,38600,14500,19300,11600,11300,4500
7010,692,20250301,True,162700,31200,13700,18000,38600,14500,19300,11600,11300,4500
7011,692,20250201,True,169900,32500,14300,23700,38500,14400,19200,11500,11300,4500
7012,692,20250101,True,160500,24900,13700,22600,38400,14400,19200,11500,11300,4500
7013,692,20241201,True,164300,27100,13200,24800,38300,14400,19200,11500,11300,4500
7014,692,20241101,True,159000,28600,14300,17300,38200,14300,19100,11500,11200,4500
7015,692,20241001,True,161900,31300,15400,16500,38200,14300,19100,11400,11200,4500
7016,692,20240901,True,158700,27400,17300,15500,38100,14300,19000,11400,11200,4500
7017,692,20240801,True,158000,29700,14400,15700,38000,14200,19000,11400,11200,4400
7018,692,20240701,True,154500,27600,17600,11300,37900,14200,19000,11400,11100,4400
7019,692,20240601,True,155300,27700,14200,15600,37800,14200,18900,11400,11100,4400
7020,692,20240501,True,162600,33600,14900,16400,37800,14200,18900,11300,11100,4400
7021,692,20240401,True,157500,28800,15200,16100,37700,14100,18800,11300,11100,4400
7022,692,20240301,True,156100,30100,11300,17500,37600,14100,18800,11300,11000,4400
7023,692,20240201,True,163700,28500,14200,23900,37500,14100,18800,11300,11000,4400
7024,693,20260901,True,162500,31000,13500,17100,40000,15000,20000,12000,10900,3000
7025,693,20260801,True,155200,29300,14200,11000,39900,15000,20000,12000,10800,3000
7026,693,20260701,True,157200,30800,14300,11700,39800,14900,19900,12000,10800,3000
7027,693,20260601,True,157600,28800,16200,12300,39800,14900,19900,11900,10800,3000
7028,693,20260501,True,163700,31800,13800,18000,39700,14900,19800,11900,10800,3000
7029,693,20260401,True,160700,26700,15000,19200,39600,14800,19800,11900,10700,3000
7030,693,20260301,True,158900,27400,15200,16600,39500,14800,19800,11900,10700,3000
7031,693,20260201,True,164100,27700,12900,24100,39400,14800,19700,11800,10700,3000
7032,693,20260101,True,167400,22800,16400,28800,39400,14800,19700,11800,10700,3000
7033,693,20251201,True,174800,31700,16800,27200,39300,14700,19600,11800,10700,3000
7034,693,20251101,True,156900,24300,15400,18300,39200,14700,19600,11800,10600,3000
7035,693,20251001,True,159900,30000,14200,17000,39100,14700,19600,11700,10600,3000
7036,693,20250901,True,157300,26900,14100,17900,39000,14600,19500,11700,10600,3000
7037,693,20250801,True,155200,32300,12600,11900,39000,14600,19500,11700,10600,3000
7038,693,20250701,True,159500,33600,14000,13800,38900,14600,19400,11700,10600,2900
7039,693,20250601,True,154800,27600,16200,13200,38800,14600,19400,11600,10500,2900
7040,693,20250501,True,158400,26700,16300,17800,38700,14500,19400,11600,10500,2900
7041,693,20250401,True,157400,29000,12900,18100,38600,14500,19300,11600,10500,2900
7042,693,20250301,True,160600,29100,15400,18700,38600,14500,19300,11600,10500,2900
7043,693,20250201,True,167500,26200,17800,26600,38500,14400,19200,11500,10400,2900
7044,694,20260901,True,167600,29500,15600,18200,40000,15000,20000,12000,10800,6500
7045,694,20260801,True,157800,30100,13900,9600,39900,15000,20000,12000,10800,6500
7046,694,20260701,True,158300,27500,13200,13700,39800,14900,19900,12000,10800,6500
7047,694,20260601,True,155000,24900,11800,14500,39800,14900,19900,11900,10800,6500
7048,694,20260501,True,163100,28100,11800,19800,39700,14900,19800,11900,10700,6400
7049,694,20260401,True,161200,27500,12300,18200,39600,14800,19800,11900,10700,6400
7050,695,20260901,True,147300,20500,12100,12900,40000,15000,20000,12000,11400,3400
7051,695,20260801,True,142000,20700,10500,9200,39900,15000,20000,12000,11300,3400
7052,695,20260701,True,137200,14700,12000,9200,39800,14900,19900,12000,11300,3400
7053,695,20260601,True,143900,22100,11200,9400,39800,14900,19900,11900,11300,3400
7054,695,20260501,True,142800,18400,10600,12800,39700,14900,19800,11900,11300,3400
7055,695,20260401,True,150900,22000,12000,16200,39600,14800,19800,11900,11200,3400
7056,696,20260901,True,197600,45000,23200,29200,40000,15000,20000,12000,7300,5900
7057,697,20260901,True,163400,28600,14400,21600,40000,15000,20000,12000,7700,4100
7058,697,20260801,True,159700,29600,15900,15600,39900,15000,20000,12000,7600,4100
7059,697,20260701,True,159300,33200,14900,12900,39800,14900,19900,12000,7600,4100
7060,697,20260601,True,155400,29000,14100,14100,39800,14900,19900,11900,7600,4100
7061,697,20260501,True,166500,30500,15300,22700,39700,14900,19800,11900,7600,4100
7062,697,20260401,True,164400,29300,15700,21600,39600,14800,19800,11900,7600,4100
7063,697,20260301,True,162000,30000,15300,19000,39500,14800,19800,11900,7600,4100
7064,698,20260901,True,153600,22900,9500,17100,40000,15000,20000,12000,11100,6000
7065,699,20260901,True,176200,37800,17800,18800,40000,15000,20000,12000,11400,3400
7066,700,20260901,True,181100,38900,17400,25000,40000,15000,20000,12000,7300,5500
7067,701,20260901,True,208200,49400,25400,33500,40000,15000,20000,12000,9800,3100
7068,701,20260801,True,203600,53700,25200,24900,39900,15000,20000,12000,9800,3100
7069,701,20260701,True,197000,48800,26100,22600,39800,14900,19900,12000,9800,3100
7070,701,20260601,True,196000,48700,25100,22800,39800,14900,19900,11900,9800,3100
7071,701,20260501,True,206000,48500,24400,33900,39700,14900,19800,11900,9800,3100
7072,701,20260401,True,203800,53700,23100,28100,39600,14800,19800,11900,9700,3100
7073,701,20260301,True,202100,45800,25300,32200,39500,14800,19800,11900,9700,3100
7074,701,20260201,True,221900,54000,27200,42200,39400,14800,19700,11800,9700,3100
7075,701,20260101,True,219800,51300,26100,43900,39400,14800,19700,11800,9700,3100
7076,701,20251201,True,216400,45600,27300,45300,39300,14700,19600,11800,9700,3100
7077,701,20251101,True,203600,48900,27100,29600,39200,14700,19600,11800,9600,3100
7078,701,20251001,False,207400,53100,25100,31400,39100,14700,19600,11700,9600,3100
7079,701,20250901,False,206300,49900,25800,33100,39000,14600,19500,11700,9600,3100
7080,701,20250801,True,196200,49700,26800,22300,39000,14600,19500,11700,9600,3000
7081,701,20250701,True,190900,46800,25500,21400,38900,14600,19400,11700,9600,3000
7082,702,20260901,True,181500,37100,20500,24100,40000,15000,20000,12000,7300,5500
7083,702,20260801,True,175000,38100,18800,18400,39900,15000,20000,12000,7300,5500
7084,702,20260701,True,182500,41900,22300,18900,39800,14900,19900,12000,7300,5500
7085,703,20260901,True,182000,37100,18600,26400,40000,15000,20000,12000,9800,3100
7086,704,20260901,True,197000,45100,23900,28200,40000,15000,20000,12000,7300,5500
7087,704,20260801,True,186600,45600,23400,17900,39900,15000,20000,12000,7300,5500
7088,705,20260901,True,230900,83000,21600,26400,40000,15000,20000,12000,9800,3100
7089,706,20260901,True,170400,32300,17200,21100,40000,15000,20000,12000,7300,5500
7090,706,20260801,True,163300,32500,16200,14900,39900,15000,20000,12000,7300,5500
7091,706,20260701,True,162400,31500,17400,14100,39800,14900,19900,12000,7300,5500
7092,706,20260601,True,160300,30600,16600,13800,39800,14900,19900,11900,7300,5500
7093,706,20260501,True,170000,31900,17500,21500,39700,14900,19800,11900,7300,5500
7094,707,20260901,True,153600,23300,13900,16600,40000,15000,20000,12000,7300,5500
7095,707,20260801,True,148300,25400,13400,9800,39900,15000,20000,12000,7300,5500
7096,707,20260701,True,149600,26400,13700,10100,39800,14900,19900,12000,7300,5500
7097,707,20260601,True,147900,25900,12400,10300,39800,14900,19900,11900,7300,5500
7098,707,20260501,True,158500,26400,14400,18600,39700,14900,19800,11900,7300,5500
7099,707,20260401,True,153300,25800,11200,17500,39600,14800,19800,11900,7200,5500
7100,707,20260301,True,150500,22700,12700,16400,39500,14800,19800,11900,7200,5500
7101,708,20260901,True,199500,45100,23900,27100,40000,15000,20000,12000,11700,4700
7102,708,20260801,True,197000,49000,24000,20700,39900,15000,20000,12000,11700,4700
7103,708,20260701,True,195100,47100,24500,20500,39800,14900,19900,12000,11700,4700
7104,708,20260601,True,190700,45000,23400,19400,39800,14900,19900,11900,11700,4700
7105,708,20260501,True,201600,45600,22800,30700,39700,14900,19800,11900,11600,4600
7106,708,20260401,True,198800,45500,23000,28000,39600,14800,19800,11900,11600,4600
7107,708,20260301,True,199000,44100,25300,27400,39500,14800,19800,11900,11600,4600
7108,708,20260201,True,212200,47100,22200,41000,39400,14800,19700,11800,11600,4600
7109,708,20260101,True,214900,44700,24400,43900,39400,14800,19700,11800,11600,4600
7110,708,20251201,True,206800,45300,22000,38000,39300,14700,19600,11800,11500,4600
7111,708,20251101,True,197700,42400,24700,29200,39200,14700,19600,11800,11500,4600
7112,708,20251001,True,197200,44000,23600,28400,39100,14700,19600,11700,11500,4600
7113,709,20260901,True,181900,36700,20300,24000,40000,15000,20000,12000,10900,3000
7114,709,20260801,True,177100,38700,19700,18000,39900,15000,20000,12000,10800,3000
7115,709,20260701,True,169300,33700,16900,18300,39800,14900,19900,12000,10800,3000
7116,709,20260601,True,173100,36500,20100,16200,39800,14900,19900,11900,10800,3000
7117,709,20260501,True,178900,34800,20100,23900,39700,14900,19800,11900,10800,3000
7118,709,20260401,True,183900,39600,19600,24900,39600,14800,19800,11900,10700,3000
7119,709,20260301,True,176700,36200,17900,22900,39500,14800,19800,11900,10700,3000
7120,709,20260201,False,191500,37400,21500,33200,39400,14800,19700,11800,10700,3000
7121,709,20260101,True,188400,35900,18300,34800,39400,14800,19700,11800,10700,3000
7122,709,20251201,True,192400,37700,20500,35100,39300,14700,19600,11800,10700,3000
7123,709,20251101,True,180900,38600,20600,22800,39200,14700,19600,11800,10600,3000
7124,709,20251001,True,182100,37300,20200,25900,39100,14700,19600,11700,10600,3000
7125,709,20250901,True,175600,34400,19300,23500,39000,14600,19500,11700,10600,3000
7126,709,20250801,True,174500,38400,20700,17000,39000,14600,19500,11700,10600,3000
7127,709,20250701,True,168200,31800,18000,20300,38900,14600,19400,11700,10600,2900
7128,709,20250601,True,173600,38100,18100,19600,38800,14600,19400,11600,10500,2900
7129,709,20250501,True,180000,39700,18800,23900,38700,14500,19400,11600,10500,2900
7130,709,20250401,True,178100,34200,20800,25700,38600,14500,19300,11600,10500,2900
7131,709,20250301,True,186300,42200,20700,26000,38600,14500,19300,11600,10500,2900
7132,709,20250201,True,186900,33500,20800,35700,38500,14400,19200,11500,10400,2900
7133,709,20250101,True,188100,39300,19000,33000,38400,14400,19200,11500,10400,2900
7134,709,20241201,True,179900,31300,19900,32000,38300,14400,19200,11500,10400,2900
7135,710,20260901,True,158100,22800,15500,19600,40000,15000,20000,12000,7300,5900
7136,711,20260901,True,185700,38500,19000,25600,40000,15000,20000,12000,9900,5700
7137,711,20260801,True,174400,36100,21000,14800,39900,15000,20000,12000,9900,5700
7138,711,20260701,True,174500,34300,20300,17700,39800,14900,19900,12000,9900,5700
7139,711,20260601,True,173200,34200,20200,16800,39800,14900,19900,11900,9800,5700
7140,711,20260501,True,184100,37300,19300,25700,39700,14900,19800,11900,9800,5700
7141,711,20260401,True,183200,36200,20100,25300,39600,14800,19800,11900,9800,5700
7142,711,20260301,True,181300,35800,20100,23900,39500,14800,19800,11900,9800,5700
7143,711,20260201,True,189600,37500,19700,31300,39400,14800,19700,11800,9800,5600
7144,711,20260101,True,190600,35200,18800,35600,39400,14800,19700,11800,9700,5600
7145,711,20251201,True,186900,31500,20300,34400,39300,14700,19600,11800,9700,5600
7146,711,20251101,True,182200,36300,18100,27200,39200,14700,19600,11800,9700,5600
7147,711,20251001,True,183400,38000,20200,24800,39100,14700,19600,11700,9700,5600
7148,712,20260901,True,162200,30900,12700,18400,40000,15000,20000,12000,7300,5900
7149,712,20260801,True,163400,33800,15800,13700,39900,15000,20000,12000,7300,5900
7150,712,20260701,True,158200,31200,14600,12600,39800,14900,19900,12000,7300,5900
7151,713,20260901,True,148500,22700,11200,17500,40000,15000,20000,12000,6600,3500
7152,713,20260801,True,142900,22300,12700,11000,39900,15000,20000,12000,6500,3500
7153,713,20260701,True,147200,27300,12600,10700,39800,14900,19900,12000,6500,3500
7154,713,20260601,True,147100,25200,13400,12000,39800,14900,19900,11900,6500,3500
7155,713,20260501,True,148500,26200,11300,14700,39700,14900,19800,11900,6500,3500
7156,713,20260401,True,146000,21900,13700,14400,39600,14800,19800,11900,6500,3400
7157,713,20260301,True,148000,20900,13100,18100,39500,14800,19800,11900,6500,3400
7158,713,20260201,True,154500,22700,15100,21100,39400,14800,19700,11800,6500,3400
7159,713,20260101,True,153800,25500,12000,20700,39400,14800,19700,11800,6500,3400
7160,713,20251201,True,152400,24000,11300,21900,39300,14700,19600,11800,6400,3400
7161,713,20251101,True,144800,21600,14500,13600,39200,14700,19600,11800,6400,3400
7162,713,20251001,True,148800,24100,14200,15600,39100,14700,19600,11700,6400,3400
7163,713,20250901,True,143900,22500,11900,14900,39000,14600,19500,11700,6400,3400
7164,713,20250801,True,137900,21800,12900,8600,39000,14600,19500,11700,6400,3400
7165,714,20260901,True,179700,38400,18500,23000,40000,15000,20000,12000,7300,5500
7166,714,20260801,True,169800,34800,20100,15200,39900,15000,20000,12000,7300,5500
7167,714,20260701,True,166000,33900,17700,15000,39800,14900,19900,12000,7300,5500
7168,714,20260601,True,167500,35600,17400,15200,39800,14900,19900,11900,7300,5500
7169,714,20260501,True,176800,36400,16900,24400,39700,14900,19800,11900,7300,5500
7170,714,20260401,False,173900,31700,18100,25300,39600,14800,19800,11900,7200,5500
7171,714,20260301,True,174800,34400,18100,23600,39500,14800,19800,11900,7200,5500
7172,714,20260201,True,183100,33700,19000,32100,39400,14800,19700,11800,7200,5400
7173,715,20260901,True,144100,16400,12200,14600,40000,15000,20000,12000,10900,3000
7174,715,20260801,True,144400,23200,9100,11400,39900,15000,20000,12000,10800,3000
7175,715,20260701,True,140700,18900,12200,9200,39800,14900,19900,12000,10800,3000
7176,715,20260601,True,144700,23500,9700,11200,39800,14900,19900,11900,10800,3000
7177,715,20260501,True,145400,20700,10400,14200,39700,14900,19800,11900,10800,3000
7178,715,20260401,True,144300,19100,9800,15600,39600,14800,19800,11900,10700,3000
7179,715,20260301,True,135500,15300,10400,10100,39500,14800,19800,11900,10700,3000
7180,715,20260201,False,145900,20300,9100,17100,39400,14800,19700,11800,10700,3000
7181,715,20260101,True,146800,20700,9400,17300,39400,14800,19700,11800,10700,3000
7182,715,20251201,True,148100,18200,11800,19000,39300,14700,19600,11800,10700,3000
7183,715,20251101,True,145100,22600,9700,13900,39200,14700,19600,11800,10600,3000
7184,715,20251001,True,137300,15300,9500,13800,39100,14700,19600,11700,10600,3000
7185,715,20250901,True,145600,24100,10600,12500,39000,14600,19500,11700,10600,3000
7186,715,20250801,True,142500,23000,11500,9600,39000,14600,19500,11700,10600,3000
7187,715,20250701,True,140700,20700,11000,10900,38900,14600,19400,11700,10600,2900
7188,715,20250601,True,137600,17700,11900,10200,38800,14600,19400,11600,10500,2900
7189,715,20250501,True,139800,18700,8800,14700,38700,14500,19400,11600,10500,2900
7190,715,20250401,True,140500,18500,8800,15800,38600,14500,19300,11600,10500,2900
7191,715,20250301,True,138600,19000,8500,13700,38600,14500,19300,11600,10500,2900
7192,715,20250201,True,146100,21400,9700,18100,38500,14400,19200,11500,10400,2900
7193,715,20250101,True,145600,18500,10400,19900,38400,14400,19200,11500,10400,2900
7194,715,20241201,True,147000,22300,10400,17600,38300,14400,19200,11500,10400,2900
7195,715,20241101,True,143000,20500,11600,14500,38200,14300,19100,11500,10400,2900
7196,715,20241001,True,143800,24000,10200,13300,38200,14300,19100,11400,10400,2900
7197,715,20240901,True,138100,17300,10100,14700,38100,14300,19000,11400,10300,2900
7198,715,20240801,True,144700,21300,14800,12800,38000,14200,19000,11400,10300,2900
7199,715,20240701,True,142100,23900,12400,10100,37900,14200,19000,11400,10300,2900
7200,715,20240601,True,136100,18800,11200,10600,37800,14200,18900,11400,10300,2900
7201,715,20240501,True,138000,19600,8900,14200,37800,14200,18900,11300,10200,2900
7202,715,20240401,True,138000,19000,9800,14200,37700,14100,18800,11300,10200,2900
7203,715,20240301,True,140100,20300,10000,14900,37600,14100,18800,11300,10200,2900
7204,715,20240201,True,144800,20500,10200,19400,37500,14100,18800,11300,10200,2800
7205,715,20240101,True,144400,17800,11500,20800,37400,14000,18700,11200,10200,2800
7206,715,20231201,True,141400,18700,10400,18100,37400,14000,18700,11200,10100,2800
7207,715,20231101,True,142300,19400,11800,17100,37300,14000,18600,11200,10100,2800
7208,715,20231001,True,139300,20500,10900,14100,37200,13900,18600,11200,10100,2800
7209,715,20230901,True,142400,22300,11300,15200,37100,13900,18600,11100,10100,2800
7210,715,20230801,True,144200,27300,10400,13100,37000,13900,18500,11100,10100,2800
7211,716,20260901,True,175300,34300,19500,21700,40000,15000,20000,12000,7300,5500
7212,716,20260801,True,170200,36100,18900,15500,39900,15000,20000,12000,7300,5500
7213,716,20260701,True,160600,30300,17700,13200,39800,14900,19900,12000,7300,5500
7214,716,20260601,True,169200,32000,19900,18000,39800,14900,19900,11900,7300,5500
7215,716,20260501,True,176200,35600,18600,22900,39700,14900,19800,11900,7300,5500
7216,716,20260401,True,175900,35900,18700,22500,39600,14800,19800,11900,7200,5500
7217,716,20260301,True,182800,38500,20800,24800,39500,14800,19800,11900,7200,5500
7218,716,20260201,True,186000,33900,19000,34800,39400,14800,19700,11800,7200,5400
7219,716,20260101,True,187400,38000,19000,32100,39400,14800,19700,11800,7200,5400
7220,716,20251201,False,188700,38700,17700,34300,39300,14700,19600,11800,7200,5400
7221,716,20251101,True,175700,37800,18400,21600,39200,14700,19600,11800,7200,5400
7222,716,20251001,True,180100,40900,18500,23000,39100,14700,19600,11700,7200,5400
7223,716,20250901,True,176300,37300,18600,23100,39000,14600,19500,11700,7100,5400
7224,716,20250801,True,166100,35800,16700,16300,39000,14600,19500,11700,7100,5400
7225,716,20250701,True,164700,32700,17700,17200,38900,14600,19400,11700,7100,5400
7226,716,20250601,True,164600,34800,18000,14900,38800,14600,19400,11600,7100,5400
7227,716,20250501,True,174500,36600,18200,23100,38700,14500,19400,11600,7100,5300
7228,717,20260901,True,146900,20000,10200,12400,40000,15000,20000,12000,10800,6500
7229,717,20260801,True,147000,22400,10800,9600,39900,15000,20000,12000,10800,6500
7230,717,20260701,True,140500,19000,8900,8700,39800,14900,19900,12000,10800,6500
7231,717,20260601,True,151100,25600,10500,11200,39800,14900,19900,11900,10800,6500
7232,717,20260501,False,148100,20100,10900,13700,39700,14900,19800,11900,10700,6400
7233,717,20260401,True,151300,22400,10400,15300,39600,14800,19800,11900,10700,6400
7234,717,20260301,True,150500,21900,12400,13100,39500,14800,19800,11900,10700,6400
7235,718,20260901,True,183100,35200,20500,23100,40000,15000,20000,12000,10800,6500
7236,718,20260801,True,177400,35800,20900,16500,39900,15000,20000,12000,10800,6500
7237,718,20260701,True,178300,38200,19500,16700,39800,14900,19900,12000,10800,6500
7238,718,20260601,True,180000,38400,20500,17300,39800,14900,19900,11900,10800,6500
7239,718,20260501,True,184000,38500,19000,23100,39700,14900,19800,11900,10700,6400
7240,718,20260401,True,178900,35600,17600,22500,39600,14800,19800,11900,10700,6400
7241,718,20260301,True,185800,39500,19100,24100,39500,14800,19800,11900,10700,6400
7242,718,20260201,True,192300,34300,20000,35200,39400,14800,19700,11800,10700,6400
7243,718,20260101,True,192300,36700,18900,33900,39400,14800,19700,11800,10700,6400
7244,718,20251201,True,191100,32500,21200,35000,39300,14700,19600,11800,10600,6400
7245,718,20251101,True,180600,35300,19100,23900,39200,14700,19600,11800,10600,6400
7246,719,20260901,True,152900,23300,13800,16000,40000,15000,20000,12000,7300,5500
7247,719,20260801,True,149800,25400,12800,11900,39900,15000,20000,12000,7300,5500
7248,719,20260701,True,149300,26700,14400,8800,39800,14900,19900,12000,7300,5500
7249,719,20260601,True,149300,25400,13200,11400,39800,14900,19900,11900,7300,5500
7250,719,20260501,True,154000,27200,12700,15000,39700,14900,19800,11900,7300,5500
7251,719,20260401,True,150300,24800,11700,15000,39600,14800,19800,11900,7200,5500
7252,719,20260301,True,148400,22900,12600,14200,39500,14800,19800,11900,7200,5500
7253,719,20260201,True,155800,23000,12900,21600,39400,14800,19700,11800,7200,5400
7254,720,20260901,True,173500,31700,16200,21500,40000,15000,20000,12000,11100,6000
7255,720,20260801,True,164200,31000,15400,13800,39900,15000,20000,12000,11100,6000
7256,720,20260701,True,165600,28200,20100,13700,39800,14900,19900,12000,11000,6000
7257,720,20260601,True,170300,35500,19600,11700,39800,14900,19900,11900,11000,6000
7258,720,20260501,True,173600,30300,16700,23300,39700,14900,19800,11900,11000,6000
7259,720,20260401,True,174000,29900,18000,23000,39600,14800,19800,11900,11000,6000
7260,720,20260301,True,176500,36000,16600,21000,39500,14800,19800,11900,11000,5900
7261,720,20260201,True,176600,27900,15900,30300,39400,14800,19700,11800,10900,5900
7262,720,20260101,True,177400,28900,19000,27000,39400,14800,19700,11800,10900,5900
7263,720,20251201,True,177500,28500,17500,29300,39300,14700,19600,11800,10900,5900
7264,720,20251101,True,177200,36700,16200,22200,39200,14700,19600,11800,10900,5900
7265,720,20251001,True,173200,32700,18300,20400,39100,14700,19600,11700,10800,5900
7266,720,20250901,True,166900,29500,15400,20500,39000,14600,19500,11700,10800,5900
7267,720,20250801,True,164600,32300,16800,14000,39000,14600,19500,11700,10800,5900
7268,720,20250701,True,161400,28900,15600,15600,38900,14600,19400,11700,10800,5900
7269,720,20250601,True,160900,27200,17400,15300,38800,14600,19400,11600,10800,5800
7270,720,20250501,True,170800,32100,18000,20000,38700,14500,19400,11600,10700,5800
7271,721,20260901,True,167700,29000,15900,22900,40000,15000,20000,12000,9800,3100
7272,721,20260801,True,168800,35700,17400,15900,39900,15000,20000,12000,9800,3100
7273,721,20260701,True,166600,31500,16900,18700,39800,14900,19900,12000,9800,3100
7274,722,20260901,True,159700,25800,13400,16700,40000,15000,20000,12000,10400,6400
7275,723,20260901,True,199500,45000,23800,30500,40000,15000,20000,12000,7300,5900
7276,723,20260801,True,194100,46900,23400,23700,39900,15000,20000,12000,7300,5900
7277,723,20260701,True,194300,49200,25400,19900,39800,14900,19900,12000,7300,5900
7278,723,20260601,True,191400,47500,24600,19600,39800,14900,19900,11900,7300,5900
7279,724,20260901,True,155400,20000,12500,18600,40000,15000,20000,12000,10800,6500
7280,725,20260901,False,171300,36100,17000,21100,40000,15000,20000,12000,6600,3500
7281,726,20260901,True,164600,35200,14800,17500,40000,15000,20000,12000,6600,3500
7282,726,20260801,True,154200,27500,16000,13800,39900,15000,20000,12000,6500,3500
7283,726,20260701,True,149300,23300,14400,15000,39800,14900,19900,12000,6500,3500
7284,726,20260601,True,150700,25700,15400,13100,39800,14900,19900,11900,6500,3500
7285,726,20260501,True,155400,27900,14000,17200,39700,14900,19800,11900,6500,3500
7286,726,20260401,True,162700,31300,15800,19600,39600,14800,19800,11900,6500,3400
7287,726,20260301,True,163400,31900,15000,20600,39500,14800,19800,11900,6500,3400
7288,726,20260201,True,164800,30400,14200,24600,39400,14800,19700,11800,6500,3400
7289,726,20260101,True,164600,28400,14800,25800,39400,14800,19700,11800,6500,3400
7290,726,20251201,True,159100,25900,14100,23900,39300,14700,19600,11800,6400,3400
7291,726,20251101,True,156100,27500,13500,20000,39200,14700,19600,11800,6400,3400
7292,726,20251001,True,157400,27200,16100,19200,39100,14700,19600,11700,6400,3400
7293,726,20250901,False,162300,33500,16600,17600,39000,14600,19500,11700,6400,3400
7294,726,20250801,True,152400,29000,14600,14200,39000,14600,19500,11700,6400,3400
7295,726,20250701,True,153700,31800,14600,12900,38900,14600,19400,11700,6400,3400
7296,726,20250601,False,147000,25300,14100,13400,38800,14600,19400,11600,6400,3400
7297,726,20250501,False,157100,30800,14200,18200,38700,14500,19400,11600,6300,3400
7298,726,20250401,True,154500,26700,15100,19000,38600,14500,19300,11600,6300,3400
7299,726,20250301,False,157800,31300,12400,20400,38600,14500,19300,11600,6300,3400
7300,726,20250201,True,162900,29500,15400,24700,38500,14400,19200,11500,6300,3400
7301,726,20250101,True,163200,28600,14500,27000,38400,14400,19200,11500,6300,3300
7302,726,20241201,True,167800,30800,15900,28100,38300,14400,19200,11500,6300,3300
7303,726,20241101,True,153400,27200,14500,19000,38200,14300,19100,11500,6300,3300
7304,726,20241001,True,148800,25100,14300,16800,38200,14300,19100,11400,6300,3300
7305,726,20240901,True,153900,29000,14800,17800,38100,14300,19000,11400,6200,3300
7306,726,20240801,False,145500,25500,15700,12200,38000,14200,19000,11400,6200,3300
7307,726,20240701,True,144900,26200,13700,13000,37900,14200,19000,11400,6200,3300
7308,726,20240601,True,148500,31400,14200,11100,37800,14200,18900,11400,6200,3300
7309,726,20240501,True,157600,31900,14100,19900,37800,14200,18900,11300,6200,3300
7310,726,20240401,True,148700,26700,13200,17400,37700,14100,18800,11300,6200,3300
7311,726,20240301,True,152100,26500,15100,19200,37600,14100,18800,11300,6200,3300
7312,726,20240201,True,162300,27300,15800,28100,37500,14100,18800,11300,6100,3300
7313,726,20240101,True,156700,26800,13000,26200,37400,14000,18700,11200,6100,3300
7314,726,20231201,True,164700,32200,15300,26500,37400,14000,18700,11200,6100,3300
7315,726,20231101,True,152900,28100,15900,18500,37300,14000,18600,11200,6100,3200
7316,726,20231001,True,152600,26000,16900,19500,37200,13900,18600,11200,6100,3200
7317,726,20230901,True,154200,27600,13800,22800,37100,13900,18600,11100,6100,3200
7318,726,20230801,True,145300,23800,15000,16700,37000,13900,18500,11100,6100,3200
7319,726,20230701,True,152200,32800,14600,15000,37000,13900,18500,11100,6100,3200
7320,726,20230601,True,141600,25400,15100,11700,36900,13800,18400,11100,6000,3200
7321,726,20230501,True,145500,24700,13900,17700,36800,13800,18400,11000,6000,3200
7322,726,20230401,True,152600,27100,16100,20300,36700,13800,18400,11000,6000,3200
7323,726,20230301,True,149600,24600,16700,19500,36600,13700,18300,11000,6000,3200
7324,726,20230201,True,156100,26700,14300,26300,36600,13700,18300,11000,6000,3200
7325,727,20260901,False,159100,29200,13800,17300,40000,15000,20000,12000,8000,3800
7326,727,20260801,True,149700,24900,13200,12900,39900,15000,20000,12000,8000,3800
7327,727,20260701,True,153200,26300,15700,12800,39800,14900,19900,12000,8000,3800
7328,727,20260601,True,158700,31900,15200,13300,39800,14900,19900,11900,8000,3800
7329,727,20260501,True,163000,32900,14200,17900,39700,14900,19800,11900,8000,3700
7330,727,20260401,True,157600,28600,14600,16600,39600,14800,19800,11900,8000,3700
7331,727,20260301,True,160300,26800,15100,20800,39500,14800,19800,11900,7900,3700
7332,727,20260201,False,166500,29200,14000,26000,39400,14800,19700,11800,7900,3700
7333,728,20260901,True,189500,41400,23800,25500,40000,15000,20000,12000,8000,3800
7334,728,20260801,True,186600,47800,21800,18300,39900,15000,20000,12000,8000,3800
7335,728,20260701,True,184700,42500,21500,22300,39800,14900,19900,12000,8000,3800
7336,728,20260601,True,177000,40300,19700,18700,39800,14900,19900,11900,8000,3800
7337,728,20260501,True,190400,45700,19500,27200,39700,14900,19800,11900,8000,3700
7338,729,20260901,True,164900,32400,16100,17600,40000,15000,20000,12000,7700,4100
7339,729,20260801,True,149200,26600,13100,10900,39900,15000,20000,12000,7600,4100
7340,729,20260701,True,153900,26000,15800,13800,39800,14900,19900,12000,7600,4100
7341,729,20260601,True,153100,27500,14500,12900,39800,14900,19900,11900,7600,4100
7342,729,20260501,True,156500,27900,13800,16800,39700,14900,19800,11900,7600,4100
7343,729,20260401,True,163200,29200,15700,20500,39600,14800,19800,11900,7600,4100
7344,730,20260901,True,154300,25000,13800,16900,40000,15000,20000,12000,8500,3100
7345,730,20260801,True,153100,28200,15100,11300,39900,15000,20000,12000,8500,3100
7346,730,20260701,True,146100,26900,11400,9600,39800,14900,19900,12000,8500,3100
7347,731,20260901,True,166800,31400,16300,20300,40000,15000,20000,12000,8000,3800
7348,731,20260801,True,163200,34000,16100,14400,39900,15000,20000,12000,8000,3800
7349,731,20260701,True,159400,27600,15700,17700,39800,14900,19900,12000,8000,3800
7350,731,20260601,True,158700,29600,16300,14500,39800,14900,19900,11900,8000,3800
7351,731,20260501,True,162400,27000,14800,22600,39700,14900,19800,11900,8000,3700
7352,731,20260401,True,162700,28500,15000,21400,39600,14800,19800,11900,8000,3700
7353,731,20260301,True,162800,29700,15900,19600,39500,14800,19800,11900,7900,3700
7354,732,20260901,True,180800,36400,18400,25100,40000,15000,20000,12000,10900,3000
7355,732,20260801,True,174100,41400,17600,14400,39900,15000,20000,12000,10800,3000
7356,732,20260701,True,173100,36000,18800,17900,39800,14900,19900,12000,10800,3000
7357,732,20260601,True,170600,36000,18100,16200,39800,14900,19900,11900,10800,3000
7358,732,20260501,True,180300,36600,19200,24400,39700,14900,19800,11900,10800,3000
7359,733,20260901,True,186200,39300,20000,25100,40000,15000,20000,12000,11400,3400
7360,733,20260801,True,172500,34100,20700,16100,39900,15000,20000,12000,11300,3400
7361,733,20260701,True,175600,40500,18000,15800,39800,14900,19900,12000,11300,3400
7362,733,20260601,True,171200,35400,18900,15700,39800,14900,19900,11900,11300,3400
7363,733,20260501,True,186700,40400,19600,25700,39700,14900,19800,11900,11300,3400
7364,733,20260401,True,182900,36600,19400,26200,39600,14800,19800,11900,11200,3400
7365,733,20260301,True,184900,40500,18300,25500,39500,14800,19800,11900,11200,3400
7366,733,20260201,True,194000,37000,22400,34300,39400,14800,19700,11800,11200,3400
7367,733,20260101,True,196700,38600,19400,38400,39400,14800,19700,11800,11200,3400
7368,733,20251201,True,189200,34400,20900,34000,39300,14700,19600,11800,11100,3400
7369,733,20251101,True,180400,37600,19600,23400,39200,14700,19600,11800,11100,3400
7370,734,20260901,True,166000,31600,15300,20300,40000,15000,20000,12000,7700,4100
7371,734,20260801,True,153900,28100,14400,12800,39900,15000,20000,12000,7600,4100
7372,734,20260701,True,153500,27000,14200,14000,39800,14900,19900,12000,7600,4100
7373,734,20260601,True,154900,27600,14400,14700,39800,14900,19900,11900,7600,4100
7374,734,20260501,True,153600,24600,12700,18300,39700,14900,19800,11900,7600,4100
7375,734,20260401,True,157900,26800,14900,18400,39600,14800,19800,11900,7600,4100
7376,735,20260901,True,156800,25000,12500,20700,40000,15000,20000,12000,8500,3100
7377,735,20260801,True,156200,30700,15300,11700,39900,15000,20000,12000,8500,3100
7378,735,20260701,True,151200,27800,14300,10900,39800,14900,19900,12000,8500,3100
7379,735,20260601,True,160100,28900,17300,15800,39800,14900,19900,11900,8500,3100
7380,735,20260501,True,160600,27600,16000,19100,39700,14900,19800,11900,8500,3100
7381,735,20260401,True,159200,26300,13900,21400,39600,14800,19800,11900,8400,3100
7382,735,20260301,True,155300,23700,15100,19000,39500,14800,19800,11900,8400,3100
7383,735,20260201,True,165900,27900,13500,27300,39400,14800,19700,11800,8400,3100
7384,735,20260101,True,169200,27700,17000,27300,39400,14800,19700,11800,8400,3100
7385,735,20251201,True,169600,30100,14600,28000,39300,14700,19600,11800,8400,3100
7386,735,20251101,True,154900,26200,14800,17100,39200,14700,19600,11800,8400,3100
7387,735,20251001,True,155500,25100,14400,19500,39100,14700,19600,11700,8300,3100
7388,736,20260901,True,149500,24500,12400,14000,40000,15000,20000,12000,8500,3100
7389,736,20260801,True,144300,23000,12000,10800,39900,15000,20000,12000,8500,3100
7390,736,20260701,False,144000,21500,12900,11400,39800,14900,19900,12000,8500,3100
7391,736,20260601,True,147400,25800,11700,11800,39800,14900,19900,11900,8500,3100
7392,736,20260501,True,149400,27700,9500,14300,39700,14900,19800,11900,8500,3100
7393,736,20260401,True,147100,24900,10900,13700,39600,14800,19800,11900,8400,3100
7394,737,20260901,True,196200,46300,20400,29600,40000,15000,20000,12000,9800,3100
7395,737,20260801,True,182300,40400,22900,19200,39900,15000,20000,12000,9800,3100
7396,737,20260701,True,183000,44200,21500,17800,39800,14900,19900,12000,9800,3100
7397,737,20260601,True,179900,41000,21800,17700,39800,14900,19900,11900,9800,3100
7398,737,20260501,True,186200,39300,20700,27000,39700,14900,19800,11900,9800,3100
7399,737,20260401,True,190000,43000,22100,26000,39600,14800,19800,11900,9700,3100
7400,737,20260301,True,186200,38300,20600,28500,39500,14800,19800,11900,9700,3100
7401,737,20260201,True,202300,43400,21200,39200,39400,14800,19700,11800,9700,3100
7402,737,20260101,True,196500,41000,20200,36800,39400,14800,19700,11800,9700,3100
7403,737,20251201,True,194300,39500,21600,35000,39300,14700,19600,11800,9700,3100
7404,737,20251101,True,189600,40400,24100,27100,39200,14700,19600,11800,9600,3100
7405,737,20251001,True,191800,44300,21700,28000,39100,14700,19600,11700,9600,3100
7406,737,20250901,True,190700,41900,21900,29400,39000,14600,19500,11700,9600,3100
7407,737,20250801,True,178600,42400,21200,17600,39000,14600,19500,11700,9600,3000
7408,737,20250701,True,177600,39500,22200,18700,38900,14600,19400,11700,9600,3000
7409,737,20250601,True,176700,41100,19400,19300,38800,14600,19400,11600,9500,3000
7410,737,20250501,False,191400,43000,24200,27500,38700,14500,19400,11600,9500,3000
7411,737,20250401,True,190300,44500,21300,28000,38600,14500,19300,11600,9500,3000
7412,737,20250301,True,185700,41400,19500,28300,38600,14500,19300,11600,9500,3000
7413,737,20250201,True,193500,39100,21900,36400,38500,14400,19200,11500,9500,3000
7414,737,20250101,True,197000,43000,21200,36900,38400,14400,19200,11500,9400,3000
7415,737,20241201,True,194300,38600,22100,37800,38300,14400,19200,11500,9400,3000
7416,737,20241101,True,178200,34600,21700,26400,38200,14300,19100,11500,9400,3000
7417,737,20241001,True,179400,36100,21700,26200,38200,14300,19100,11400,9400,3000
7418,737,20240901,True,189900,42200,21400,31100,38100,14300,19000,11400,9400,3000
7419,737,20240801,True,178400,41900,21800,19800,38000,14200,19000,11400,9300,3000
7420,737,20240701,True,179400,44400,22200,18000,37900,14200,19000,11400,9300,3000
7421,737,20240601,True,172500,38500,20200,19200,37800,14200,18900,11400,9300,3000
7422,737,20240501,True,176300,34700,21000,26100,37800,14200,18900,11300,9300,3000
7423,737,20240401,True,189100,41800,24300,28900,37700,14100,18800,11300,9300,2900
7424,737,20240301,True,193500,47100,23300,29200,37600,14100,18800,11300,9200,2900
7425,737,20240201,True,195600,43200,20600,38000,37500,14100,18800,11300,9200,2900
7426,737,20240101,True,195200,40900,21800,39100,37400,14000,18700,11200,9200,2900
7427,737,20231201,True,190200,37800,21400,37600,37400,14000,18700,11200,9200,2900
7428,737,20231101,True,186100,41800,22700,28400,37300,14000,18600,11200,9200,2900
7429,737,20231001,True,182900,41500,20000,28500,37200,13900,18600,11200,9100,2900
7430,738,20260901,True,156500,28500,14500,14700,40000,15000,20000,12000,7700,4100
7431,739,20260901,True,197900,45600,23700,28700,40000,15000,20000,12000,9800,3100
7432,739,20260801,True,187500,40800,25700,21200,39900,15000,20000,12000,9800,3100
7433,739,20260701,True,190800,46400,24700,20200,39800,14900,19900,12000,9800,3100
7434,739,20260601,True,188100,47600,22100,19000,39800,14900,19900,11900,9800,3100
7435,739,20260501,True,192500,42300,20700,30300,39700,14900,19800,11900,9800,3100
7436,739,20260401,True,193600,40000,25500,29200,39600,14800,19800,11900,9700,3100
7437,740,20260901,True,171900,33600,18200,20300,40000,15000,20000,12000,7300,5500
7438,740,20260801,True,167200,34400,18000,15100,39900,15000,20000,12000,7300,5500
7439,740,20260701,True,166200,34500,16500,15800,39800,14900,19900,12000,7300,5500
7440,741,20260901,True,143300,18900,11600,12600,40000,15000,20000,12000,7300,5900
7441,742,20260901,True,174900,32700,19300,25800,40000,15000,20000,12000,6600,3500
7442,742,20260801,True,169300,37200,18900,16300,39900,15000,20000,12000,6500,3500
7443,742,20260701,True,174400,40300,19400,18100,39800,14900,19900,12000,6500,3500
7444,742,20260601,True,167500,36500,19000,15500,39800,14900,19900,11900,6500,3500
7445,742,20260501,True,180100,37600,20500,25700,39700,14900,19800,11900,6500,3500
7446,742,20260401,True,182400,41800,20400,24200,39600,14800,19800,11900,6500,3400
7447,742,20260301,True,171600,35200,19400,21100,39500,14800,19800,11900,6500,3400
7448,742,20260201,True,185500,36200,19500,34200,39400,14800,19700,11800,6500,3400
7449,742,20260101,True,188000,40500,17600,34300,39400,14800,19700,11800,6500,3400
7450,742,20251201,True,190600,40800,21200,33400,39300,14700,19600,11800,6400,3400
7451,742,20251101,True,172800,33400,18400,25900,39200,14700,19600,11800,6400,3400
7452,742,20251001,True,177200,36700,20900,24700,39100,14700,19600,11700,6400,3400
7453,742,20250901,True,172900,35200,18500,24600,39000,14600,19500,11700,6400,3400
7454,742,20250801,True,170000,38400,20100,16900,39000,14600,19500,11700,6400,3400
7455,742,20250701,True,166800,38600,19000,14800,38900,14600,19400,11700,6400,3400
7456,742,20250601,True,171900,37100,19900,20700,38800,14600,19400,11600,6400,3400
7457,742,20250501,True,169100,32400,19700,23100,38700,14500,19400,11600,6300,3400
7458,742,20250401,True,179000,39600,19700,26000,38600,14500,19300,11600,6300,3400
7459,742,20250301,True,174900,35800,19000,26400,38600,14500,19300,11600,6300,3400
7460,742,20250201,True,183900,34600,21000,35000,38500,14400,19200,11500,6300,3400
7461,742,20250101,True,186100,38600,19800,34600,38400,14400,19200,11500,6300,3300
7462,742,20241201,True,185000,35900,19300,36800,38300,14400,19200,11500,6300,3300
7463,742,20241101,True,175600,36100,20900,25900,38200,14300,19100,11500,6300,3300
7464,742,20241001,True,175500,40100,18300,24500,38200,14300,19100,11400,6300,3300
7465,742,20240901,True,167600,28900,20700,25700,38100,14300,19000,11400,6200,3300
7466,742,20240801,True,164600,36300,18200,18000,38000,14200,19000,11400,6200,3300
7467,742,20240701,True,160800,32000,20300,16500,37900,14200,19000,11400,6200,3300
7468,742,20240601,True,164900,35600,20800,16700,37800,14200,18900,11400,6200,3300
7469,742,20240501,True,173000,35600,21000,24700,37800,14200,18900,11300,6200,3300
7470,742,20240401,True,174100,37300,18300,27100,37700,14100,18800,11300,6200,3300
7471,742,20240301,False,176300,37600,21400,26000,37600,14100,18800,11300,6200,3300
7472,742,20240201,True,186100,40300,20200,34500,37500,14100,18800,11300,6100,3300
7473,742,20240101,True,177800,32300,19500,35300,37400,14000,18700,11200,6100,3300
7474,742,20231201,True,182700,36900,20500,34600,37400,14000,18700,11200,6100,3300
7475,742,20231101,False,170800,36600,20300,23500,37300,14000,18600,11200,6100,3200
7476,742,20231001,True,173700,41200,19100,23200,37200,13900,18600,11200,6100,3200
7477,742,20230901,True,169300,37700,19300,22300,37100,13900,18600,11100,6100,3200
7478,742,20230801,True,161100,38500,16500,16300,37000,13900,18500,11100,6100,3200
7479,742,20230701,True,166900,39600,21400,16100,37000,13900,18500,11100,6100,3200
7480,742,20230601,True,164600,38700,20900,15600,36900,13800,18400,11100,6000,3200
7481,742,20230501,True,170600,37100,19200,25100,36800,13800,18400,11000,6000,3200
7482,742,20230401,False,169400,35300,19400,25600,36700,13800,18400,11000,6000,3200
7483,742,20230301,True,177300,40100,21400,27000,36600,13700,18300,11000,6000,3200
7484,742,20230201,True,183900,38500,20800,35800,36600,13700,18300,11000,6000,3200
7485,742,20230101,True,177400,37900,17200,33800,36500,13700,18200,10900,6000,3200
7486,742,20221201,True,177600,37500,19500,32300,36400,13600,18200,10900,6000,3200
7487,742,20221101,True,170400,37100,20100,25000,36300,13600,18200,10900,6000,3200
7488,743,20260901,True,148800,20600,12100,14300,40000,15000,20000,12000,11400,3400
7489,744,20260901,True,208900,50600,23900,30100,40000,15000,20000,12000,10800,6500
7490,744,20260801,True,194700,44500,24900,21100,39900,15000,20000,12000,10800,6500
7491,744,20260701,True,195300,45500,23200,22700,39800,14900,19900,12000,10800,6500
7492,744,20260601,True,198400,46500,24200,23900,39800,14900,19900,11900,10800,6500
7493,744,20260501,True,206300,47200,23200,32500,39700,14900,19800,11900,10700,6400
7494,744,20260401,True,209300,48900,26000,31200,39600,14800,19800,11900,10700,6400
7495,745,20260901,True,180000,39500,19300,22400,40000,15000,20000,12000,8000,3800
7496,745,20260801,True,165100,33600,17400,15400,39900,15000,20000,12000,8000,3800
7497,745,20260701,True,171200,36100,18900,17800,39800,14900,19900,12000,8000,3800
7498,745,20260601,True,167700,34300,19200,15900,39800,14900,19900,11900,8000,3800
7499,745,20260501,True,176100,36700,17100,24300,39700,14900,19800,11900,8000,3700
7500,745,20260401,True,174100,34300,18400,23600,39600,14800,19800,11900,8000,3700
7501,746,20260901,True,165800,30600,15300,20100,40000,15000,20000,12000,7300,5500
7502,746,20260801,True,156500,29400,16200,11200,39900,15000,20000,12000,7300,5500
7503,746,20260701,True,157900,29500,14700,14300,39800,14900,19900,12000,7300,5500
7504,746,20260601,True,153900,26000,14800,13800,39800,14900,19900,11900,7300,5500
7505,746,20260501,True,158700,26600,14500,18500,39700,14900,19800,11900,7300,5500
7506,746,20260401,True,163100,30300,14100,19900,39600,14800,19800,11900,7200,5500
7507,746,20260301,True,166400,32200,16300,19200,39500,14800,19800,11900,7200,5500
7508,746,20260201,True,171300,31000,15700,26300,39400,14800,19700,11800,7200,5400
7509,746,20260101,True,171400,30200,14000,28900,39400,14800,19700,11800,7200,5400
7510,746,20251201,True,164000,27100,11800,27100,39300,14700,19600,11800,7200,5400
7511,746,20251101,True,166000,31700,15800,20600,39200,14700,19600,11800,7200,5400
7512,746,20251001,True,162300,27200,16400,21000,39100,14700,19600,11700,7200,5400
7513,746,20250901,True,157100,27200,14700,17900,39000,14600,19500,11700,7100,5400
7514,746,20250801,True,150400,26600,14000,12500,39000,14600,19500,11700,7100,5400
7515,746,20250701,True,157300,28900,16700,14600,38900,14600,19400,11700,7100,5400
7516,746,20250601,True,162500,34000,16800,14800,38800,14600,19400,11600,7100,5400
7517,746,20250501,True,158900,27200,14800,20300,38700,14500,19400,11600,7100,5300
7518,746,20250401,True,164000,30400,14300,22900,38600,14500,19300,11600,7100,5300
7519,746,20250301,True,161700,29100,13800,22500,38600,14500,19300,11600,7000,5300
7520,746,20250201,True,173500,33200,15700,28700,38500,14400,19200,11500,7000,5300
7521,746,20250101,True,170200,31300,14700,28400,38400,14400,19200,11500,7000,5300
7522,746,20241201,True,169700,30400,17800,25800,38300,14400,19200,11500,7000,5300
7523,746,20241101,True,168000,35200,15400,22000,38200,14300,19100,11500,7000,5300
7524,746,20241001,True,164700,32200,15900,21300,38200,14300,19100,11400,7000,5300
7525,746,20240901,True,158000,26500,15000,21400,38100,14300,19000,11400,7000,5300
7526,746,20240801,True,150500,26800,15300,13600,38000,14200,19000,11400,6900,5300
7527,746,20240701,True,153400,29900,15300,13600,37900,14200,19000,11400,6900,5200
7528,746,20240601,False,158200,31400,16700,15700,37800,14200,18900,11400,6900,5200
7529,746,20240501,True,161500,31700,15500,20000,37800,14200,18900,11300,6900,5200
7530,746,20240401,True,154400,26500,12900,21000,37700,14100,18800,11300,6900,5200
7531,746,20240301,True,163000,34400,16800,17900,37600,14100,18800,11300,6900,5200
7532,746,20240201,True,169300,30100,17400,28000,37500,14100,18800,11300,6900,5200
7533,746,20240101,True,163700,25700,16200,28500,37400,14000,18700,11200,6800,5200
7534,746,20231201,True,167900,32900,15200,26500,37400,14000,18700,11200,6800,5200
7535,746,20231101,True,160500,31900,16100,19400,37300,14000,18600,11200,6800,5200
7536,746,20231001,True,157200,28400,16400,19600,37200,13900,18600,11200,6800,5100
7537,746,20230901,True,153600,26100,15600,19300,37100,13900,18600,11100,6800,5100
7538,746,20230801,True,151600,28600,17400,13200,37000,13900,18500,11100,6800,5100
7539,746,20230701,True,152300,30500,15500,13900,37000,13900,18500,11100,6800,5100
7540,747,20260901,True,189100,37800,19600,28300,40000,15000,20000,12000,11700,4700
7541,747,20260801,True,188700,43200,21900,20300,39900,15000,20000,12000,11700,4700
7542,747,20260701,True,182500,38900,22300,18300,39800,14900,19900,12000,11700,4700
7543,747,20260601,True,183300,37100,22900,20400,39800,14900,19900,11900,11700,4700
7544,748,20260901,True,151300,24700,11700,15000,40000,15000,20000,12000,9800,3100
7545,748,20260801,True,141100,20500,11400,9400,39900,15000,20000,12000,9800,3100
7546,748,20260701,True,152600,26700,12800,13600,39800,14900,19900,12000,9800,3100
7547,748,20260601,False,149300,26300,12600,11000,39800,14900,19900,11900,9800,3100
7548,748,20260501,True,149600,23600,10700,16100,39700,14900,19800,11900,9800,3100
7549,748,20260401,True,152500,22500,14700,16400,39600,14800,19800,11900,9700,3100
7550,748,20260301,False,148600,21200,13000,15600,39500,14800,19800,11900,9700,3100
7551,748,20260201,True,155200,22600,11400,22700,39400,14800,19700,11800,9700,3100
7552,748,20260101,True,161600,25900,12000,25200,39400,14800,19700,11800,9700,3100
7553,748,20251201,True,159300,25200,11500,24400,39300,14700,19600,11800,9700,3100
7554,748,20251101,True,150600,21600,12000,19000,39200,14700,19600,11800,9600,3100
7555,748,20251001,True,148600,21400,12300,17100,39100,14700,19600,11700,9600,3100
7556,749,20260901,True,179400,36900,17400,22500,40000,15000,20000,12000,9900,5700
7557,749,20260801,True,164900,31900,16700,13800,39900,15000,20000,12000,9900,5700
7558,749,20260701,False,162000,31300,14300,14200,39800,14900,19900,12000,9900,5700
7559,749,20260601,True,169400,36200,15600,15600,39800,14900,19900,11900,9800,5700
7560,749,20260501,True,174700,34000,18700,20200,39700,14900,19800,11900,9800,5700
7561,749,20260401,True,170900,26400,20300,22600,39600,14800,19800,11900,9800,5700
7562,749,20260301,True,176200,34400,18000,22300,39500,14800,19800,11900,9800,5700
7563,749,20260201,True,179300,31600,16900,29700,39400,14800,19700,11800,9800,5600
7564,749,20260101,True,180700,34200,18100,27400,39400,14800,19700,11800,9700,5600
7565,749,20251201,True,179800,32400,18200,28500,39300,14700,19600,11800,9700,5600
7566,749,20251101,True,168700,31500,16600,20000,39200,14700,19600,11800,9700,5600
7567,749,20251001,True,173500,35600,15200,22300,39100,14700,19600,11700,9700,5600
7568,749,20250901,True,175400,37900,16500,20900,39000,14600,19500,11700,9700,5600
7569,749,20250801,True,159800,31200,15600,13000,39000,14600,19500,11700,9600,5600
7570,749,20250701,True,164000,33200,14600,16400,38900,14600,19400,11700,9600,5600
7571,749,20250601,True,161800,31700,18100,12400,38800,14600,19400,11600,9600,5600
7572,749,20250501,False,171000,32600,17500,21600,38700,14500,19400,11600,9600,5500
7573,749,20250401,True,167900,32200,16200,20400,38600,14500,19300,11600,9600,5500
7574,749,20250301,True,171000,32800,15500,23700,38600,14500,19300,11600,9500,5500
7575,749,20250201,False,174900,29600,16200,30500,38500,14400,19200,11500,9500,5500
7576,749,20250101,True,177200,32600,16700,29400,38400,14400,19200,11500,9500,5500
7577,749,20241201,True,180900,35400,18000,29100,38300,14400,19200,11500,9500,5500
7578,749,20241101,True,172600,36500,16300,21700,38200,14300,19100,11500,9500,5500
7579,749,20241001,True,170400,33700,17500,21300,38200,14300,19100,11400,9400,5500
7580,749,20240901,True,171600,34500,17900,21600,38100,14300,19000,11400,9400,5400
7581,749,20240801,True,160200,31200,17200,14400,38000,14200,19000,11400,9400,5400
7582,749,20240701,True,163100,32500,17200,16100,37900,14200,19000,11400,9400,5400
7583,749,20240601,True,162500,35000,17700,12700,37800,14200,18900,11400,9400,5400
7584,749,20240501,True,168100,34500,17000,19700,37800,14200,18900,11300,9300,5400
7585,749,20240401,True,168300,31600,15900,24200,37700,14100,18800,11300,9300,5400
7586,749,20240301,True,167200,31100,17300,22300,37600,14100,18800,11300,9300,5400
7587,749,20240201,True,177000,34500,16600,29500,37500,14100,18800,11300,9300,5400
7588,749,20240101,True,170200,26400,19800,28000,37400,14000,18700,11200,9300,5400
7589,749,20231201,True,177900,35000,16700,30400,37400,14000,18700,11200,9200,5300
7590,750,20260901,True,147600,22000,11700,14000,40000,15000,20000,12000,9800,3100
7591,750,20260801,False,140300,21500,9800,9200,39900,15000,20000,12000,9800,3100
7592,750,20260701,True,139700,19000,9900,11300,39800,14900,19900,12000,9800,3100
7593,750,20260601,True,137800,18900,8800,10700,39800,14900,19900,11900,9800,3100
7594,750,20260501,True,145400,21200,11200,13800,39700,14900,19800,11900,9800,3100
7595,750,20260401,True,142400,18800,10000,14700,39600,14800,19800,11900,9700,3100
7596,750,20260301,True,140800,20700,11200,10100,39500,14800,19800,11900,9700,3100
7597,750,20260201,True,148800,23300,10500,16500,39400,14800,19700,11800,9700,3100
7598,750,20260101,True,143800,18100,10000,17200,39400,14800,19700,11800,9700,3100
7599,750,20251201,True,145500,18600,9100,19600,39300,14700,19600,11800,9700,3100
7600,750,20251101,True,138300,16800,11100,12400,39200,14700,19600,11800,9600,3100
7601,750,20251001,True,138200,17900,10400,12100,39100,14700,19600,11700,9600,3100
7602,750,20250901,True,139100,16600,11700,13300,39000,14600,19500,11700,9600,3100
7603,750,20250801,True,138200,19700,9500,11600,39000,14600,19500,11700,9600,3000
7604,750,20250701,True,140600,20500,10600,12300,38900,14600,19400,11700,9600,3000
7605,750,20250601,True,135700,20100,10400,8300,38800,14600,19400,11600,9500,3000
7606,750,20250501,True,137900,15900,11300,14000,38700,14500,19400,11600,9500,3000
7607,750,20250401,True,146300,22600,12700,14500,38600,14500,19300,11600,9500,3000
7608,750,20250301,True,133600,16100,10800,10200,38600,14500,19300,11600,9500,3000
7609,750,20250201,True,148200,21200,12900,18000,38500,14400,19200,11500,9500,3000
7610,750,20250101,True,147500,18600,11400,21600,38400,14400,19200,11500,9400,3000
7611,750,20241201,True,145700,18100,10900,20900,38300,14400,19200,11500,9400,3000
7612,751,20260901,True,151400,24700,13700,12800,40000,15000,20000,12000,7300,5900
7613,751,20260801,True,146900,22600,14200,10000,39900,15000,20000,12000,7300,5900
7614,751,20260701,True,152100,27800,12400,12100,39800,14900,19900,12000,7300,5900
7615,751,20260601,False,148400,26200,12400,10100,39800,14900,19900,11900,7300,5900
7616,751,20260501,True,149500,22800,11800,15400,39700,14900,19800,11900,7300,5900
7617,751,20260401,True,153000,28000,9800,16000,39600,14800,19800,11900,7200,5900
7618,751,20260301,True,144600,21600,11600,12300,39500,14800,19800,11900,7200,5900
7619,751,20260201,True,157500,25100,12200,21400,39400,14800,19700,11800,7200,5900
7620,751,20260101,True,161300,26900,13300,22300,39400,14800,19700,11800,7200,5900
7621,752,20260901,True,202600,49100,23400,32900,40000,15000,20000,12000,6200,4000
7622,752,20260801,True,185800,45000,24900,18900,39900,15000,20000,12000,6100,4000
7623,753,20260901,True,170300,32000,18000,20100,40000,15000,20000,12000,7300,5900
7624,753,20260801,True,170200,34800,17300,18000,39900,15000,20000,12000,7300,5900
7625,753,20260701,True,163700,32300,17300,14300,39800,14900,19900,12000,7300,5900
7626,753,20260601,True,160500,29800,17300,13700,39800,14900,19900,11900,7300,5900
7627,753,20260501,True,174900,35100,16600,23700,39700,14900,19800,11900,7300,5900
7628,753,20260401,True,171000,32300,17200,22300,39600,14800,19800,11900,7200,5900
7629,753,20260301,True,178500,38600,17100,23700,39500,14800,19800,11900,7200,5900
7630,754,20260901,True,159700,29500,11800,19600,40000,15000,20000,12000,8000,3800
7631,754,20260801,True,157800,31600,15900,11600,39900,15000,20000,12000,8000,3800
7632,754,20260701,True,153200,26100,14200,14500,39800,14900,19900,12000,8000,3800
7633,754,20260601,True,160500,32200,15700,14300,39800,14900,19900,11900,8000,3800
7634,754,20260501,True,163600,29100,17700,18800,39700,14900,19800,11900,8000,3700
7635,754,20260401,True,159400,25700,14200,21700,39600,14800,19800,11900,8000,3700
7636,754,20260301,True,164400,31600,14400,20800,39500,14800,19800,11900,7900,3700
7637,754,20260201,True,169700,32400,13300,26700,39400,14800,19700,11800,7900,3700
7638,754,20260101,True,165200,26500,14400,27000,39400,14800,19700,11800,7900,3700
7639,754,20251201,True,169200,33200,14800,24200,39300,14700,19600,11800,7900,3700
7640,754,20251101,True,156600,27700,13000,19000,39200,14700,19600,11800,7900,3700
7641,754,20251001,True,159900,30000,13000,20200,39100,14700,19600,11700,7900,3700
7642,754,20250901,True,153400,25800,13400,17900,39000,14600,19500,11700,7800,3700
7643,754,20250801,True,154200,28200,14500,15200,39000,14600,19500,11700,7800,3700
7644,754,20250701,True,156900,32600,13600,14600,38900,14600,19400,11700,7800,3700
7645,754,20250601,True,155400,31300,14400,13800,38800,14600,19400,11600,7800,3700
7646,754,20250501,True,152400,26600,12500,17600,38700,14500,19400,11600,7800,3700
7647,754,20250401,True,152700,28500,14400,14400,38600,14500,19300,11600,7800,3600
7648,755,20260901,True,195000,41900,22400,28100,40000,15000,20000,12000,9900,5700
7649,755,20260801,True,189300,46400,21400,19000,39900,15000,20000,12000,9900,5700
7650,755,20260701,True,193800,48700,24000,18900,39800,14900,19900,12000,9900,5700
7651,755,20260601,True,185500,41900,22500,19100,39800,14900,19900,11900,9800,5700
7652,755,20260501,True,196400,43500,23600,27500,39700,14900,19800,11900,9800,5700
7653,755,20260401,True,199400,40300,23900,33600,39600,14800,19800,11900,9800,5700
7654,755,20260301,True,193000,41100,23300,27100,39500,14800,19800,11900,9800,5700
7655,755,20260201,True,205100,43100,21400,39500,39400,14800,19700,11800,9800,5600
7656,755,20260101,True,201700,41500,23000,36200,39400,14800,19700,11800,9700,5600
7657,756,20260901,True,159000,21600,14900,19100,40000,15000,20000,12000,11700,4700
7658,756,20260801,True,155900,24500,16800,11300,39900,15000,20000,12000,11700,4700
7659,756,20260701,True,156400,28500,11500,13400,39800,14900,19900,12000,11700,4700
7660,756,20260601,True,159000,30600,14500,11000,39800,14900,19900,11900,11700,4700
7661,756,20260501,True,165700,26900,16400,19900,39700,14900,19800,11900,11600,4600
7662,756,20260401,True,164000,27400,16000,18300,39600,14800,19800,11900,11600,4600
7663,756,20260301,True,162300,26700,14500,18900,39500,14800,19800,11900,11600,4600
7664,756,20260201,True,171800,29400,14400,26100,39400,14800,19700,11800,11600,4600
7665,756,20260101,True,174300,31000,15600,25800,39400,14800,19700,11800,11600,4600
7666,757,20260901,True,189900,38300,22100,27700,40000,15000,20000,12000,11400,3400
7667,757,20260801,True,190000,44400,23900,20100,39900,15000,20000,12000,11300,3400
7668,757,20260701,True,186200,42800,21700,20400,39800,14900,19900,12000,11300,3400
7669,757,20260601,True,182700,42800,22100,16600,39800,14900,19900,11900,11300,3400
7670,757,20260501,True,196300,45300,23600,26400,39700,14900,19800,11900,11300,3400
7671,757,20260401,True,198400,43700,24300,29700,39600,14800,19800,11900,11200,3400
7672,757,20260301,True,194100,43000,21700,28800,39500,14800,19800,11900,11200,3400
7673,757,20260201,True,207800,44400,21400,41700,39400,14800,19700,11800,11200,3400
7674,758,20260901,True,149000,22000,11800,15000,40000,15000,20000,12000,7300,5900
7675,758,20260801,True,143900,21000,9800,13000,39900,15000,20000,12000,7300,5900
7676,758,20260701,True,139600,23000,8700,8100,39800,14900,19900,12000,7300,5900
7677,758,20260601,True,138300,18400,12300,7900,39800,14900,19900,11900,7300,5900
7678,758,20260501,True,147400,23000,10200,14700,39700,14900,19800,11900,7300,5900
7679,758,20260401,True,144800,22100,8900,14600,39600,14800,19800,11900,7200,5900
7680,759,20260901,True,170200,31300,18300,20400,40000,15000,20000,12000,7300,5900
7681,759,20260801,True,171300,35400,18900,16900,39900,15000,20000,12000,7300,5900
7682,759,20260701,False,167300,30400,20700,16400,39800,14900,19900,12000,7300,5900
7683,759,20260601,True,165600,35300,17100,13500,39800,14900,19900,11900,7300,5900
7684,759,20260501,True,170300,33800,16800,20200,39700,14900,19800,11900,7300,5900
7685,759,20260401,True,169600,31800,17800,20800,39600,14800,19800,11900,7200,5900
7686,759,20260301,True,171200,34800,17000,20300,39500,14800,19800,11900,7200,5900
7687,759,20260201,True,181300,31100,19600,31800,39400,14800,19700,11800,7200,5900
7688,759,20260101,True,179100,30300,17600,32400,39400,14800,19700,11800,7200,5900
7689,759,20251201,True,179800,33400,18300,29700,39300,14700,19600,11800,7200,5800
7690,759,20251101,True,174700,34300,17400,24700,39200,14700,19600,11800,7200,5800
7691,759,20251001,True,167000,31000,17600,20300,39100,14700,19600,11700,7200,5800
7692,760,20260901,True,153600,27300,12000,17200,40000,15000,20000,12000,6600,3500
7693,761,20260901,True,164900,33500,14800,19400,40000,15000,20000,12000,6200,4000
7694,762,20260901,True,183000,40000,20900,23300,40000,15000,20000,12000,8000,3800
7695,762,20260801,True,180800,42000,21200,18900,39900,15000,20000,12000,8000,3800
7696,762,20260701,True,180200,42600,21200,18000,39800,14900,19900,12000,8000,3800
7697,762,20260601,True,179200,42400,22100,16400,39800,14900,19900,11900,8000,3800
7698,762,20260501,True,180900,34900,19100,28900,39700,14900,19800,11900,8000,3700
7699,762,20260401,True,183000,37600,21700,25900,39600,14800,19800,11900,8000,3700
7700,762,20260301,True,186600,42900,20700,25400,39500,14800,19800,11900,7900,3700
7701,762,20260201,True,198900,43700,20700,37200,39400,14800,19700,11800,7900,3700
7702,762,20260101,True,191300,35600,21900,36500,39400,14800,19700,11800,7900,3700
7703,762,20251201,True,191800,38100,21800,34900,39300,14700,19600,11800,7900,3700
7704,762,20251101,True,187300,42500,20600,27300,39200,14700,19600,11800,7900,3700
7705,762,20251001,True,180400,38200,20800,24700,39100,14700,19600,11700,7900,3700
7706,762,20250901,False,183600,42200,19100,26000,39000,14600,19500,11700,7800,3700
7707,762,20250801,True,173700,39000,20600,17800,39000,14600,19500,11700,7800,3700
7708,762,20250701,True,171700,37200,21200,17200,38900,14600,19400,11700,7800,3700
7709,762,20250601,True,170600,38800,18700,17200,38800,14600,19400,11600,7800,3700
7710,762,20250501,True,182800,38500,21600,27000,38700,14500,19400,11600,7800,3700
7711,762,20250401,True,184900,39900,21700,27900,38600,14500,19300,11600,7800,3600
7712,762,20250301,True,185200,44300,20500,25000,38600,14500,19300,11600,7800,3600
7713,762,20250201,True,190600,42400,20300,33000,38500,14400,19200,11500,7700,3600
7714,762,20250101,True,190900,40600,21800,33700,38400,14400,19200,11500,7700,3600
7715,762,20241201,True,188500,37900,20800,35100,38300,14400,19200,11500,7700,3600
7716,762,20241101,True,184700,42300,21500,26500,38200,14300,19100,11500,7700,3600
7717,762,20241001,False,182300,39900,22100,26000,38200,14300,19100,11400,7700,3600
7718,762,20240901,True,176300,35600,20900,25700,38100,14300,19000,11400,7700,3600
7719,762,20240801,True,169700,38700,19800,17400,38000,14200,19000,11400,7600,3600
7720,762,20240701,True,170400,37900,21400,17400,37900,14200,19000,11400,7600,3600
7721,763,20260901,True,173500,32700,18100,23900,40000,15000,20000,12000,7700,4100
7722,763,20260801,True,172800,39500,18000,16700,39900,15000,20000,12000,7600,4100
7723,763,20260701,True,159300,30900,16000,14100,39800,14900,19900,12000,7600,4100
7724,763,20260601,True,166700,34300,16700,17500,39800,14900,19900,11900,7600,4100
7725,763,20260501,True,172500,35900,17700,20900,39700,14900,19800,11900,7600,4100
7726,763,20260401,True,168500,30400,17700,22600,39600,14800,19800,11900,7600,4100
7727,763,20260301,True,168300,32000,18100,20500,39500,14800,19800,11900,7600,4100
7728,764,20260901,True,169000,29600,16100,19900,40000,15000,20000,12000,11700,4700
7729,764,20260801,True,168100,35600,16100,13100,39900,15000,20000,12000,11700,4700
7730,765,20260901,True,168100,32500,16000,19400,40000,15000,20000,12000,7300,5900
7731,765,20260801,True,164400,35000,15700,13600,39900,15000,20000,12000,7300,5900
7732,765,20260701,True,163500,33700,16500,13500,39800,14900,19900,12000,7300,5900
7733,765,20260601,True,162400,31600,15000,16100,39800,14900,19900,11900,7300,5900
7734,765,20260501,True,167800,33700,16100,18500,39700,14900,19800,11900,7300,5900
7735,765,20260401,True,165600,28500,17200,20700,39600,14800,19800,11900,7200,5900
7736,765,20260301,True,170200,32300,17000,21800,39500,14800,19800,11900,7200,5900
7737,765,20260201,True,181000,32800,16100,33300,39400,14800,19700,11800,7200,5900
7738,765,20260101,True,175400,30900,15500,30200,39400,14800,19700,11800,7200,5900
7739,765,20251201,True,176400,30600,16200,31200,39300,14700,19600,11800,7200,5800
7740,765,20251101,True,165200,31400,15200,20300,39200,14700,19600,11800,7200,5800
7741,765,20251001,True,162800,30500,16400,17800,39100,14700,19600,11700,7200,5800
7742,765,20250901,True,167200,33600,14200,21700,39000,14600,19500,11700,7100,5800
7743,765,20250801,True,156600,29800,14700,14400,39000,14600,19500,11700,7100,5800
7744,765,20250701,True,160400,31200,16200,15500,38900,14600,19400,11700,7100,5800
7745,765,20250601,True,164300,34600,17600,14800,38800,14600,19400,11600,7100,5800
7746,765,20250501,True,162000,27400,15800,21700,38700,14500,19400,11600,7100,5800
7747,766,20260901,True,182900,36700,20100,24300,40000,15000,20000,12000,11400,3400
7748,766,20260801,True,175900,36800,19100,18400,39900,15000,20000,12000,11300,3400
7749,766,20260701,True,170700,32400,20800,16200,39800,14900,19900,12000,11300,3400
7750,766,20260601,True,172700,35300,19500,16700,39800,14900,19900,11900,11300,3400
7751,767,20260901,True,182600,38400,20100,25300,40000,15000,20000,12000,7700,4100
7752,767,20260801,True,181000,42000,21600,18800,39900,15000,20000,12000,7600,4100
7753,767,20260701,True,171700,36100,20000,17300,39800,14900,19900,12000,7600,4100
7754,767,20260601,True,174300,40100,19100,16900,39800,14900,19900,11900,7600,4100
7755,767,20260501,True,188700,42900,21800,26000,39700,14900,19800,11900,7600,4100
7756,767,20260401,True,187900,41700,19900,28500,39600,14800,19800,11900,7600,4100
7757,767,20260301,True,182200,38400,21200,24900,39500,14800,19800,11900,7600,4100
7758,767,20260201,True,196300,42400,18600,38000,39400,14800,19700,11800,7500,4100
7759,767,20260101,True,191600,37900,21000,35400,39400,14800,19700,11800,7500,4100
7760,767,20251201,True,189600,37200,20000,35500,39300,14700,19600,11800,7500,4000
7761,767,20251101,True,184400,37800,22100,27700,39200,14700,19600,11800,7500,4000
7762,767,20251001,True,183700,39600,19500,28000,39100,14700,19600,11700,7500,4000
7763,767,20250901,True,183400,39000,21900,26200,39000,14600,19500,11700,7500,4000
7764,767,20250801,True,173100,35900,21200,19700,39000,14600,19500,11700,7500,4000
7765,767,20250701,True,174900,37800,20700,20400,38900,14600,19400,11700,7400,4000
7766,767,20250601,True,178200,40900,22200,19300,38800,14600,19400,11600,7400,4000
7767,767,20250501,True,179700,39000,17900,27200,38700,14500,19400,11600,7400,4000
7768,767,20250401,True,180900,38600,19500,27400,38600,14500,19300,11600,7400,4000
7769,767,20250301,True,181500,41800,20600,23700,38600,14500,19300,11600,7400,4000
7770,767,20250201,False,197000,42300,21300,38400,38500,14400,19200,11500,7400,4000
7771,767,20250101,True,197200,41900,23400,37100,38400,14400,19200,11500,7300,4000
7772,768,20260901,True,184600,43500,18300,25600,40000,15000,20000,12000,6200,4000
7773,768,20260801,True,171300,37400,19500,17400,39900,15000,20000,12000,6100,4000
7774,768,20260701,True,172800,37900,20300,17900,39800,14900,19900,12000,6100,4000
7775,768,20260601,True,168200,36400,19200,16000,39800,14900,19900,11900,6100,4000
7776,768,20260501,False,179200,37800,20100,24900,39700,14900,19800,11900,6100,4000
7777,768,20260401,True,173900,31700,21000,25000,39600,14800,19800,11900,6100,4000
7778,768,20260301,True,178000,35500,19100,27400,39500,14800,19800,11900,6100,3900
7779,768,20260201,True,185500,38600,18300,32900,39400,14800,19700,11800,6100,3900
7780,768,20260101,False,184700,36400,19100,33500,39400,14800,19700,11800,6100,3900
7781,768,20251201,True,184100,35400,18700,34700,39300,14700,19600,11800,6000,3900
7782,768,20251101,True,180700,40900,19400,25200,39200,14700,19600,11800,6000,3900
7783,768,20251001,True,176400,39600,18200,23600,39100,14700,19600,11700,6000,3900
7784,768,20250901,True,176200,36400,20700,24400,39000,14600,19500,11700,6000,3900
7785,768,20250801,True,171900,41700,19100,16400,39000,14600,19500,11700,6000,3900
7786,768,20250701,True,166600,35100,19600,17400,38900,14600,19400,11700,6000,3900
7787,768,20250601,True,169100,36400,20900,17500,38800,14600,19400,11600,6000,3900
7788,768,20250501,True,178400,40100,18400,25800,38700,14500,19400,11600,6000,3900
7789,768,20250401,True,178100,36400,22300,25600,38600,14500,19300,11600,5900,3900
7790,769,20260901,True,163700,26700,17200,19600,40000,15000,20000,12000,7300,5900
7791,769,20260801,True,158200,31000,13200,13900,39900,15000,20000,12000,7300,5900
7792,769,20260701,True,156000,26000,16700,13500,39800,14900,19900,12000,7300,5900
7793,769,20260601,True,155700,27100,15700,13200,39800,14900,19900,11900,7300,5900
7794,769,20260501,True,165200,28300,13700,23700,39700,14900,19800,11900,7300,5900
7795,769,20260401,True,162700,27800,15300,20400,39600,14800,19800,11900,7200,5900
7796,769,20260301,True,162900,28400,15200,20200,39500,14800,19800,11900,7200,5900
7797,769,20260201,True,164300,26300,15300,23900,39400,14800,19700,11800,7200,5900
7798,769,20260101,True,175200,30300,15400,30700,39400,14800,19700,11800,7200,5900
7799,769,20251201,True,170600,28300,17000,26900,39300,14700,19600,11800,7200,5800
7800,769,20251101,True,166200,31700,15800,20400,39200,14700,19600,11800,7200,5800
7801,769,20251001,True,166600,31600,16600,20300,39100,14700,19600,11700,7200,5800
7802,769,20250901,True,163800,31000,16800,18300,39000,14600,19500,11700,7100,5800
7803,769,20250801,True,156300,31600,14600,12400,39000,14600,19500,11700,7100,5800
7804,769,20250701,True,158200,32500,15100,13100,38900,14600,19400,11700,7100,5800
7805,769,20250601,True,160200,31100,17700,14100,38800,14600,19400,11600,7100,5800
7806,769,20250501,False,164900,32300,14800,20700,38700,14500,19400,11600,7100,5800
7807,769,20250401,True,165600,32000,15700,21100,38600,14500,19300,11600,7100,5700
7808,769,20250301,True,165400,31800,16600,20200,38600,14500,19300,11600,7100,5700
7809,769,20250201,True,169200,30200,15700,27000,38500,14400,19200,11500,7000,5700
7810,769,20250101,True,169400,29900,16500,26800,38400,14400,19200,11500,7000,5700
7811,769,20241201,True,172300,29700,16900,29600,38300,14400,19200,11500,7000,5700
7812,769,20241101,True,161900,28500,17000,20600,38200,14300,19100,11500,7000,5700
7813,769,20241001,True,159700,30300,16700,17000,38200,14300,19100,11400,7000,5700
7814,769,20240901,False,167000,32700,17100,21700,38100,14300,19000,11400,7000,5700
7815,769,20240801,True,157600,31300,15900,15200,38000,14200,19000,11400,7000,5600
7816,769,20240701,True,161800,34500,17600,14700,37900,14200,19000,11400,6900,5600
7817,769,20240601,True,150900,29700,13500,12900,37800,14200,18900,11400,6900,5600
7818,769,20240501,True,162800,31600,14400,22100,37800,14200,18900,11300,6900,5600
7819,769,20240401,True,157100,29400,13900,19400,37700,14100,18800,11300,6900,5600
7820,769,20240301,True,157000,27000,16000,19700,37600,14100,18800,11300,6900,5600
7821,769,20240201,True,167000,30900,14700,27200,37500,14100,18800,11300,6900,5600
7822,770,20260901,False,171800,35200,17100,22400,40000,15000,20000,12000,6600,3500
7823,770,20260801,True,160700,33600,15800,14400,39900,15000,20000,12000,6500,3500
7824,770,20260701,True,159000,29600,17500,15300,39800,14900,19900,12000,6500,3500
7825,770,20260601,True,160300,30500,18600,14700,39800,14900,19900,11900,6500,3500
7826,770,20260501,True,162400,31500,15000,19600,39700,14900,19800,11900,6500,3500
7827,770,20260401,True,166300,27700,17000,25600,39600,14800,19800,11900,6500,3400
7828,770,20260301,True,166300,32700,17100,20600,39500,14800,19800,11900,6500,3400
7829,770,20260201,True,175400,34900,15100,29800,39400,14800,19700,11800,6500,3400
7830,770,20260101,True,169600,31200,14300,28500,39400,14800,19700,11800,6500,3400
7831,770,20251201,True,173100,29800,16400,31700,39300,14700,19600,11800,6400,3400
7832,770,20251101,True,160200,29800,15500,19800,39200,14700,19600,11800,6400,3400
7833,770,20251001,True,166200,32300,16200,22800,39100,14700,19600,11700,6400,3400
7834,770,20250901,True,162200,30300,16700,20600,39000,14600,19500,11700,6400,3400
7835,770,20250801,True,160200,31300,17300,17000,39000,14600,19500,11700,6400,3400
7836,770,20250701,False,159900,34700,17100,13700,38900,14600,19400,11700,6400,3400
7837,771,20260901,True,191000,43900,21300,25600,40000,15000,20000,12000,7300,5900
7838,771,20260801,True,182400,42700,22200,17400,39900,15000,20000,12000,7300,5900
7839,771,20260701,True,178000,38500,22000,17700,39800,14900,19900,12000,7300,5900
7840,771,20260601,True,183200,38900,23200,21400,39800,14900,19900,11900,7300,5900
7841,771,20260501,True,189900,40500,19900,30000,39700,14900,19800,11900,7300,5900
7842,771,20260401,True,188600,40000,24300,25100,39600,14800,19800,11900,7200,5900
7843,771,20260301,False,194300,45900,18800,30500,39500,14800,19800,11900,7200,5900
7844,771,20260201,True,198400,42200,21300,36100,39400,14800,19700,11800,7200,5900
7845,771,20260101,True,207800,47100,23300,38600,39400,14800,19700,11800,7200,5900
7846,771,20251201,True,205500,46100,22500,38500,39300,14700,19600,11800,7200,5800
7847,771,20251101,True,188600,40300,21500,28500,39200,14700,19600,11800,7200,5800
7848,771,20251001,True,192100,44000,23700,26300,39100,14700,19600,11700,7200,5800
7849,771,20250901,True,192300,41200,23600,29800,39000,14600,19500,11700,7100,5800
7850,771,20250801,True,177100,40000,20000,19400,39000,14600,19500,11700,7100,5800
7851,771,20250701,True,180800,44200,21300,17800,38900,14600,19400,11700,7100,5800
7852,771,20250601,True,182300,44000,20400,20600,38800,14600,19400,11600,7100,5800
7853,771,20250501,True,187300,41600,21900,26700,38700,14500,19400,11600,7100,5800
7854,771,20250401,True,188700,42200,24300,25400,38600,14500,19300,11600,7100,5700
7855,771,20250301,True,190400,42700,22900,28000,38600,14500,19300,11600,7100,5700
7856,771,20250201,True,198600,41400,22600,38300,38500,14400,19200,11500,7000,5700
7857,772,20260901,True,173800,34400,17200,22400,40000,15000,20000,12000,7300,5500
7858,772,20260801,True,164700,32000,17700,15300,39900,15000,20000,12000,7300,5500
7859,772,20260701,True,162900,31400,16200,15900,39800,14900,19900,12000,7300,5500
7860,772,20260601,True,164400,33900,17000,14200,39800,14900,19900,11900,7300,5500
7861,772,20260501,True,170000,33200,17100,20600,39700,14900,19800,11900,7300,5500
7862,772,20260401,True,160800,27200,16300,18500,39600,14800,19800,11900,7200,5500
7863,772,20260301,True,169000,34500,15600,20200,39500,14800,19800,11900,7200,5500
7864,772,20260201,True,177000,31000,17800,29900,39400,14800,19700,11800,7200,5400
7865,772,20260101,True,172200,28500,15800,29600,39400,14800,19700,11800,7200,5400
7866,772,20251201,True,173100,28800,17200,29100,39300,14700,19600,11800,7200,5400
7867,772,20251101,True,168100,32500,16000,21700,39200,14700,19600,11800,7200,5400
7868,772,20251001,True,163700,27600,16100,22300,39100,14700,19600,11700,7200,5400
7869,772,20250901,True,162100,30500,15600,18700,39000,14600,19500,11700,7100,5400
7870,772,20250801,True,158300,29100,17000,14900,39000,14600,19500,11700,7100,5400
7871,772,20250701,True,160000,30000,16200,16700,38900,14600,19400,11700,7100,5400
7872,772,20250601,True,163000,34800,17000,14300,38800,14600,19400,11600,7100,5400
7873,772,20250501,True,167000,32000,17100,21300,38700,14500,19400,11600,7100,5300
7874,772,20250401,True,164300,32900,16900,18100,38600,14500,19300,11600,7100,5300
7875,772,20250301,True,168100,32200,16700,22900,38600,14500,19300,11600,7000,5300
7876,772,20250201,True,174300,35200,17300,25900,38500,14400,19200,11500,7000,5300
7877,772,20250101,True,176100,35400,15500,29400,38400,14400,19200,11500,7000,5300
7878,772,20241201,True,176200,36200,17600,26700,38300,14400,19200,11500,7000,5300
7879,772,20241101,True,166200,34900,15500,20400,38200,14300,19100,11500,7000,5300
7880,772,20241001,True,163100,29400,17100,21300,38200,14300,19100,11400,7000,5300
7881,773,20260901,True,196300,45800,21500,29100,40000,15000,20000,12000,9800,3100
7882,773,20260801,True,194300,48300,23700,22500,39900,15000,20000,12000,9800,3100
7883,773,20260701,True,190200,42300,25600,22800,39800,14900,19900,12000,9800,3100
7884,773,20260601,True,188700,45400,24400,19500,39800,14900,19900,11900,9800,3100
7885,773,20260501,True,198500,47600,23000,28700,39700,14900,19800,11900,9800,3100
7886,773,20260401,True,198400,45800,24700,29000,39600,14800,19800,11900,9700,3100
7887,773,20260301,False,195800,42400,24800,29800,39500,14800,19800,11900,9700,3100
7888,773,20260201,True,208900,48500,21600,40300,39400,14800,19700,11800,9700,3100
7889,773,20260101,True,207700,44500,23600,41100,39400,14800,19700,11800,9700,3100
7890,773,20251201,True,212700,48500,23600,42400,39300,14700,19600,11800,9700,3100
7891,773,20251101,True,192500,43200,22300,29000,39200,14700,19600,11800,9600,3100
7892,773,20251001,True,199900,47400,27500,27200,39100,14700,19600,11700,9600,3100
7893,773,20250901,True,193300,42600,24200,29000,39000,14600,19500,11700,9600,3100
7894,773,20250801,True,186600,46600,23900,18700,39000,14600,19500,11700,9600,3000
7895,773,20250701,True,180800,41100,24400,18100,38900,14600,19400,11700,9600,3000
7896,773,20250601,True,182700,42000,24100,19700,38800,14600,19400,11600,9500,3000
7897,773,20250501,True,203200,50000,25400,31100,38700,14500,19400,11600,9500,3000
7898,773,20250401,False,192200,44500,22100,29100,38600,14500,19300,11600,9500,3000
7899,773,20250301,False,202000,50500,26300,28700,38600,14500,19300,11600,9500,3000
7900,773,20250201,True,202200,43000,22200,40900,38500,14400,19200,11500,9500,3000
7901,773,20250101,True,214200,51600,24100,42600,38400,14400,19200,11500,9400,3000
7902,773,20241201,True,203200,44500,22800,40100,38300,14400,19200,11500,9400,3000
7903,773,20241101,True,192600,44100,24200,28800,38200,14300,19100,11500,9400,3000
7904,773,20241001,True,192900,46000,23600,27900,38200,14300,19100,11400,9400,3000
7905,773,20240901,True,194500,46700,23800,28800,38100,14300,19000,11400,9400,3000
7906,773,20240801,True,182700,44400,24200,19200,38000,14200,19000,11400,9300,3000
7907,773,20240701,True,180400,39800,23000,22800,37900,14200,19000,11400,9300,3000
7908,773,20240601,True,183700,45100,23400,20600,37800,14200,18900,11400,9300,3000
7909,773,20240501,True,192900,43200,24500,30700,37800,14200,18900,11300,9300,3000
7910,773,20240401,False,188200,41600,24200,28300,37700,14100,18800,11300,9300,2900
7911,773,20240301,True,198000,48000,25900,30200,37600,14100,18800,11300,9200,2900
7912,773,20240201,True,202000,42500,24100,41600,37500,14100,18800,11300,9200,2900
7913,773,20240101,True,204500,47100,23400,40600,37400,14000,18700,11200,9200,2900
7914,773,20231201,True,210300,51400,23200,42300,37400,14000,18700,11200,9200,2900
7915,773,20231101,True,190300,44900,21500,30700,37300,14000,18600,11200,9200,2900
7916,773,20231001,True,190000,45100,25000,27000,37200,13900,18600,11200,9100,2900
7917,773,20230901,True,192100,44200,24900,30300,37100,13900,18600,11100,9100,2900
7918,773,20230801,True,183300,45700,22300,22800,37000,13900,18500,11100,9100,2900
7919,774,20260901,True,149200,23600,13300,13700,40000,15000,20000,12000,8500,3100
7920,774,20260801,True,143000,20500,13600,10400,39900,15000,20000,12000,8500,3100
7921,774,20260701,True,146800,24600,11900,12100,39800,14900,19900,12000,8500,3100
7922,774,20260601,True,147900,25800,12900,11100,39800,14900,19900,11900,8500,3100
7923,774,20260501,True,146200,20800,11200,16300,39700,14900,19800,11900,8500,3100
7924,774,20260401,True,155200,28100,12700,16800,39600,14800,19800,11900,8400,3100
7925,774,20260301,True,147200,24100,12100,13500,39500,14800,19800,11900,8400,3100
7926,774,20260201,False,154000,21200,14100,21500,39400,14800,19700,11800,8400,3100
7927,774,20260101,False,160000,28900,11400,22500,39400,14800,19700,11800,8400,3100
7928,775,20260901,True,197700,46300,24800,26400,40000,15000,20000,12000,7300,5900
7929,776,20260901,True,159100,24500,12400,18400,40000,15000,20000,12000,10400,6400
7930,776,20260801,True,147000,21600,10700,11000,39900,15000,20000,12000,10400,6400
7931,776,20260701,False,153300,23100,12700,14100,39800,14900,19900,12000,10400,6400
7932,776,20260601,True,147400,22400,12100,9700,39800,14900,19900,11900,10400,6300
7933,777,20260901,True,159000,28200,12600,17300,40000,15000,20000,12000,10900,3000
7934,777,20260801,True,151100,24800,13900,11700,39900,15000,20000,12000,10800,3000
7935,777,20260701,True,156200,29600,15800,10400,39800,14900,19900,12000,10800,3000
7936,777,20260601,True,154700,27600,13700,13100,39800,14900,19900,11900,10800,3000
7937,777,20260501,True,152700,23900,12500,16200,39700,14900,19800,11900,10800,3000
7938,777,20260401,True,153900,22400,14100,17600,39600,14800,19800,11900,10700,3000
7939,777,20260301,True,156800,26900,13600,16600,39500,14800,19800,11900,10700,3000
7940,777,20260201,True,160900,24000,14100,23400,39400,14800,19700,11800,10700,3000
7941,777,20260101,True,156700,19600,15700,22000,39400,14800,19700,11800,10700,3000
7942,777,20251201,True,160700,25800,14300,21500,39300,14700,19600,11800,10700,3000
7943,777,20251101,True,149900,25200,12600,13200,39200,14700,19600,11800,10600,3000
7944,777,20251001,True,154200,27300,14000,14200,39100,14700,19600,11700,10600,3000
7945,777,20250901,True,156300,27900,12700,17300,39000,14600,19500,11700,10600,3000
7946,777,20250801,True,146400,24100,12100,11800,39000,14600,19500,11700,10600,3000
7947,777,20250701,True,151100,27600,15500,9900,38900,14600,19400,11700,10600,2900
7948,777,20250601,True,150500,26300,13200,13200,38800,14600,19400,11600,10500,2900
7949,777,20250501,True,157800,27600,15200,17400,38700,14500,19400,11600,10500,2900
7950,777,20250401,True,155800,27400,16200,14800,38600,14500,19300,11600,10500,2900
7951,777,20250301,True,149500,24400,11800,15900,38600,14500,19300,11600,10500,2900
7952,777,20250201,True,160900,25500,14500,24000,38500,14400,19200,11500,10400,2900
7953,777,20250101,True,157900,24100,14700,22300,38400,14400,19200,11500,10400,2900
7954,778,20260901,True,180400,35100,18700,23200,40000,15000,20000,12000,11700,4700
7955,778,20260801,True,171900,35400,20000,13200,39900,15000,20000,12000,11700,4700
7956,778,20260701,True,173700,37800,18400,14500,39800,14900,19900,12000,11700,4700
7957,779,20260901,True,181600,33100,20000,25100,40000,15000,20000,12000,11700,4700
7958,780,20260901,True,172600,35800,17400,19600,40000,15000,20000,12000,7300,5500
7959,780,20260801,True,161600,31900,16200,13800,39900,15000,20000,12000,7300,5500
7960,780,20260701,True,164900,30600,18900,16000,39800,14900,19900,12000,7300,5500
7961,780,20260601,True,164800,33300,19400,12800,39800,14900,19900,11900,7300,5500
7962,780,20260501,True,171100,30900,18500,22600,39700,14900,19800,11900,7300,5500
7963,780,20260401,True,168700,31500,15600,22800,39600,14800,19800,11900,7200,5500
7964,780,20260301,True,169900,34200,15800,21200,39500,14800,19800,11900,7200,5500
7965,780,20260201,True,177400,32900,16500,29700,39400,14800,19700,11800,7200,5400
7966,780,20260101,True,177000,30200,19000,29500,39400,14800,19700,11800,7200,5400
7967,780,20251201,True,178700,34600,16900,29200,39300,14700,19600,11800,7200,5400
7968,780,20251101,True,173200,34100,18100,23100,39200,14700,19600,11800,7200,5400
7969,780,20251001,True,160300,27400,15200,20000,39100,14700,19600,11700,7200,5400
7970,780,20250901,True,170300,34300,16700,22000,39000,14600,19500,11700,7100,5400
7971,780,20250801,True,166200,36100,17700,15100,39000,14600,19500,11700,7100,5400
7972,780,20250701,True,163500,31200,18500,16700,38900,14600,19400,11700,7100,5400
7973,780,20250601,True,165400,32800,19000,16700,38800,14600,19400,11600,7100,5400
7974,780,20250501,True,163900,29200,17500,20600,38700,14500,19400,11600,7100,5300
7975,780,20250401,True,164200,29000,17500,21300,38600,14500,19300,11600,7100,5300
7976,780,20250301,True,167400,32200,17600,21300,38600,14500,19300,11600,7000,5300
7977,780,20250201,True,171800,30900,16200,28800,38500,14400,19200,11500,7000,5300
7978,780,20250101,True,177900,35300,15600,31200,38400,14400,19200,11500,7000,5300
7979,780,20241201,True,170100,30700,14700,29000,38300,14400,19200,11500,7000,5300
7980,780,20241101,True,160000,28700,16700,19200,38200,14300,19100,11500,7000,5300
7981,780,20241001,True,171100,37000,18300,20500,38200,14300,19100,11400,7000,5300
7982,781,20260901,True,156900,26100,12900,13800,40000,15000,20000,12000,11100,6000
7983,782,20260901,True,154400,26000,12400,15800,40000,15000,20000,12000,7300,5900
7984,782,20260801,True,147700,24500,12100,11000,39900,15000,20000,12000,7300,5900
7985,783,20260901,True,163700,28000,18600,19900,40000,15000,20000,12000,6200,4000
7986,784,20260901,False,187300,37100,19100,27300,40000,15000,20000,12000,10400,6400
7987,785,20260901,True,188300,41100,20500,26500,40000,15000,20000,12000,7300,5900
7988,785,20260801,True,181700,40500,21000,20100,39900,15000,20000,12000,7300,5900
7989,785,20260701,True,178500,39400,21100,18200,39800,14900,19900,12000,7300,5900
7990,785,20260601,True,176700,39200,19000,18800,39800,14900,19900,11900,7300,5900
7991,785,20260501,True,191500,43500,20500,28000,39700,14900,19800,11900,7300,5900
7992,785,20260401,True,179200,36000,18600,25400,39600,14800,19800,11900,7200,5900
7993,785,20260301,True,179900,37500,20400,22900,39500,14800,19800,11900,7200,5900
7994,785,20260201,True,197700,40400,20700,37800,39400,14800,19700,11800,7200,5900
7995,785,20260101,True,199400,39900,21900,38800,39400,14800,19700,11800,7200,5900
7996,785,20251201,True,189300,34000,20600,36300,39300,14700,19600,11800,7200,5800
7997,785,20251101,True,182700,38200,19600,26600,39200,14700,19600,11800,7200,5800
7998,785,20251001,True,183300,39200,21700,24300,39100,14700,19600,11700,7200,5800
7999,785,20250901,True,189500,42300,22700,26800,39000,14600,19500,11700,7100,5800
8000,785,20250801,True,178800,43000,20200,17900,39000,14600,19500,11700,7100,5800
8001,786,20260901,True,188900,40300,20000,26800,40000,15000,20000,12000,11400,3400
8002,786,20260801,True,178300,37500,21400,17800,39900,15000,20000,12000,11300,3400
8003,786,20260701,False,176000,37700,20400,16600,39800,14900,19900,12000,11300,3400
8004,786,20260601,True,179300,40500,20500,17100,39800,14900,19900,11900,11300,3400
8005,787,20260901,True,185700,37300,21000,25600,40000,15000,20000,12000,11400,3400
8006,787,20260801,True,171200,33800,17700,18100,39900,15000,20000,12000,11300,3400
8007,787,20260701,True,172700,37700,17400,16300,39800,14900,19900,12000,11300,3400
8008,787,20260601,True,171700,35400,17300,17800,39800,14900,19900,11900,11300,3400
8009,787,20260501,True,172400,31800,20300,19300,39700,14900,19800,11900,11300,3400
8010,787,20260401,True,178300,34000,19400,24200,39600,14800,19800,11900,11200,3400
8011,787,20260301,True,178900,34900,18000,25400,39500,14800,19800,11900,11200,3400
8012,788,20260901,True,164300,28600,14600,16800,40000,15000,20000,12000,10800,6500
8013,789,20260901,True,176800,35000,17700,24300,40000,15000,20000,12000,7300,5500
8014,790,20260901,True,184200,38700,22900,25500,40000,15000,20000,12000,6600,3500
8015,790,20260801,False,174800,38600,21300,18000,39900,15000,20000,12000,6500,3500
8016,790,20260701,True,175800,40800,22100,16300,39800,14900,19900,12000,6500,3500
8017,790,20260601,True,169100,35800,21100,15700,39800,14900,19900,11900,6500,3500
8018,790,20260501,True,184500,40100,20100,28000,39700,14900,19800,11900,6500,3500
8019,791,20260901,True,159000,30300,12800,17100,40000,15000,20000,12000,8000,3800
8020,791,20260801,True,159400,32300,15100,13300,39900,15000,20000,12000,8000,3800
8021,791,20260701,True,150300,25700,12000,14200,39800,14900,19900,12000,8000,3800
8022,791,20260601,False,146800,24400,14500,9600,39800,14900,19900,11900,8000,3800
8023,791,20260501,True,152700,25400,12100,17200,39700,14900,19800,11900,8000,3700
8024,791,20260401,True,157800,27200,13600,19200,39600,14800,19800,11900,8000,3700
8025,791,20260301,True,155600,26600,14100,17300,39500,14800,19800,11900,7900,3700
8026,791,20260201,True,158800,23600,14600,23300,39400,14800,19700,11800,7900,3700
8027,791,20260101,True,158200,24800,13300,22800,39400,14800,19700,11800,7900,3700
8028,791,20251201,True,161200,27800,12200,24200,39300,14700,19600,11800,7900,3700
8029,791,20251101,True,150700,24000,13100,16700,39200,14700,19600,11800,7900,3700
8030,791,20251001,True,152800,25900,14100,16100,39100,14700,19600,11700,7900,3700
8031,791,20250901,True,146000,17300,14000,18400,39000,14600,19500,11700,7800,3700
8032,792,20260901,True,179200,37000,19400,18700,40000,15000,20000,12000,11100,6000
8033,793,20260901,True,173800,35200,17000,19800,40000,15000,20000,12000,11400,3400
8034,794,20260901,True,187500,38900,19500,26500,40000,15000,20000,12000,9900,5700
8035,795,20260901,True,173200,33200,17400,19200,40000,15000,20000,12000,11700,4700
8036,795,20260801,True,163500,29800,15600,14800,39900,15000,20000,12000,11700,4700
8037,796,20260901,True,150600,24000,12900,16500,40000,15000,20000,12000,6200,4000
8038,796,20260801,True,144200,25000,11900,10300,39900,15000,20000,12000,6100,4000
8039,796,20260701,True,144400,24300,12700,10700,39800,14900,19900,12000,6100,4000
8040,796,20260601,True,148800,28500,11900,11800,39800,14900,19900,11900,6100,4000
8041,796,20260501,True,144900,21300,11300,15900,39700,14900,19800,11900,6100,4000
8042,796,20260401,True,152700,27700,12800,16000,39600,14800,19800,11900,6100,4000
8043,796,20260301,True,148200,23500,9800,18900,39500,14800,19800,11900,6100,3900
8044,796,20260201,True,155700,27700,13100,19200,39400,14800,19700,11800,6100,3900
8045,796,20260101,True,155500,24400,14000,21400,39400,14800,19700,11800,6100,3900
8046,796,20251201,True,150000,23100,11200,20400,39300,14700,19600,11800,6000,3900
8047,797,20260901,True,170800,30600,17000,21400,40000,15000,20000,12000,11400,3400
8048,797,20260801,True,179200,40100,19100,18400,39900,15000,20000,12000,11300,3400
8049,797,20260701,True,176200,38300,19000,17600,39800,14900,19900,12000,11300,3400
8050,797,20260601,True,169100,34700,18200,15000,39800,14900,19900,11900,11300,3400
8051,797,20260501,True,178900,35900,19100,22900,39700,14900,19800,11900,11300,3400
8052,797,20260401,True,175400,34500,19400,20800,39600,14800,19800,11900,11200,3400
8053,797,20260301,True,176100,33000,19100,23400,39500,14800,19800,11900,11200,3400
8054,797,20260201,True,189300,37100,17400,34500,39400,14800,19700,11800,11200,3400
8055,797,20260101,True,184900,33200,18300,33100,39400,14800,19700,11800,11200,3400
8056,797,20251201,True,189500,37300,16500,35800,39300,14700,19600,11800,11100,3400
8057,797,20251101,True,181700,39400,20200,22300,39200,14700,19600,11800,11100,3400
8058,797,20251001,True,172700,33700,18100,21300,39100,14700,19600,11700,11100,3400
8059,797,20250901,True,181000,38400,20800,22500,39000,14600,19500,11700,11100,3400
8060,797,20250801,True,168600,35900,18400,15100,39000,14600,19500,11700,11100,3300
8061,797,20250701,True,162800,32100,17300,14500,38900,14600,19400,11700,11000,3300
8062,797,20250601,True,168800,36200,18300,15600,38800,14600,19400,11600,11000,3300
8063,797,20250501,True,177100,36900,17700,24000,38700,14500,19400,11600,11000,3300
8064,797,20250401,True,171600,32600,17600,23100,38600,14500,19300,11600,11000,3300
8065,797,20250301,True,171200,32700,18300,22000,38600,14500,19300,11600,10900,3300
8066,797,20250201,True,181900,33200,18800,32100,38500,14400,19200,11500,10900,3300
8067,797,20250101,True,182800,35700,17700,31700,38400,14400,19200,11500,10900,3300
8068,797,20241201,True,184000,34600,18100,33700,38300,14400,19200,11500,10900,3300
8069,797,20241101,True,180500,40500,18300,24400,38200,14300,19100,11500,10900,3300
8070,797,20241001,True,171200,31300,18600,24200,38200,14300,19100,11400,10800,3300
8071,797,20240901,True,174000,35100,18100,23900,38100,14300,19000,11400,10800,3300
8072,797,20240801,True,165700,34000,19100,15900,38000,14200,19000,11400,10800,3300
8073,797,20240701,True,165300,34500,19300,14900,37900,14200,19000,11400,10800,3300
8074,797,20240601,True,168000,37400,16900,17500,37800,14200,18900,11400,10700,3200
8075,797,20240501,True,176000,38000,17700,24200,37800,14200,18900,11300,10700,3200
8076,797,20240401,True,167300,31400,18700,21400,37700,14100,18800,11300,10700,3200
8077,797,20240301,True,168900,34200,17800,21200,37600,14100,18800,11300,10700,3200
8078,798,20260901,True,170300,32900,16600,20600,40000,15000,20000,12000,7300,5900
8079,799,20260901,True,188100,39400,19600,27300,40000,15000,20000,12000,11400,3400
8080,799,20260801,True,179200,35700,20900,21000,39900,15000,20000,12000,11300,3400
8081,799,20260701,True,181000,43700,19400,16600,39800,14900,19900,12000,11300,3400
8082,799,20260601,True,176700,36300,20900,18300,39800,14900,19900,11900,11300,3400
8083,799,20260501,True,187200,37700,21700,26800,39700,14900,19800,11900,11300,3400
8084,799,20260401,True,188700,42700,19900,25400,39600,14800,19800,11900,11200,3400
8085,799,20260301,False,184400,41000,19500,23300,39500,14800,19800,11900,11200,3400
8086,800,20260901,True,196000,44700,21200,26300,40000,15000,20000,12000,10400,6400
8087,800,20260801,True,187300,42900,21200,19500,39900,15000,20000,12000,10400,6400
8088,800,20260701,True,179700,39400,19100,17800,39800,14900,19900,12000,10400,6400
8089,800,20260601,True,185700,42000,20400,20100,39800,14900,19900,11900,10400,6300
8090,800,20260501,True,196400,41700,22200,29600,39700,14900,19800,11900,10300,6300
8091,800,20260401,True,193300,39800,22700,28100,39600,14800,19800,11900,10300,6300
8092,800,20260301,True,198900,45300,22700,28300,39500,14800,19800,11900,10300,6300
8093,800,20260201,True,198700,36600,24000,35800,39400,14800,19700,11800,10300,6300
8094,800,20260101,True,205500,41000,21500,40700,39400,14800,19700,11800,10300,6300
8095,800,20251201,True,203400,38900,22000,40600,39300,14700,19600,11800,10200,6300
8096,800,20251101,True,195100,43100,21600,28600,39200,14700,19600,11800,10200,6300
8097,800,20251001,True,192500,41200,20600,29200,39100,14700,19600,11700,10200,6200
8098,800,20250901,True,199000,48400,21800,27600,39000,14600,19500,11700,10200,6200
8099,800,20250801,True,189600,45200,23100,20200,39000,14600,19500,11700,10100,6200
8100,801,20260901,False,178600,36300,17400,24700,40000,15000,20000,12000,7300,5900
8101,801,20260801,True,173700,34900,20300,18400,39900,15000,20000,12000,7300,5900
8102,801,20260701,True,180700,43200,21000,16700,39800,14900,19900,12000,7300,5900
8103,801,20260601,True,175700,36900,19000,20100,39800,14900,19900,11900,7300,5900
8104,801,20260501,True,182100,37600,21700,23300,39700,14900,19800,11900,7300,5900
8105,801,20260401,True,183300,38000,18900,27200,39600,14800,19800,11900,7200,5900
8106,801,20260301,True,177100,33100,20500,24400,39500,14800,19800,11900,7200,5900
8107,801,20260201,True,190700,38800,18200,34900,39400,14800,19700,11800,7200,5900
8108,802,20260901,True,179300,37200,18900,23000,40000,15000,20000,12000,7300,5900
8109,803,20260901,True,209100,51700,25400,31800,40000,15000,20000,12000,7300,5900
8110,804,20260901,True,186900,40000,21900,26400,40000,15000,20000,12000,8500,3100
8111,804,20260801,True,175100,39000,20800,16800,39900,15000,20000,12000,8500,3100
8112,804,20260701,True,177200,41200,21000,16800,39800,14900,19900,12000,8500,3100
8113,804,20260601,True,179600,42500,22400,16600,39800,14900,19900,11900,8500,3100
8114,804,20260501,True,185700,40500,20200,27100,39700,14900,19800,11900,8500,3100
8115,805,20260901,True,202000,42100,24100,32400,40000,15000,20000,12000,11700,4700
8116,805,20260801,True,193300,45000,24300,20700,39900,15000,20000,12000,11700,4700
8117,805,20260701,True,192800,45000,26300,18500,39800,14900,19900,12000,11700,4700
8118,805,20260601,True,196800,46300,23400,24200,39800,14900,19900,11900,11700,4700
8119,806,20260901,True,181800,35700,19600,22400,40000,15000,20000,12000,11100,6000
8120,806,20260801,True,183600,42500,21200,15900,39900,15000,20000,12000,11100,6000
8121,806,20260701,True,175600,37800,17900,16300,39800,14900,19900,12000,11000,6000
8122,807,20260901,True,147600,23600,9700,15500,40000,15000,20000,12000,8000,3800
8123,807,20260801,True,142800,24500,10600,9000,39900,15000,20000,12000,8000,3800
8124,807,20260701,True,143000,23900,9900,10800,39800,14900,19900,12000,8000,3800
8125,807,20260601,True,148300,25400,10800,13800,39800,14900,19900,11900,8000,3800
8126,807,20260501,True,143800,20600,10900,14300,39700,14900,19800,11900,8000,3700
8127,807,20260401,True,144600,21600,8900,16300,39600,14800,19800,11900,8000,3700
8128,807,20260301,True,146700,20200,12600,16300,39500,14800,19800,11900,7900,3700
8129,807,20260201,True,150800,22600,13200,17700,39400,14800,19700,11800,7900,3700
8130,807,20260101,True,149500,19300,12100,20800,39400,14800,19700,11800,7900,3700
8131,807,20251201,True,152900,22600,10800,22500,39300,14700,19600,11800,7900,3700
8132,807,20251101,True,145300,21200,12800,14400,39200,14700,19600,11800,7900,3700
8133,807,20251001,True,145700,20800,13200,15000,39100,14700,19600,11700,7900,3700
8134,807,20250901,True,142200,22300,9800,13800,39000,14600,19500,11700,7800,3700
8135,807,20250801,True,137600,19800,10200,11300,39000,14600,19500,11700,7800,3700
8136,807,20250701,True,138800,20700,13300,8700,38900,14600,19400,11700,7800,3700
8137,807,20250601,True,143600,22400,13000,12300,38800,14600,19400,11600,7800,3700
8138,807,20250501,True,142100,22000,11700,12700,38700,14500,19400,11600,7800,3700
8139,807,20250401,True,144600,21700,13000,14500,38600,14500,19300,11600,7800,3600
8140,807,20250301,True,150500,29200,11900,14000,38600,14500,19300,11600,7800,3600
8141,807,20250201,True,144100,18400,11400,19400,38500,14400,19200,11500,7700,3600
8142,807,20250101,True,150300,23300,12800,19400,38400,14400,19200,11500,7700,3600
8143,807,20241201,True,149500,22600,11500,20700,38300,14400,19200,11500,7700,3600
8144,807,20241101,True,146800,24600,12100,15700,38200,14300,19100,11500,7700,3600
8145,807,20241001,True,145200,23000,11700,16200,38200,14300,19100,11400,7700,3600
8146,807,20240901,True,144900,24500,12600,13700,38100,14300,19000,11400,7700,3600
8147,807,20240801,True,138100,23800,9600,10900,38000,14200,19000,11400,7600,3600
8148,807,20240701,True,136100,20900,11600,9900,37900,14200,19000,11400,7600,3600
8149,807,20240601,True,135400,19700,11700,10500,37800,14200,18900,11400,7600,3600
8150,807,20240501,True,140800,19700,11500,16200,37800,14200,18900,11300,7600,3600
8151,807,20240401,True,140800,22600,11900,13200,37700,14100,18800,11300,7600,3600
8152,808,20260901,False,188100,39700,20900,28900,40000,15000,20000,12000,8500,3100
8153,809,20260901,True,156000,24800,13500,16800,40000,15000,20000,12000,10900,3000
8154,809,20260801,True,150600,27600,10300,12000,39900,15000,20000,12000,10800,3000
8155,809,20260701,False,145600,20000,13600,11600,39800,14900,19900,12000,10800,3000
8156,809,20260601,True,144000,23100,11200,9400,39800,14900,19900,11900,10800,3000
8157,810,20260901,True,201600,46800,24600,30300,40000,15000,20000,12000,9800,3100
8158,810,20260801,True,195400,50400,24400,20800,39900,15000,20000,12000,9800,3100
8159,810,20260701,True,191100,48600,23200,19800,39800,14900,19900,12000,9800,3100
8160,810,20260601,True,191800,46100,25400,20900,39800,14900,19900,11900,9800,3100
8161,810,20260501,True,197700,49400,22100,27000,39700,14900,19800,11900,9800,3100
8162,810,20260401,True,203500,50100,21900,32600,39600,14800,19800,11900,9700,3100
8163,810,20260301,True,196100,45700,23800,27800,39500,14800,19800,11900,9700,3100
8164,810,20260201,True,205800,43200,24100,40000,39400,14800,19700,11800,9700,3100
8165,810,20260101,True,209100,45300,23400,41900,39400,14800,19700,11800,9700,3100
8166,810,20251201,True,210800,47600,24000,41000,39300,14700,19600,11800,9700,3100
8167,810,20251101,True,202200,49200,26400,28600,39200,14700,19600,11800,9600,3100
8168,810,20251001,True,191300,44000,21300,28200,39100,14700,19600,11700,9600,3100
8169,810,20250901,True,198600,47200,23800,30100,39000,14600,19500,11700,9600,3100
8170,810,20250801,True,188100,48600,22000,20100,39000,14600,19500,11700,9600,3000
8171,810,20250701,True,183700,45300,22000,19200,38900,14600,19400,11700,9600,3000
8172,810,20250601,True,188000,47100,23900,20100,38800,14600,19400,11600,9500,3000
8173,810,20250501,True,192900,43800,23700,28700,38700,14500,19400,11600,9500,3000
8174,811,20260901,True,145100,19700,11900,14700,40000,15000,20000,12000,8000,3800
8175,811,20260801,True,144900,24700,11400,10100,39900,15000,20000,12000,8000,3800
8176,811,20260701,True,146100,25300,12600,9800,39800,14900,19900,12000,8000,3800
8177,811,20260601,True,140800,22800,10200,9500,39800,14900,19900,11900,8000,3800
8178,811,20260501,True,145700,23300,12700,11700,39700,14900,19800,11900,8000,3700
8179,811,20260401,True,150600,25500,13400,13900,39600,14800,19800,11900,8000,3700
8180,811,20260301,False,153200,26000,11800,17800,39500,14800,19800,11900,7900,3700
8181,811,20260201,True,152800,22000,12000,21500,39400,14800,19700,11800,7900,3700
8182,811,20260101,True,150600,23900,10700,18700,39400,14800,19700,11800,7900,3700
8183,811,20251201,True,153100,24500,10700,20900,39300,14700,19600,11800,7900,3700
8184,811,20251101,True,148700,24000,9800,18000,39200,14700,19600,11800,7900,3700
8185,811,20251001,True,143000,21100,11600,13600,39100,14700,19600,11700,7900,3700
8186,811,20250901,True,145100,25400,10800,12600,39000,14600,19500,11700,7800,3700
8187,811,20250801,True,143100,23500,9900,13400,39000,14600,19500,11700,7800,3700
8188,811,20250701,False,142100,25300,10800,9900,38900,14600,19400,11700,7800,3700
8189,811,20250601,True,139600,23900,11400,8400,38800,14600,19400,11600,7800,3700
8190,812,20260901,True,178800,35800,18200,21000,40000,15000,20000,12000,10400,6400
8191,813,20260901,True,170100,30000,18600,19700,40000,15000,20000,12000,11400,3400
8192,814,20260901,True,181100,36300,18800,23400,40000,15000,20000,12000,9900,5700
8193,814,20260801,True,170400,35500,17800,14600,39900,15000,20000,12000,9900,5700
8194,814,20260701,True,175400,34900,20200,18100,39800,14900,19900,12000,9900,5700
8195,814,20260601,True,171300,35700,19000,14600,39800,14900,19900,11900,9800,5700
8196,814,20260501,True,180400,34400,18300,25900,39700,14900,19800,11900,9800,5700
8197,814,20260401,True,189400,41400,19400,27000,39600,14800,19800,11900,9800,5700
8198,814,20260301,True,180300,37000,16400,25400,39500,14800,19800,11900,9800,5700
8199,814,20260201,True,187700,34700,19700,32200,39400,14800,19700,11800,9800,5600
8200,814,20260101,False,188100,31900,19300,35900,39400,14800,19700,11800,9700,5600
8201,814,20251201,True,189800,35000,18700,35400,39300,14700,19600,11800,9700,5600
8202,814,20251101,True,181600,37600,19200,24200,39200,14700,19600,11800,9700,5600
8203,814,20251001,True,174400,33900,19200,20900,39100,14700,19600,11700,9700,5600
8204,814,20250901,True,175600,37600,16800,21100,39000,14600,19500,11700,9700,5600
8205,814,20250801,True,172900,35600,20300,17000,39000,14600,19500,11700,9600,5600
8206,814,20250701,True,172000,37800,18600,15800,38900,14600,19400,11700,9600,5600
8207,814,20250601,True,168900,34600,18700,16000,38800,14600,19400,11600,9600,5600
8208,814,20250501,True,179800,39200,19300,22000,38700,14500,19400,11600,9600,5500
8209,814,20250401,True,174400,35300,18800,21200,38600,14500,19300,11600,9600,5500
8210,814,20250301,True,177000,36200,20500,21300,38600,14500,19300,11600,9500,5500
8211,814,20250201,True,185100,34300,18200,34000,38500,14400,19200,11500,9500,5500
8212,814,20250101,True,181700,33200,18600,31400,38400,14400,19200,11500,9500,5500
8213,814,20241201,True,189000,35600,20700,34300,38300,14400,19200,11500,9500,5500
8214,814,20241101,True,177700,34300,20000,25300,38200,14300,19100,11500,9500,5500
8215,814,20241001,True,176300,34600,19800,24000,38200,14300,19100,11400,9400,5500
8216,814,20240901,False,175900,35000,18000,25300,38100,14300,19000,11400,9400,5400
8217,814,20240801,True,169400,35700,19000,17300,38000,14200,19000,11400,9400,5400
8218,814,20240701,True,170100,38400,17200,17200,37900,14200,19000,11400,9400,5400
8219,814,20240601,True,168400,36600,17600,17100,37800,14200,18900,11400,9400,5400
8220,814,20240501,True,175500,37000,18900,22700,37800,14200,18900,11300,9300,5400
8221,814,20240401,True,176100,37700,19900,21900,37700,14100,18800,11300,9300,5400
8222,815,20260901,True,183200,40900,21800,23400,40000,15000,20000,12000,6600,3500
8223,816,20260901,True,180400,39600,18200,23800,40000,15000,20000,12000,7700,4100
8224,816,20260801,True,171200,37100,20200,15300,39900,15000,20000,12000,7600,4100
8225,816,20260701,True,173400,38200,19100,17800,39800,14900,19900,12000,7600,4100
8226,816,20260601,True,170200,35400,18800,17800,39800,14900,19900,11900,7600,4100
8227,816,20260501,True,175900,32000,21200,24700,39700,14900,19800,11900,7600,4100
8228,816,20260401,True,174300,34500,18000,24000,39600,14800,19800,11900,7600,4100
8229,816,20260301,True,186400,41600,21400,25700,39500,14800,19800,11900,7600,4100
8230,816,20260201,True,187300,35000,19400,35600,39400,14800,19700,11800,7500,4100
8231,816,20260101,True,189500,38600,18100,35500,39400,14800,19700,11800,7500,4100
8232,816,20251201,True,183800,35200,18400,33300,39300,14700,19600,11800,7500,4000
8233,817,20260901,True,148200,24200,10100,15100,40000,15000,20000,12000,8000,3800
8234,817,20260801,True,140000,20600,12100,8600,39900,15000,20000,12000,8000,3800
8235,818,20260901,True,158100,28800,13800,16900,40000,15000,20000,12000,8500,3100
8236,818,20260801,True,149100,24200,14100,12300,39900,15000,20000,12000,8500,3100
8237,818,20260701,True,149900,29400,12600,9700,39800,14900,19900,12000,8500,3100
8238,818,20260601,True,151400,24700,15200,13400,39800,14900,19900,11900,8500,3100
8239,818,20260501,True,152300,24500,13800,16100,39700,14900,19800,11900,8500,3100
8240,818,20260401,True,159900,27800,16300,18200,39600,14800,19800,11900,8400,3100
8241,818,20260301,False,155000,25400,12800,19300,39500,14800,19800,11900,8400,3100
8242,818,20260201,True,164600,27800,15100,24500,39400,14800,19700,11800,8400,3100
8243,818,20260101,True,162300,29100,13300,22700,39400,14800,19700,11800,8400,3100
8244,818,20251201,True,155500,26100,12200,20300,39300,14700,19600,11800,8400,3100
8245,818,20251101,True,156500,28600,13800,17300,39200,14700,19600,11800,8400,3100
8246,818,20251001,True,152600,24500,14100,17500,39100,14700,19600,11700,8300,3100
8247,818,20250901,True,154000,27000,13000,17800,39000,14600,19500,11700,8300,3100
8248,818,20250801,True,152000,27900,15400,12500,39000,14600,19500,11700,8300,3100
8249,818,20250701,True,143500,24600,11800,11100,38900,14600,19400,11700,8300,3100
8250,818,20250601,True,141400,20500,12300,12800,38800,14600,19400,11600,8300,3100
8251,818,20250501,True,156900,31500,14300,15600,38700,14500,19400,11600,8300,3000
8252,818,20250401,True,145500,21700,12000,16600,38600,14500,19300,11600,8200,3000
8253,818,20250301,True,146400,20200,13300,17700,38600,14500,19300,11600,8200,3000
8254,818,20250201,True,157700,26200,12800,23900,38500,14400,19200,11500,8200,3000
8255,818,20250101,True,158900,24400,16400,23400,38400,14400,19200,11500,8200,3000
8256,818,20241201,True,156400,26600,13700,21500,38300,14400,19200,11500,8200,3000
8257,818,20241101,True,152300,24500,14000,19500,38200,14300,19100,11500,8200,3000
8258,818,20241001,True,146000,22700,14300,14900,38200,14300,19100,11400,8100,3000
8259,818,20240901,True,148300,24200,13300,16900,38100,14300,19000,11400,8100,3000
8260,818,20240801,True,147200,24700,14400,14400,38000,14200,19000,11400,8100,3000
8261,818,20240701,True,145000,23600,14100,13700,37900,14200,19000,11400,8100,3000
8262,818,20240601,True,150900,29900,12800,14800,37800,14200,18900,11400,8100,3000
8263,819,20260901,True,187900,37200,21400,25200,40000,15000,20000,12000,11100,6000
8264,819,20260801,True,184000,41000,20400,18600,39900,15000,20000,12000,11100,6000
8265,819,20260701,True,175300,38500,18600,14600,39800,14900,19900,12000,11000,6000
8266,819,20260601,True,179700,39000,19500,17700,39800,14900,19900,11900,11000,6000
8267,819,20260501,True,183100,36400,18400,25000,39700,14900,19800,11900,11000,6000
8268,819,20260401,False,181500,35500,19100,23800,39600,14800,19800,11900,11000,6000
8269,819,20260301,True,186100,35300,20500,27400,39500,14800,19800,11900,11000,5900
8270,819,20260201,True,199500,40500,19600,36900,39400,14800,19700,11800,10900,5900
8271,819,20260101,True,195800,38300,21800,33200,39400,14800,19700,11800,10900,5900
8272,820,20260901,True,152000,22900,13600,16700,40000,15000,20000,12000,8000,3800
8273,821,20260901,True,169100,31300,14600,19400,40000,15000,20000,12000,10400,6400
8274,821,20260801,True,165400,29000,15200,17500,39900,15000,20000,12000,10400,6400
8275,821,20260701,True,158700,27300,14200,13800,39800,14900,19900,12000,10400,6400
8276,821,20260601,True,160900,30200,14200,13300,39800,14900,19900,11900,10400,6300
8277,821,20260501,False,166100,27400,17100,18700,39700,14900,19800,11900,10300,6300
8278,821,20260401,True,164000,29100,14600,17600,39600,14800,19800,11900,10300,6300
8279,821,20260301,True,173600,35300,16700,19000,39500,14800,19800,11900,10300,6300
8280,821,20260201,True,172900,27800,16500,26300,39400,14800,19700,11800,10300,6300
8281,821,20260101,True,176300,30900,14800,28300,39400,14800,19700,11800,10300,6300
8282,821,20251201,True,172400,26900,16200,27400,39300,14700,19600,11800,10200,6300
8283,821,20251101,False,166800,28200,16600,20200,39200,14700,19600,11800,10200,6300
8284,821,20251001,True,167700,31200,14800,20200,39100,14700,19600,11700,10200,6200
8285,821,20250901,True,165600,29300,13700,21400,39000,14600,19500,11700,10200,6200
8286,821,20250801,True,160800,31200,15500,13000,39000,14600,19500,11700,10100,6200
8287,821,20250701,True,156400,25600,17100,12800,38900,14600,19400,11700,10100,6200
8288,821,20250601,True,154500,23100,17100,13600,38800,14600,19400,11600,10100,6200
8289,821,20250501,True,169900,30600,18500,20300,38700,14500,19400,11600,10100,6200
8290,821,20250401,True,164400,28200,14100,21800,38600,14500,19300,11600,10100,6200
8291,821,20250301,True,166600,33300,14500,18600,38600,14500,19300,11600,10000,6200
8292,821,20250201,True,172700,31200,16800,25000,38500,14400,19200,11500,10000,6100
8293,821,20250101,True,176600,35000,15400,26600,38400,14400,19200,11500,10000,6100
8294,821,20241201,True,173600,31000,15500,27600,38300,14400,19200,11500,10000,6100
8295,821,20241101,True,164800,29800,16100,19700,38200,14300,19100,11500,10000,6100
8296,821,20241001,True,157400,24900,14800,18700,38200,14300,19100,11400,9900,6100
8297,822,20260901,True,168400,28900,17600,22100,40000,15000,20000,12000,7300,5500
8298,823,20260901,True,189000,40900,24400,26500,40000,15000,20000,12000,6200,4000
8299,823,20260801,True,179100,41900,22100,18100,39900,15000,20000,12000,6100,4000
8300,823,20260701,True,179800,42600,21100,19400,39800,14900,19900,12000,6100,4000
8301,823,20260601,True,181100,41600,22700,20200,39800,14900,19900,11900,6100,4000
8302,823,20260501,True,190300,42100,23400,28400,39700,14900,19800,11900,6100,4000
8303,823,20260401,True,184900,39900,22200,26600,39600,14800,19800,11900,6100,4000
8304,823,20260301,True,183200,36700,22400,28100,39500,14800,19800,11900,6100,3900
8305,823,20260201,True,199100,44400,22600,36400,39400,14800,19700,11800,6100,3900
8306,824,20260901,True,152500,23100,11900,14100,40000,15000,20000,12000,11700,4700
8307,824,20260801,True,150500,25300,11500,10400,39900,15000,20000,12000,11700,4700
8308,824,20260701,True,151700,23100,11700,13900,39800,14900,19900,12000,11700,4700
8309,824,20260601,True,148100,23100,14100,8000,39800,14900,19900,11900,11700,4700
8310,825,20260901,True,150900,20900,15500,15700,40000,15000,20000,12000,8000,3800
8311,825,20260801,True,151300,25500,12200,14900,39900,15000,20000,12000,8000,3800
8312,825,20260701,True,147200,23900,10300,14600,39800,14900,19900,12000,8000,3800
8313,825,20260601,True,150500,27300,14900,10000,39800,14900,19900,11900,8000,3800
8314,825,20260501,True,152200,24100,13700,16400,39700,14900,19800,11900,8000,3700
8315,825,20260401,True,152800,26500,14100,14400,39600,14800,19800,11900,8000,3700
8316,825,20260301,True,155900,29400,13500,15400,39500,14800,19800,11900,7900,3700
8317,825,20260201,True,164400,30200,13200,23700,39400,14800,19700,11800,7900,3700
8318,825,20260101,True,163700,26200,14500,25700,39400,14800,19700,11800,7900,3700
8319,826,20260901,True,165800,26300,14600,20600,40000,15000,20000,12000,10800,6500
8320,826,20260801,True,158100,26500,15300,12100,39900,15000,20000,12000,10800,6500
8321,826,20260701,True,160400,29900,13700,12900,39800,14900,19900,12000,10800,6500
8322,826,20260601,True,159500,28300,15600,11800,39800,14900,19900,11900,10800,6500
8323,826,20260501,True,163300,27900,13700,18300,39700,14900,19800,11900,10700,6400
8324,826,20260401,True,166200,27800,15600,19600,39600,14800,19800,11900,10700,6400
8325,826,20260301,True,165800,25800,17900,19000,39500,14800,19800,11900,10700,6400
8326,826,20260201,True,171900,27900,14900,26300,39400,14800,19700,11800,10700,6400
8327,826,20260101,True,168600,24600,15000,26200,39400,14800,19700,11800,10700,6400
8328,826,20251201,True,171500,26200,15000,27900,39300,14700,19600,11800,10600,6400
8329,826,20251101,True,172100,32800,14900,22100,39200,14700,19600,11800,10600,6400
8330,826,20251001,True,162400,24400,16000,20000,39100,14700,19600,11700,10600,6300
8331,826,20250901,True,164600,26400,15100,21400,39000,14600,19500,11700,10600,6300
8332,826,20250801,True,163200,26800,18100,16600,39000,14600,19500,11700,10600,6300
8333,826,20250701,True,161600,28900,17100,14200,38900,14600,19400,11700,10500,6300
8334,826,20250601,True,156200,29100,13800,12100,38800,14600,19400,11600,10500,6300
8335,826,20250501,True,162400,28600,15300,17500,38700,14500,19400,11600,10500,6300
8336,826,20250401,True,164300,29900,14500,19100,38600,14500,19300,11600,10500,6300
8337,826,20250301,True,167700,29000,16000,22000,38600,14500,19300,11600,10400,6300
8338,826,20250201,True,166400,24900,14700,26600,38500,14400,19200,11500,10400,6200
8339,826,20250101,True,168500,28800,13900,25700,38400,14400,19200,11500,10400,6200
8340,826,20241201,True,170900,30600,12300,28000,38300,14400,19200,11500,10400,6200
8341,826,20241101,True,161100,31500,13700,16200,38200,14300,19100,11500,10400,6200
8342,826,20241001,True,163900,31600,14800,18000,38200,14300,19100,11400,10300,6200
8343,826,20240901,True,164500,28400,14200,22600,38100,14300,19000,11400,10300,6200
8344,826,20240801,True,156200,28900,16700,11500,38000,14200,19000,11400,10300,6200
8345,826,20240701,False,158700,33500,13500,12700,37900,14200,19000,11400,10300,6200
8346,827,20260901,True,146300,20700,9800,13200,40000,15000,20000,12000,9900,5700
8347,827,20260801,True,147900,25000,10100,10300,39900,15000,20000,12000,9900,5700
8348,828,20260901,True,179500,35800,16400,23200,40000,15000,20000,12000,11100,6000
8349,829,20260901,True,171800,30200,18200,22500,40000,15000,20000,12000,10900,3000
8350,829,20260801,True,172100,35400,17800,18200,39900,15000,20000,12000,10800,3000
8351,829,20260701,True,171500,35600,19700,15800,39800,14900,19900,12000,10800,3000
8352,829,20260601,True,164600,28300,20100,15900,39800,14900,19900,11900,10800,3000
8353,829,20260501,True,173500,33600,18700,21100,39700,14900,19800,11900,10800,3000
8354,829,20260401,True,176100,32800,19800,23700,39600,14800,19800,11900,10700,3000
8355,829,20260301,True,174800,31700,19600,23800,39500,14800,19800,11900,10700,3000
8356,829,20260201,False,183700,31900,18600,33800,39400,14800,19700,11800,10700,3000
8357,829,20260101,True,181300,33400,16900,31600,39400,14800,19700,11800,10700,3000
8358,829,20251201,True,181100,35100,17200,29700,39300,14700,19600,11800,10700,3000
8359,829,20251101,True,171500,31700,17500,23400,39200,14700,19600,11800,10600,3000
8360,829,20251001,True,171900,32900,17900,22400,39100,14700,19600,11700,10600,3000
8361,829,20250901,True,172100,33500,16700,23500,39000,14600,19500,11700,10600,3000
8362,829,20250801,True,165300,31000,19400,16500,39000,14600,19500,11700,10600,3000
8363,829,20250701,False,164300,33300,17600,15300,38900,14600,19400,11700,10600,2900
8364,829,20250601,True,167000,34600,17900,16700,38800,14600,19400,11600,10500,2900
8365,829,20250501,True,170400,34500,15800,22500,38700,14500,19400,11600,10500,2900
8366,829,20250401,True,173600,36500,17700,22000,38600,14500,19300,11600,10500,2900
8367,829,20250301,True,166800,29600,17900,21900,38600,14500,19300,11600,10500,2900
8368,829,20250201,True,177400,32300,17600,30600,38500,14400,19200,11500,10400,2900
8369,829,20250101,True,175700,31100,17000,30800,38400,14400,19200,11500,10400,2900
8370,829,20241201,True,182700,36400,18600,31000,38300,14400,19200,11500,10400,2900
8371,829,20241101,True,170300,34500,17600,21800,38200,14300,19100,11500,10400,2900
8372,829,20241001,True,167700,33000,15500,22900,38200,14300,19100,11400,10400,2900
8373,829,20240901,True,169100,33800,16400,22900,38100,14300,19000,11400,10300,2900
8374,829,20240801,True,160300,34900,17000,12600,38000,14200,19000,11400,10300,2900
8375,830,20260901,True,195700,42100,23000,26300,40000,15000,20000,12000,10800,6500
8376,831,20260901,True,144800,19400,11300,17000,40000,15000,20000,12000,6600,3500
8377,831,20260801,False,140000,22700,8900,11500,39900,15000,20000,12000,6500,3500
8378,831,20260701,True,139400,22900,11400,8500,39800,14900,19900,12000,6500,3500
8379,832,20260901,True,140200,18200,10500,12700,40000,15000,20000,12000,7700,4100
8380,833,20260901,True,177900,34500,18400,24100,40000,15000,20000,12000,10900,3000
8381,833,20260801,True,172800,37800,18500,15800,39900,15000,20000,12000,10800,3000
8382,833,20260701,True,171000,33000,20600,17000,39800,14900,19900,12000,10800,3000
8383,833,20260601,True,174500,39800,18500,15900,39800,14900,19900,11900,10800,3000
8384,833,20260501,True,170100,30800,17000,22200,39700,14900,19800,11900,10800,3000
8385,833,20260401,True,174700,33500,17800,23600,39600,14800,19800,11900,10700,3000
8386,833,20260301,True,180900,39600,17900,23700,39500,14800,19800,11900,10700,3000
8387,833,20260201,True,186300,37600,18100,31200,39400,14800,19700,11800,10700,3000
8388,833,20260101,True,185800,36000,18500,31900,39400,14800,19700,11800,10700,3000
8389,833,20251201,True,186500,35200,19900,32300,39300,14700,19600,11800,10700,3000
8390,833,20251101,True,176400,31700,17700,28100,39200,14700,19600,11800,10600,3000
8391,833,20251001,True,176600,35100,19300,23500,39100,14700,19600,11700,10600,3000
8392,833,20250901,True,174000,32800,19800,23000,39000,14600,19500,11700,10600,3000
8393,833,20250801,True,174100,38900,18900,17900,39000,14600,19500,11700,10600,3000
8394,833,20250701,True,168900,35100,17700,18000,38900,14600,19400,11700,10600,2900
8395,833,20250601,True,163700,32100,20300,13500,38800,14600,19400,11600,10500,2900
8396,833,20250501,True,177500,37000,18500,24400,38700,14500,19400,11600,10500,2900
8397,833,20250401,True,178700,37500,18500,25300,38600,14500,19300,11600,10500,2900
8398,833,20250301,True,178600,38400,18900,23900,38600,14500,19300,11600,10500,2900
8399,833,20250201,True,189700,40000,20800,32000,38500,14400,19200,11500,10400,2900
8400,833,20250101,True,178900,34200,18600,29300,38400,14400,19200,11500,10400,2900
8401,833,20241201,True,187400,37900,19600,33200,38300,14400,19200,11500,10400,2900
8402,833,20241101,True,180100,35600,21400,26700,38200,14300,19100,11500,10400,2900
8403,833,20241001,True,176500,39300,17400,23500,38200,14300,19100,11400,10400,2900
8404,833,20240901,True,171900,36100,17800,22000,38100,14300,19000,11400,10300,2900
8405,833,20240801,True,165100,36100,18700,14500,38000,14200,19000,11400,10300,2900
8406,833,20240701,True,169000,34800,21100,17400,37900,14200,19000,11400,10300,2900
8407,833,20240601,True,168900,38900,18700,15800,37800,14200,18900,11400,10300,2900
8408,833,20240501,True,177700,36800,21500,24100,37800,14200,18900,11300,10200,2900
8409,833,20240401,True,171200,37200,17100,21900,37700,14100,18800,11300,10200,2900
8410,833,20240301,True,171500,35600,17300,23700,37600,14100,18800,11300,10200,2900
8411,833,20240201,True,184000,37900,19000,32400,37500,14100,18800,11300,10200,2800
8412,833,20240101,True,181500,35300,18300,33600,37400,14000,18700,11200,10200,2800
8413,833,20231201,True,181800,37100,18600,31900,37400,14000,18700,11200,10100,2800
8414,833,20231101,True,173700,39100,19000,21600,37300,14000,18600,11200,10100,2800
8415,833,20231001,True,172300,33800,19500,25200,37200,13900,18600,11200,10100,2800
8416,833,20230901,True,166400,35400,16700,20700,37100,13900,18600,11100,10100,2800
8417,833,20230801,True,162900,33500,20200,15800,37000,13900,18500,11100,10100,2800
8418,833,20230701,True,162900,35500,18100,16000,37000,13900,18500,11100,10000,2800
8419,833,20230601,True,170300,40900,19300,17100,36900,13800,18400,11100,10000,2800
8420,833,20230501,True,172300,35300,19100,25100,36800,13800,18400,11000,10000,2800
8421,833,20230401,True,169800,38500,17200,21400,36700,13800,18400,11000,10000,2800
8422,833,20230301,True,168300,34300,17800,23900,36600,13700,18300,11000,9900,2800
8423,833,20230201,True,176200,32300,18400,33200,36600,13700,18300,11000,9900,2800
8424,833,20230101,True,180000,36700,18200,33100,36500,13700,18200,10900,9900,2800
8425,833,20221201,True,178500,34100,18900,33700,36400,13600,18200,10900,9900,2800
8426,833,20221101,True,166100,33200,18300,22900,36300,13600,18200,10900,9900,2800
8427,834,20260901,True,174500,32900,18400,23400,40000,15000,20000,12000,7300,5500
8428,834,20260801,True,166700,33100,17300,16600,39900,15000,20000,12000,7300,5500
8429,834,20260701,True,171200,37900,18400,15500,39800,14900,19900,12000,7300,5500
8430,834,20260601,True,170700,36600,19800,15000,39800,14900,19900,11900,7300,5500
8431,834,20260501,True,172600,33300,17500,22700,39700,14900,19800,11900,7300,5500
8432,834,20260401,True,181100,38700,18900,24700,39600,14800,19800,11900,7200,5500
8433,834,20260301,True,174800,33500,19800,22800,39500,14800,19800,11900,7200,5500
8434,834,20260201,True,187100,36200,17500,35100,39400,14800,19700,11800,7200,5400
8435,834,20260101,True,188000,37900,17400,34400,39400,14800,19700,11800,7200,5400
8436,834,20251201,False,188800,36900,18700,35200,39300,14700,19600,11800,7200,5400
8437,834,20251101,True,176900,37800,19600,21600,39200,14700,19600,11800,7200,5400
8438,834,20251001,True,171900,36200,16000,22000,39100,14700,19600,11700,7200,5400
8439,834,20250901,True,173800,34500,18400,23600,39000,14600,19500,11700,7100,5400
8440,834,20250801,True,167800,36700,18100,15700,39000,14600,19500,11700,7100,5400
8441,834,20250701,True,166900,33000,18200,18600,38900,14600,19400,11700,7100,5400
8442,835,20260901,True,180200,36500,17400,22900,40000,15000,20000,12000,11700,4700
8443,835,20260801,True,170800,35300,16700,15500,39900,15000,20000,12000,11700,4700
8444,835,20260701,True,174600,36900,19200,15500,39800,14900,19900,12000,11700,4700
8445,836,20260901,True,142500,20600,10300,12800,40000,15000,20000,12000,8000,3800
8446,836,20260801,True,136900,19700,9400,9100,39900,15000,20000,12000,8000,3800
8447,836,20260701,True,138800,19600,10800,10000,39800,14900,19900,12000,8000,3800
8448,836,20260601,True,138200,22200,9200,8500,39800,14900,19900,11900,8000,3800
8449,836,20260501,True,147500,22300,12600,14600,39700,14900,19800,11900,8000,3700
8450,837,20260901,True,202200,46400,25900,29000,40000,15000,20000,12000,10900,3000
8451,837,20260801,True,190300,46200,24400,19000,39900,15000,20000,12000,10800,3000
8452,837,20260701,True,189800,46100,21400,21900,39800,14900,19900,12000,10800,3000
8453,837,20260601,True,190400,47000,23800,19300,39800,14900,19900,11900,10800,3000
8454,837,20260501,True,194300,42000,24300,27900,39700,14900,19800,11900,10800,3000
8455,838,20260901,True,184100,39300,18200,25700,40000,15000,20000,12000,10900,3000
8456,838,20260801,True,174100,38200,17900,17300,39900,15000,20000,12000,10800,3000
8457,838,20260701,True,170200,36700,17600,15500,39800,14900,19900,12000,10800,3000
8458,838,20260601,True,177400,36300,20500,20300,39800,14900,19900,11900,10800,3000
8459,838,20260501,False,179500,36600,19000,23800,39700,14900,19800,11900,10800,3000
8460,838,20260401,True,183400,36100,19700,27800,39600,14800,19800,11900,10700,3000
8461,839,20260901,True,151900,26100,12400,14600,40000,15000,20000,12000,8000,3800
8462,839,20260801,True,139600,22700,9400,8800,39900,15000,20000,12000,8000,3800
8463,839,20260701,True,142400,21900,11700,10400,39800,14900,19900,12000,8000,3800
8464,839,20260601,True,142700,23400,11900,9100,39800,14900,19900,11900,8000,3800
8465,839,20260501,True,142600,22000,10500,12100,39700,14900,19800,11900,8000,3700
8466,839,20260401,True,143500,16600,12200,16900,39600,14800,19800,11900,8000,3700
8467,839,20260301,False,148300,23800,13100,13800,39500,14800,19800,11900,7900,3700
8468,839,20260201,False,153000,24000,12200,19500,39400,14800,19700,11800,7900,3700
8469,839,20260101,True,155500,25700,11600,20900,39400,14800,19700,11800,7900,3700
8470,839,20251201,True,151300,23100,10700,20500,39300,14700,19600,11800,7900,3700
8471,839,20251101,True,146100,23200,10000,16000,39200,14700,19600,11800,7900,3700
8472,839,20251001,True,148300,21700,13300,16600,39100,14700,19600,11700,7900,3700
8473,839,20250901,True,149500,24600,12000,16600,39000,14600,19500,11700,7800,3700
8474,839,20250801,True,136300,19300,10800,9900,39000,14600,19500,11700,7800,3700
8475,839,20250701,True,141900,23400,12500,9900,38900,14600,19400,11700,7800,3700
8476,839,20250601,True,140500,22100,12200,10300,38800,14600,19400,11600,7800,3700
8477,839,20250501,True,141900,21800,11500,12900,38700,14500,19400,11600,7800,3700
8478,839,20250401,True,143100,21700,9400,16600,38600,14500,19300,11600,7800,3600
8479,840,20260901,True,149300,21800,11200,17500,40000,15000,20000,12000,8000,3800
8480,841,20260901,True,169300,32800,18700,20700,40000,15000,20000,12000,6600,3500
8481,841,20260801,True,161000,29400,20000,14700,39900,15000,20000,12000,6500,3500
8482,841,20260701,True,164200,36700,18400,12500,39800,14900,19900,12000,6500,3500
8483,841,20260601,True,164800,34900,17900,15500,39800,14900,19900,11900,6500,3500
8484,841,20260501,True,171400,33200,18200,23700,39700,14900,19800,11900,6500,3500
8485,841,20260401,True,170100,31100,18800,24200,39600,14800,19800,11900,6500,3400
8486,841,20260301,True,169000,30400,17100,25600,39500,14800,19800,11900,6500,3400
8487,842,20260901,True,159300,27700,13700,17700,40000,15000,20000,12000,7300,5900
8488,842,20260801,True,162400,34200,15600,12500,39900,15000,20000,12000,7300,5900
8489,842,20260701,True,156900,28800,14800,13500,39800,14900,19900,12000,7300,5900
8490,842,20260601,True,160000,29800,15000,15500,39800,14900,19900,11900,7300,5900
8491,842,20260501,True,160700,29500,13200,18500,39700,14900,19800,11900,7300,5900
8492,842,20260401,True,161300,27300,14800,20000,39600,14800,19800,11900,7200,5900
8493,843,20260901,True,165300,27200,16900,21000,40000,15000,20000,12000,7300,5900
8494,843,20260801,True,162700,30200,16500,15900,39900,15000,20000,12000,7300,5900
8495,843,20260701,True,165000,31400,17100,16700,39800,14900,19900,12000,7300,5900
8496,843,20260601,True,163700,31100,15300,17600,39800,14900,19900,11900,7300,5900
8497,843,20260501,True,167900,31300,16900,20200,39700,14900,19800,11900,7300,5900
8498,843,20260401,True,166100,29900,17100,19900,39600,14800,19800,11900,7200,5900
8499,843,20260301,True,165000,27700,15800,22400,39500,14800,19800,11900,7200,5900
8500,843,20260201,True,179500,33400,17900,29400,39400,14800,19700,11800,7200,5900
8501,843,20260101,True,177900,30300,17500,31300,39400,14800,19700,11800,7200,5900
8502,843,20251201,True,175700,33700,16700,26900,39300,14700,19600,11800,7200,5800
8503,844,20260901,True,191700,43100,21800,27000,40000,15000,20000,12000,7300,5500
8504,844,20260801,True,183500,42700,21600,19500,39900,15000,20000,12000,7300,5500
8505,844,20260701,True,175600,36200,21600,18400,39800,14900,19900,12000,7300,5500
8506,844,20260601,True,182400,43200,22500,17400,39800,14900,19900,11900,7300,5500
8507,844,20260501,True,192400,43800,21500,28000,39700,14900,19800,11900,7300,5500
8508,844,20260401,True,192400,42800,22200,28600,39600,14800,19800,11900,7200,5500
8509,844,20260301,True,184900,41600,21600,23000,39500,14800,19800,11900,7200,5500
8510,844,20260201,True,194800,40800,19600,36100,39400,14800,19700,11800,7200,5400
8511,844,20260101,True,199700,40300,22900,38200,39400,14800,19700,11800,7200,5400
8512,844,20251201,True,200000,39400,23100,39500,39300,14700,19600,11800,7200,5400
8513,844,20251101,True,190300,43600,22500,26300,39200,14700,19600,11800,7200,5400
8514,844,20251001,True,190100,41900,22800,27700,39100,14700,19600,11700,7200,5400
8515,844,20250901,True,187000,41400,20800,27500,39000,14600,19500,11700,7100,5400
8516,844,20250801,True,179900,42600,21300,18700,39000,14600,19500,11700,7100,5400
8517,844,20250701,False,177600,40200,20200,20100,38900,14600,19400,11700,7100,5400
8518,844,20250601,True,179900,44400,20700,17900,38800,14600,19400,11600,7100,5400
8519,844,20250501,True,187700,41100,22800,27200,38700,14500,19400,11600,7100,5300
8520,844,20250401,True,184100,39900,20700,27100,38600,14500,19300,11600,7100,5300
8521,845,20260901,True,144400,22800,10200,14300,40000,15000,20000,12000,6600,3500
8522,845,20260801,True,144300,22800,12500,12100,39900,15000,20000,12000,6500,3500
8523,845,20260701,True,145500,24300,12800,11800,39800,14900,19900,12000,6500,3500
8524,845,20260601,True,145000,25400,12600,10500,39800,14900,19900,11900,6500,3500
8525,845,20260501,True,152600,24200,13000,19100,39700,14900,19800,11900,6500,3500
8526,845,20260401,True,147800,26100,11600,14100,39600,14800,19800,11900,6500,3400
8527,845,20260301,True,142100,18000,14000,14200,39500,14800,19800,11900,6500,3400
8528,845,20260201,True,154600,24100,11300,23600,39400,14800,19700,11800,6500,3400
8529,845,20260101,True,151500,20700,12200,23000,39400,14800,19700,11800,6500,3400
8530,845,20251201,True,155500,25700,12900,21700,39300,14700,19600,11800,6400,3400
8531,845,20251101,True,143900,23000,11600,14200,39200,14700,19600,11800,6400,3400
8532,845,20251001,True,144200,19100,15200,15000,39100,14700,19600,11700,6400,3400
8533,845,20250901,True,147300,23600,13600,15500,39000,14600,19500,11700,6400,3400
8534,845,20250801,True,142100,23400,13600,10500,39000,14600,19500,11700,6400,3400
8535,845,20250701,True,141700,25500,10900,10900,38900,14600,19400,11700,6400,3400
8536,845,20250601,True,143400,24200,13300,11700,38800,14600,19400,11600,6400,3400
8537,845,20250501,True,141900,19300,12400,16300,38700,14500,19400,11600,6300,3400
8538,845,20250401,True,148200,26700,13400,14400,38600,14500,19300,11600,6300,3400
8539,845,20250301,False,152100,27500,15400,15500,38600,14500,19300,11600,6300,3400
8540,845,20250201,True,157200,27400,15700,20800,38500,14400,19200,11500,6300,3400
8541,845,20250101,True,151300,24200,12000,22000,38400,14400,19200,11500,6300,3300
8542,845,20241201,True,149400,20400,12700,23300,38300,14400,19200,11500,6300,3300
8543,845,20241101,True,139700,20700,14100,12200,38200,14300,19100,11500,6300,3300
8544,845,20241001,True,145100,17600,14800,20100,38200,14300,19100,11400,6300,3300
8545,846,20260901,True,197700,39300,24400,30200,40000,15000,20000,12000,10400,6400
8546,846,20260801,True,187500,40600,22600,20600,39900,15000,20000,12000,10400,6400
8547,846,20260701,True,183800,40900,21900,17600,39800,14900,19900,12000,10400,6400
8548,846,20260601,True,187000,42400,21600,19800,39800,14900,19900,11900,10400,6300
8549,846,20260501,True,198000,43000,21400,30700,39700,14900,19800,11900,10300,6300
8550,846,20260401,True,189800,41300,20700,25100,39600,14800,19800,11900,10300,6300
8551,846,20260301,True,191300,37700,21900,29100,39500,14800,19800,11900,10300,6300
8552,847,20260901,True,178200,35100,20600,23700,40000,15000,20000,12000,8000,3800
8553,847,20260801,True,177800,41200,19400,18500,39900,15000,20000,12000,8000,3800
8554,847,20260701,True,170600,35600,20000,16600,39800,14900,19900,12000,8000,3800
8555,847,20260601,True,171400,35200,20000,17900,39800,14900,19900,11900,8000,3800
8556,847,20260501,True,176100,32800,20500,24800,39700,14900,19800,11900,8000,3700
8557,848,20260901,True,179800,36100,19100,24400,40000,15000,20000,12000,7300,5900
8558,848,20260801,True,168700,31300,20500,16800,39900,15000,20000,12000,7300,5900
8559,848,20260701,True,173200,37100,17200,19100,39800,14900,19900,12000,7300,5900
8560,848,20260601,True,169500,31100,20100,18600,39800,14900,19900,11900,7300,5900
8561,848,20260501,True,177400,36500,18100,23300,39700,14900,19800,11900,7300,5900
8562,848,20260401,True,180500,38600,18600,24100,39600,14800,19800,11900,7200,5900
8563,848,20260301,False,173400,35900,17000,21400,39500,14800,19800,11900,7200,5900
8564,849,20260901,True,164100,31400,15600,20000,40000,15000,20000,12000,6600,3500
8565,849,20260801,True,163400,34400,15100,17000,39900,15000,20000,12000,6500,3500
8566,849,20260701,True,161200,31000,17000,16600,39800,14900,19900,12000,6500,3500
8567,849,20260601,True,157200,31500,16000,13200,39800,14900,19900,11900,6500,3500
8568,849,20260501,True,166700,28300,18100,24000,39700,14900,19800,11900,6500,3500
8569,849,20260401,True,157500,27300,15600,18600,39600,14800,19800,11900,6500,3400
8570,849,20260301,True,157100,26800,15300,19100,39500,14800,19800,11900,6500,3400
8571,849,20260201,True,169100,28600,17200,27700,39400,14800,19700,11800,6500,3400
8572,849,20260101,True,176000,31800,19500,29100,39400,14800,19700,11800,6500,3400
8573,849,20251201,True,175100,31600,18500,29800,39300,14700,19600,11800,6400,3400
8574,849,20251101,True,169300,37500,15100,21600,39200,14700,19600,11800,6400,3400
8575,849,20251001,True,167900,35100,17600,20300,39100,14700,19600,11700,6400,3400
8576,849,20250901,True,164500,33500,17600,18800,39000,14600,19500,11700,6400,3400
8577,849,20250801,True,154300,30700,15300,13700,39000,14600,19500,11700,6400,3400
8578,849,20250701,True,155600,28900,16400,15900,38900,14600,19400,11700,6400,3400
8579,849,20250601,True,158800,31300,16900,16400,38800,14600,19400,11600,6400,3400
8580,849,20250501,True,163300,32200,17900,19300,38700,14500,19400,11600,6300,3400
8581,849,20250401,True,160900,29700,16800,20700,38600,14500,19300,11600,6300,3400
8582,849,20250301,True,159500,29000,17000,19800,38600,14500,19300,11600,6300,3400
8583,849,20250201,True,169900,31400,18300,26900,38500,14400,19200,11500,6300,3400
8584,849,20250101,True,169500,28500,17200,30700,38400,14400,19200,11500,6300,3300
8585,849,20241201,True,171000,30200,17700,30100,38300,14400,19200,11500,6300,3300
8586,849,20241101,True,164500,31800,18200,21800,38200,14300,19100,11500,6300,3300
8587,849,20241001,True,164300,34300,16900,20500,38200,14300,19100,11400,6300,3300
8588,849,20240901,True,160800,31600,17000,19900,38100,14300,19000,11400,6200,3300
8589,849,20240801,True,156400,31700,17900,14700,38000,14200,19000,11400,6200,3300
8590,849,20240701,True,154400,30600,16100,15700,37900,14200,19000,11400,6200,3300
8591,849,20240601,True,161500,35800,18100,15800,37800,14200,18900,11400,6200,3300
8592,849,20240501,True,155900,28600,16700,18900,37800,14200,18900,11300,6200,3300
8593,849,20240401,True,159100,31400,17200,19100,37700,14100,18800,11300,6200,3300
8594,849,20240301,True,164200,34000,15200,23700,37600,14100,18800,11300,6200,3300
8595,849,20240201,True,166700,30500,14200,30900,37500,14100,18800,11300,6100,3300
8596,849,20240101,True,169900,32500,16600,30100,37400,14000,18700,11200,6100,3300
8597,849,20231201,True,173000,32700,19200,30400,37400,14000,18700,11200,6100,3300
8598,849,20231101,True,157200,31300,16900,18600,37300,14000,18600,11200,6100,3200
8599,849,20231001,True,165000,37000,16900,20900,37200,13900,18600,11200,6100,3200
8600,849,20230901,True,156700,30200,15400,21100,37100,13900,18600,11100,6100,3200
8601,849,20230801,True,154400,33300,16500,14800,37000,13900,18500,11100,6100,3200
8602,849,20230701,True,154300,33400,17700,13400,37000,13900,18500,11100,6100,3200
8603,849,20230601,True,151000,27500,16800,17300,36900,13800,18400,11100,6000,3200
8604,849,20230501,True,155300,27500,17600,21000,36800,13800,18400,11000,6000,3200
8605,849,20230401,True,162700,35700,16300,21600,36700,13800,18400,11000,6000,3200
8606,849,20230301,True,165600,36700,17900,22200,36600,13700,18300,11000,6000,3200
8607,849,20230201,True,165000,27200,17700,31300,36600,13700,18300,11000,6000,3200
8608,849,20230101,False,161000,28800,15900,27800,36500,13700,18200,10900,6000,3200
8609,849,20221201,True,169700,32900,19700,28800,36400,13600,18200,10900,6000,3200
8610,850,20260901,True,182500,42000,19900,23500,40000,15000,20000,12000,6600,3500
8611,851,20260901,False,174600,36600,14700,23400,40000,15000,20000,12000,9800,3100
8612,852,20260901,True,168000,32300,13800,19300,40000,15000,20000,12000,9900,5700
8613,852,20260801,True,159000,27000,14400,15100,39900,15000,20000,12000,9900,5700
8614,853,20260901,True,143800,16800,10800,14400,40000,15000,20000,12000,11400,3400
8615,853,20260801,True,136500,16000,8900,10000,39900,15000,20000,12000,11300,3400
8616,853,20260701,True,150100,28300,13900,6600,39800,14900,19900,12000,11300,3400
8617,853,20260601,True,141100,19400,10700,9800,39800,14900,19900,11900,11300,3400
8618,853,20260501,True,149600,25500,10600,12500,39700,14900,19800,11900,11300,3400
8619,853,20260401,True,150600,26100,10200,13600,39600,14800,19800,11900,11200,3400
8620,853,20260301,True,149200,20400,11000,17200,39500,14800,19800,11900,11200,3400
8621,853,20260201,True,156200,24600,11900,19400,39400,14800,19700,11800,11200,3400
8622,854,20260901,False,190900,42100,19600,25400,40000,15000,20000,12000,10400,6400
8623,854,20260801,False,183300,40100,20900,18600,39900,15000,20000,12000,10400,6400
8624,854,20260701,False,182700,39800,21000,18500,39800,14900,19900,12000,10400,6400
8625,854,20260601,True,182200,39400,22300,17300,39800,14900,19900,11900,10400,6300
8626,854,20260501,True,190900,39900,20700,27400,39700,14900,19800,11900,10300,6300
8627,854,20260401,True,184500,36700,21400,23700,39600,14800,19800,11900,10300,6300
8628,854,20260301,True,186700,38800,20200,25100,39500,14800,19800,11900,10300,6300
8629,854,20260201,True,199700,42500,21400,33500,39400,14800,19700,11800,10300,6300
8630,854,20260101,True,196200,37300,21300,35300,39400,14800,19700,11800,10300,6300
8631,854,20251201,True,199300,39900,20900,36600,39300,14700,19600,11800,10200,6300
8632,854,20251101,True,189000,41500,19900,25800,39200,14700,19600,11800,10200,6300
8633,854,20251001,True,190300,40100,21700,27000,39100,14700,19600,11700,10200,6200
8634,854,20250901,True,189400,41100,21100,26000,39000,14600,19500,11700,10200,6200
8635,854,20250801,True,184800,44300,21100,18300,39000,14600,19500,11700,10100,6200
8636,854,20250701,True,179900,39500,20500,19000,38900,14600,19400,11700,10100,6200
8637,854,20250601,True,182000,39700,21900,19700,38800,14600,19400,11600,10100,6200
8638,854,20250501,True,186100,38800,20600,26200,38700,14500,19400,11600,10100,6200
8639,854,20250401,True,181600,32800,21300,27200,38600,14500,19300,11600,10100,6200
8640,854,20250301,True,186800,42500,20100,24000,38600,14500,19300,11600,10000,6200
8641,854,20250201,True,196700,36900,22300,37800,38500,14400,19200,11500,10000,6100
8642,854,20250101,True,193700,39400,20000,34700,38400,14400,19200,11500,10000,6100
8643,854,20241201,True,193200,39800,20300,33600,38300,14400,19200,11500,10000,6100
8644,854,20241101,True,184600,38900,21900,24600,38200,14300,19100,11500,10000,6100
8645,854,20241001,True,179100,37000,20100,23000,38200,14300,19100,11400,9900,6100
8646,854,20240901,True,182400,37900,19500,26200,38100,14300,19000,11400,9900,6100
8647,854,20240801,True,174500,39000,18100,18800,38000,14200,19000,11400,9900,6100
8648,854,20240701,True,174000,38200,19000,18300,37900,14200,19000,11400,9900,6100
8649,854,20240601,True,176600,40700,21400,16300,37800,14200,18900,11400,9900,6000
8650,854,20240501,True,181000,38800,19300,24900,37800,14200,18900,11300,9800,6000
8651,854,20240401,True,181000,36700,19100,27500,37700,14100,18800,11300,9800,6000
8652,854,20240301,True,185800,40300,20900,27000,37600,14100,18800,11300,9800,6000
8653,854,20240201,True,195000,40900,21400,35200,37500,14100,18800,11300,9800,6000
8654,854,20240101,True,196700,42000,22700,34900,37400,14000,18700,11200,9800,6000
8655,854,20231201,True,195500,43000,21700,33800,37400,14000,18700,11200,9700,6000
8656,854,20231101,True,185400,40600,20500,27600,37300,14000,18600,11200,9700,5900
8657,855,20260901,True,191700,40000,20600,27700,40000,15000,20000,12000,11700,4700
8658,856,20260901,True,177800,36600,18900,25100,40000,15000,20000,12000,6200,4000
8659,857,20260901,True,203700,47800,25000,31100,40000,15000,20000,12000,7300,5500
8660,858,20260901,True,145000,20000,12200,11900,40000,15000,20000,12000,10900,3000
8661,858,20260801,True,139000,17400,10600,10300,39900,15000,20000,12000,10800,3000
8662,858,20260701,True,142500,20200,12400,9500,39800,14900,19900,12000,10800,3000
8663,858,20260601,True,143900,21100,11900,10600,39800,14900,19900,11900,10800,3000
8664,859,20260901,True,175400,33900,16600,22300,40000,15000,20000,12000,9900,5700
8665,860,20260901,True,154800,25100,13500,16300,40000,15000,20000,12000,9800,3100
8666,861,20260901,True,184500,40400,19900,25400,40000,15000,20000,12000,8000,3800
8667,862,20260901,True,198600,44700,22400,27400,40000,15000,20000,12000,11100,6000
8668,863,20260901,True,180700,39800,19100,24600,40000,15000,20000,12000,6200,4000
8669,863,20260801,True,172600,40000,20200,15400,39900,15000,20000,12000,6100,4000
8670,863,20260701,True,170000,34200,20200,18900,39800,14900,19900,12000,6100,4000
8671,863,20260601,True,172100,37200,20100,18200,39800,14900,19900,11900,6100,4000
8672,864,20260901,True,187100,40200,20700,25300,40000,15000,20000,12000,10900,3000
8673,864,20260801,True,181100,41700,20000,18700,39900,15000,20000,12000,10800,3000
8674,864,20260701,True,188100,47400,22600,17700,39800,14900,19900,12000,10800,3000
8675,864,20260601,True,183800,44400,21300,17800,39800,14900,19900,11900,10800,3000
8676,864,20260501,True,187000,40200,18700,28000,39700,14900,19800,11900,10800,3000
8677,864,20260401,True,192600,43800,20700,28300,39600,14800,19800,11900,10700,3000
8678,865,20260901,True,171800,26700,17800,23000,40000,15000,20000,12000,10800,6500
8679,865,20260801,True,164500,31200,13600,15500,39900,15000,20000,12000,10800,6500
8680,865,20260701,True,163900,28100,17100,14800,39800,14900,19900,12000,10800,6500
8681,865,20260601,True,167500,32800,15000,15900,39800,14900,19900,11900,10800,6500
8682,865,20260501,True,171500,32200,17000,18900,39700,14900,19800,11900,10700,6400
8683,865,20260401,True,169200,25500,16900,23600,39600,14800,19800,11900,10700,6400
8684,865,20260301,True,173100,31700,16600,21700,39500,14800,19800,11900,10700,6400
8685,865,20260201,True,177900,28600,17400,29100,39400,14800,19700,11800,10700,6400
8686,865,20260101,True,181300,32000,17300,29200,39400,14800,19700,11800,10700,6400
8687,865,20251201,True,185400,36800,14900,31300,39300,14700,19600,11800,10600,6400
8688,865,20251101,True,171800,31800,16400,21300,39200,14700,19600,11800,10600,6400
8689,865,20251001,True,168800,26700,18200,21900,39100,14700,19600,11700,10600,6300
8690,865,20250901,True,172500,34200,16900,19700,39000,14600,19500,11700,10600,6300
8691,865,20250801,True,167000,34900,16300,14100,39000,14600,19500,11700,10600,6300
8692,865,20250701,True,161900,29100,16400,15000,38900,14600,19400,11700,10500,6300
8693,865,20250601,True,162400,34500,13700,13000,38800,14600,19400,11600,10500,6300
8694,865,20250501,True,171900,32100,17700,21100,38700,14500,19400,11600,10500,6300
8695,865,20250401,True,169700,30100,18600,20200,38600,14500,19300,11600,10500,6300
8696,865,20250301,True,170000,28700,17100,23500,38600,14500,19300,11600,10400,6300
8697,865,20250201,True,178500,30800,16900,30600,38500,14400,19200,11500,10400,6200
8698,865,20250101,True,173600,29000,17000,27500,38400,14400,19200,11500,10400,6200
8699,865,20241201,True,176800,29900,15900,31000,38300,14400,19200,11500,10400,6200
8700,865,20241101,True,167200,30000,17000,20500,38200,14300,19100,11500,10400,6200
8701,865,20241001,True,172100,33100,18800,20700,38200,14300,19100,11400,10300,6200
8702,865,20240901,True,174800,38400,16200,20900,38100,14300,19000,11400,10300,6200
8703,865,20240801,True,161000,28700,17200,16000,38000,14200,19000,11400,10300,6200
8704,865,20240701,False,159600,30100,16200,14300,37900,14200,19000,11400,10300,6200
8705,865,20240601,True,160300,29400,17700,14600,37800,14200,18900,11400,10200,6100
8706,865,20240501,True,168700,32600,17200,20400,37800,14200,18900,11300,10200,6100
8707,865,20240401,True,172400,35500,16000,22700,37700,14100,18800,11300,10200,6100
8708,865,20240301,True,168000,33200,16900,19800,37600,14100,18800,11300,10200,6100
8709,865,20240201,True,177300,32800,17200,29300,37500,14100,18800,11300,10200,6100
8710,865,20240101,True,178300,34400,16000,30400,37400,14000,18700,11200,10100,6100
8711,865,20231201,True,172500,30800,16800,27400,37400,14000,18700,11200,10100,6100
8712,865,20231101,True,168000,32900,17900,20000,37300,14000,18600,11200,10100,6000
8713,865,20231001,True,170400,34100,16900,22400,37200,13900,18600,11200,10100,6000
8714,865,20230901,True,168500,30500,17500,23700,37100,13900,18600,11100,10100,6000
8715,865,20230801,True,159000,30600,17700,14200,37000,13900,18500,11100,10000,6000
8716,865,20230701,True,159800,30200,18900,14200,37000,13900,18500,11100,10000,6000
8717,865,20230601,False,158100,32500,15700,13700,36900,13800,18400,11100,10000,6000
8718,865,20230501,True,167100,33600,18100,19400,36800,13800,18400,11000,10000,6000
8719,865,20230401,True,166000,32400,17200,20600,36700,13800,18400,11000,9900,6000
8720,865,20230301,True,168600,33100,18300,21800,36600,13700,18300,11000,9900,5900
8721,865,20230201,True,175100,32600,16700,30400,36600,13700,18300,11000,9900,5900
8722,865,20230101,True,174500,34000,15900,29500,36500,13700,18200,10900,9900,5900
8723,865,20221201,True,171800,29400,17700,29800,36400,13600,18200,10900,9900,5900
8724,865,20221101,True,164600,32300,17300,20300,36300,13600,18200,10900,9800,5900
8725,866,20260901,True,170500,32500,15600,21500,40000,15000,20000,12000,10900,3000
8726,866,20260801,True,163800,34700,16000,12400,39900,15000,20000,12000,10800,3000
8727,866,20260701,True,162400,32300,15600,14100,39800,14900,19900,12000,10800,3000
8728,866,20260601,True,153300,25800,14000,13200,39800,14900,19900,11900,10800,3000
8729,866,20260501,True,167400,29300,16900,21100,39700,14900,19800,11900,10800,3000
8730,866,20260401,True,168400,32200,16700,19700,39600,14800,19800,11900,10700,3000
8731,866,20260301,True,163600,30700,14100,19100,39500,14800,19800,11900,10700,3000
8732,866,20260201,True,175600,29100,17000,30100,39400,14800,19700,11800,10700,3000
8733,866,20260101,True,176300,32100,16200,28600,39400,14800,19700,11800,10700,3000
8734,866,20251201,True,170400,28500,13800,29000,39300,14700,19600,11800,10700,3000
8735,866,20251101,True,167200,32600,14700,21000,39200,14700,19600,11800,10600,3000
8736,866,20251001,True,164900,32900,15400,17900,39100,14700,19600,11700,10600,3000
8737,866,20250901,True,167000,31500,15900,21200,39000,14600,19500,11700,10600,3000
8738,866,20250801,True,155500,27800,16300,13000,39000,14600,19500,11700,10600,3000
8739,866,20250701,True,163900,34800,16100,14900,38900,14600,19400,11700,10600,2900
8740,866,20250601,True,159800,32100,15100,14800,38800,14600,19400,11600,10500,2900
8741,866,20250501,True,164100,29900,16000,20600,38700,14500,19400,11600,10500,2900
8742,866,20250401,True,167500,34000,16700,19400,38600,14500,19300,11600,10500,2900
8743,866,20250301,True,161000,28600,14600,20400,38600,14500,19300,11600,10500,2900
8744,867,20260901,True,185100,37500,20100,23200,40000,15000,20000,12000,10800,6500
8745,868,20260901,True,153500,29000,12200,15200,40000,15000,20000,12000,6600,3500
8746,868,20260801,True,148400,26000,14900,10600,39900,15000,20000,12000,6500,3500
8747,868,20260701,True,147000,24600,13900,11900,39800,14900,19900,12000,6500,3500
8748,868,20260601,True,153300,30600,13400,12800,39800,14900,19900,11900,6500,3500
8749,868,20260501,True,154900,27800,15300,15500,39700,14900,19800,11900,6500,3500
8750,868,20260401,True,156100,26700,13600,19800,39600,14800,19800,11900,6500,3400
8751,868,20260301,True,154000,25800,14800,17500,39500,14800,19800,11900,6500,3400
8752,869,20260901,True,171500,30300,16500,22100,40000,15000,20000,12000,9900,5700
8753,869,20260801,False,167600,34600,17200,13300,39900,15000,20000,12000,9900,5700
8754,869,20260701,True,167100,34100,16200,14600,39800,14900,19900,12000,9900,5700
8755,869,20260601,True,168200,31300,18000,16900,39800,14900,19900,11900,9800,5700
8756,870,20260901,True,172700,31200,16000,22100,40000,15000,20000,12000,11700,4700
8757,870,20260801,True,169300,32800,18100,15100,39900,15000,20000,12000,11700,4700
8758,870,20260701,True,172900,37300,17900,14700,39800,14900,19900,12000,11700,4700
8759,870,20260601,True,164600,30900,16000,14800,39800,14900,19900,11900,11700,4700
8760,870,20260501,True,172900,31600,17300,21500,39700,14900,19800,11900,11600,4600
8761,870,20260401,True,170100,33500,16200,18100,39600,14800,19800,11900,11600,4600
8762,870,20260301,True,177100,33100,16700,25100,39500,14800,19800,11900,11600,4600
8763,870,20260201,True,180600,31700,15200,31800,39400,14800,19700,11800,11600,4600
8764,871,20260901,True,206900,46200,25900,30500,40000,15000,20000,12000,10800,6500
8765,871,20260801,True,186400,39600,21500,21100,39900,15000,20000,12000,10800,6500
8766,871,20260701,True,196300,49800,23700,18900,39800,14900,19900,12000,10800,6500
8767,871,20260601,True,193500,43800,24000,21900,39800,14900,19900,11900,10800,6500
8768,871,20260501,True,202000,44400,25800,28400,39700,14900,19800,11900,10700,6400
8769,871,20260401,True,201000,44500,22800,30500,39600,14800,19800,11900,10700,6400
8770,871,20260301,True,204100,46900,24400,29700,39500,14800,19800,11900,10700,6400
8771,871,20260201,True,218000,49500,24600,41100,39400,14800,19700,11800,10700,6400
8772,872,20260901,True,167600,29100,18900,22400,40000,15000,20000,12000,6200,4000
8773,872,20260801,True,166300,34400,17300,17600,39900,15000,20000,12000,6100,4000
8774,872,20260701,True,168000,35200,18700,17400,39800,14900,19900,12000,6100,4000
8775,872,20260601,True,164900,33800,18400,16100,39800,14900,19900,11900,6100,4000
8776,872,20260501,True,176600,34300,20700,25200,39700,14900,19800,11900,6100,4000
8777,872,20260401,True,171400,34400,18200,22600,39600,14800,19800,11900,6100,4000
8778,872,20260301,False,175700,37000,19700,23000,39500,14800,19800,11900,6100,3900
8779,872,20260201,True,179000,34300,16300,32700,39400,14800,19700,11800,6100,3900
8780,873,20260901,True,177100,35100,18300,24900,40000,15000,20000,12000,8000,3800
8781,873,20260801,True,176000,39400,20600,17300,39900,15000,20000,12000,8000,3800
8782,873,20260701,True,172300,38500,19500,15900,39800,14900,19900,12000,8000,3800
8783,873,20260601,True,171800,36900,18000,18600,39800,14900,19900,11900,8000,3800
8784,873,20260501,True,182000,40600,19100,24300,39700,14900,19800,11900,8000,3700
8785,873,20260401,True,183700,39700,21100,25100,39600,14800,19800,11900,8000,3700
8786,873,20260301,True,176900,36500,19000,23800,39500,14800,19800,11900,7900,3700
8787,873,20260201,True,189500,41000,17700,33500,39400,14800,19700,11800,7900,3700
8788,873,20260101,True,188400,37600,17800,35700,39400,14800,19700,11800,7900,3700
8789,873,20251201,True,185200,36400,17700,34100,39300,14700,19600,11800,7900,3700
8790,873,20251101,True,177400,38100,19500,22900,39200,14700,19600,11800,7900,3700
8791,873,20251001,True,177900,36800,19200,25200,39100,14700,19600,11700,7900,3700
8792,873,20250901,True,176800,39500,16700,24300,39000,14600,19500,11700,7800,3700
8793,873,20250801,True,174800,39700,19500,19300,39000,14600,19500,11700,7800,3700
8794,873,20250701,True,167500,35900,20200,15300,38900,14600,19400,11700,7800,3700
8795,873,20250601,True,169500,36800,19500,17300,38800,14600,19400,11600,7800,3700
8796,874,20260901,True,184800,37400,19700,24300,40000,15000,20000,12000,11700,4700
8797,875,20260901,True,211600,51500,28300,29200,40000,15000,20000,12000,9900,5700
8798,875,20260801,True,201800,48000,27200,24100,39900,15000,20000,12000,9900,5700
8799,876,20260901,True,179400,36200,16900,22500,40000,15000,20000,12000,10400,6400
8800,877,20260901,True,192400,43600,23100,28500,40000,15000,20000,12000,6200,4000
8801,877,20260801,True,188900,44600,26400,20900,39900,15000,20000,12000,6100,4000
8802,878,20260901,True,150600,24400,11300,13100,40000,15000,20000,12000,11400,3400
8803,878,20260801,True,140900,21800,8900,8600,39900,15000,20000,12000,11300,3400
8804,878,20260701,True,141900,20700,9000,10900,39800,14900,19900,12000,11300,3400
8805,878,20260601,True,146100,22700,12800,9400,39800,14900,19900,11900,11300,3400
8806,878,20260501,True,147100,21500,10700,13900,39700,14900,19800,11900,11300,3400
8807,878,20260401,True,144900,19500,11000,13700,39600,14800,19800,11900,11200,3400
8808,878,20260301,True,146500,26200,8600,11100,39500,14800,19800,11900,11200,3400
8809,878,20260201,True,150900,20100,9600,20900,39400,14800,19700,11800,11200,3400
8810,878,20260101,True,148800,18300,9100,21100,39400,14800,19700,11800,11200,3400
8811,878,20251201,True,149600,21800,10000,17900,39300,14700,19600,11800,11100,3400
8812,878,20251101,True,145500,20900,10100,14700,39200,14700,19600,11800,11100,3400
8813,878,20251001,True,149000,23200,10500,15700,39100,14700,19600,11700,11100,3400
8814,878,20250901,True,147100,21000,11200,15600,39000,14600,19500,11700,11100,3400
8815,878,20250801,True,141500,21500,12400,8400,39000,14600,19500,11700,11100,3300
8816,878,20250701,True,138500,19900,9900,9800,38900,14600,19400,11700,11000,3300
8817,878,20250601,True,142100,21200,12000,10200,38800,14600,19400,11600,11000,3300
8818,878,20250501,True,143700,19300,12300,13600,38700,14500,19400,11600,11000,3300
8819,878,20250401,True,148600,26100,10500,13700,38600,14500,19300,11600,11000,3300
8820,879,20260901,True,152100,23700,11200,16300,40000,15000,20000,12000,10900,3000
8821,880,20260901,True,172200,35500,15500,20300,40000,15000,20000,12000,10900,3000
8822,880,20260801,True,162000,29600,17800,13900,39900,15000,20000,12000,10800,3000
8823,880,20260701,True,159400,28700,14800,15500,39800,14900,19900,12000,10800,3000
8824,880,20260601,True,163800,32300,16600,14600,39800,14900,19900,11900,10800,3000
8825,880,20260501,True,167900,29900,16000,21900,39700,14900,19800,11900,10800,3000
8826,880,20260401,True,171600,34900,16400,20500,39600,14800,19800,11900,10700,3000
8827,880,20260301,True,170700,34400,18500,18100,39500,14800,19800,11900,10700,3000
8828,880,20260201,True,177900,31400,17900,29200,39400,14800,19700,11800,10700,3000
8829,880,20260101,True,181300,32300,20800,28800,39400,14800,19700,11800,10700,3000
8830,880,20251201,True,173600,29000,16900,28600,39300,14700,19600,11800,10700,3000
8831,880,20251101,True,173200,33200,18900,22200,39200,14700,19600,11800,10600,3000
8832,880,20251001,True,163500,27000,17900,19900,39100,14700,19600,11700,10600,3000
8833,880,20250901,True,164600,29800,17000,19400,39000,14600,19500,11700,10600,3000
8834,880,20250801,True,161400,32800,16200,14000,39000,14600,19500,11700,10600,3000
8835,880,20250701,True,163500,33600,18900,12900,38900,14600,19400,11700,10600,2900
8836,881,20260901,True,142400,19900,11400,10900,40000,15000,20000,12000,7300,5900
8837,881,20260801,True,143500,22400,10100,10900,39900,15000,20000,12000,7300,5900
8838,881,20260701,True,145300,21800,11700,12000,39800,14900,19900,12000,7300,5900
8839,881,20260601,True,143200,19800,13600,10100,39800,14900,19900,11900,7300,5900
8840,881,20260501,True,142900,20600,9200,13600,39700,14900,19800,11900,7300,5900
8841,881,20260401,True,141800,18600,10700,13300,39600,14800,19800,11900,7200,5900
8842,881,20260301,True,142600,18200,9900,15400,39500,14800,19800,11900,7200,5900
8843,881,20260201,True,148600,21100,10700,18000,39400,14800,19700,11800,7200,5900
8844,881,20260101,True,153500,24400,10600,19700,39400,14800,19700,11800,7200,5900
8845,882,20260901,True,161000,24600,13000,19300,40000,15000,20000,12000,11100,6000
8846,883,20260901,True,164200,29600,13900,18900,40000,15000,20000,12000,11400,3400
8847,883,20260801,True,151900,25800,15500,9000,39900,15000,20000,12000,11300,3400
8848,883,20260701,True,160700,27800,16800,14800,39800,14900,19900,12000,11300,3400
8849,883,20260601,True,160000,27000,16500,15300,39800,14900,19900,11900,11300,3400
8850,883,20260501,True,163300,29000,16200,17100,39700,14900,19800,11900,11300,3400
8851,883,20260401,True,164700,27400,16500,20100,39600,14800,19800,11900,11200,3400
8852,883,20260301,True,155400,25900,13700,15200,39500,14800,19800,11900,11200,3400
8853,883,20260201,True,169600,29700,15800,23800,39400,14800,19700,11800,11200,3400
8854,884,20260901,True,166300,32800,17200,19100,40000,15000,20000,12000,6200,4000
8855,884,20260801,True,159200,31400,17200,13600,39900,15000,20000,12000,6100,4000
8856,884,20260701,True,159000,33000,17800,11500,39800,14900,19900,12000,6100,4000
8857,884,20260601,True,155500,30400,14500,14000,39800,14900,19900,11900,6100,4000
8858,884,20260501,True,160700,31100,14000,19200,39700,14900,19800,11900,6100,4000
8859,884,20260401,True,156600,28600,14100,17700,39600,14800,19800,11900,6100,4000
8860,884,20260301,True,160000,28800,16900,18300,39500,14800,19800,11900,6100,3900
8861,884,20260201,True,169500,31600,14700,27500,39400,14800,19700,11800,6100,3900
8862,884,20260101,True,174500,32200,17500,29100,39400,14800,19700,11800,6100,3900
8863,885,20260901,True,183600,49400,14900,15200,40000,15000,20000,12000,11100,6000
8864,886,20260901,True,166500,31100,15500,20000,40000,15000,20000,12000,9800,3100
8865,887,20260901,True,171000,32900,18100,21200,40000,15000,20000,12000,7700,4100
8866,887,20260801,True,165500,33100,18500,15300,39900,15000,20000,12000,7600,4100
8867,887,20260701,True,166800,33600,17900,17000,39800,14900,19900,12000,7600,4100
8868,887,20260601,True,169300,37400,18200,15500,39800,14900,19900,11900,7600,4100
8869,887,20260501,True,171100,34500,16700,21900,39700,14900,19800,11900,7600,4100
8870,887,20260401,True,174300,31900,19300,25300,39600,14800,19800,11900,7600,4100
8871,887,20260301,True,179600,41900,17400,22600,39500,14800,19800,11900,7600,4100
8872,887,20260201,True,181400,34800,16900,32400,39400,14800,19700,11800,7500,4100
8873,887,20260101,True,178100,31300,18000,31500,39400,14800,19700,11800,7500,4100
8874,887,20251201,True,180400,35200,16500,31800,39300,14700,19600,11800,7500,4000
8875,887,20251101,True,173600,32000,18800,26000,39200,14700,19600,11800,7500,4000
8876,887,20251001,True,171300,34100,18300,22300,39100,14700,19600,11700,7500,4000
8877,887,20250901,True,179500,40900,18800,23500,39000,14600,19500,11700,7500,4000
8878,887,20250801,True,153900,28400,16400,12800,39000,14600,19500,11700,7500,4000
8879,887,20250701,True,172700,37900,20300,18500,38900,14600,19400,11700,7400,4000
8880,887,20250601,True,164900,33600,18600,16900,38800,14600,19400,11600,7400,4000
8881,887,20250501,False,175300,40500,15500,23700,38700,14500,19400,11600,7400,4000
8882,887,20250401,True,170900,34500,17800,23200,38600,14500,19300,11600,7400,4000
8883,887,20250301,True,167800,35100,16500,20800,38600,14500,19300,11600,7400,4000
8884,887,20250201,True,178600,34500,17900,31200,38500,14400,19200,11500,7400,4000
8885,887,20250101,True,182500,35000,19700,33000,38400,14400,19200,11500,7300,4000
8886,887,20241201,True,182800,38500,17700,32000,38300,14400,19200,11500,7300,3900
8887,888,20260901,True,205500,44700,25300,34600,40000,15000,20000,12000,10900,3000
8888,888,20260801,True,197800,48600,27700,20800,39900,15000,20000,12000,10800,3000
8889,888,20260701,True,203000,49400,27500,25700,39800,14900,19900,12000,10800,3000
8890,888,20260601,True,201700,50400,28300,22700,39800,14900,19900,11900,10800,3000
8891,888,20260501,True,210600,48100,28000,34400,39700,14900,19800,11900,10800,3000
8892,888,20260401,True,204800,47900,24300,32800,39600,14800,19800,11900,10700,3000
8893,888,20260301,True,205600,50700,26800,28400,39500,14800,19800,11900,10700,3000
8894,888,20260201,True,223300,51000,25500,47400,39400,14800,19700,11800,10700,3000
8895,889,20260901,True,184200,35500,19300,27600,40000,15000,20000,12000,11400,3400
8896,889,20260801,True,176300,36100,20900,17700,39900,15000,20000,12000,11300,3400
8897,889,20260701,True,180700,38800,20800,19800,39800,14900,19900,12000,11300,3400
8898,889,20260601,True,180600,40300,21300,17800,39800,14900,19900,11900,11300,3400
8899,889,20260501,True,187900,39200,21600,26100,39700,14900,19800,11900,11300,3400
8900,889,20260401,True,187600,39000,21700,26200,39600,14800,19800,11900,11200,3400
8901,889,20260301,True,179700,36100,19700,23300,39500,14800,19800,11900,11200,3400
8902,889,20260201,True,190000,32900,21500,35300,39400,14800,19700,11800,11200,3400
8903,889,20260101,True,194400,37500,21600,35000,39400,14800,19700,11800,11200,3400
8904,890,20260901,True,192900,38600,22000,30500,40000,15000,20000,12000,11400,3400
8905,890,20260801,True,183900,40000,22000,20300,39900,15000,20000,12000,11300,3400
8906,890,20260701,True,183700,42700,20400,19300,39800,14900,19900,12000,11300,3400
8907,890,20260601,True,227500,87200,21900,17200,39800,14900,19900,11900,11300,3400
8908,890,20260501,True,197300,47600,21200,27500,39700,14900,19800,11900,11300,3400
8909,890,20260401,True,195200,44100,23400,27000,39600,14800,19800,11900,11200,3400
8910,891,20260901,True,159000,25800,14500,19900,40000,15000,20000,12000,8000,3800
8911,891,20260801,True,154200,26700,15400,13400,39900,15000,20000,12000,8000,3800
8912,891,20260701,True,152400,28400,14600,11000,39800,14900,19900,12000,8000,3800
8913,892,20260901,True,152800,23600,13800,16600,40000,15000,20000,12000,8000,3800
8914,892,20260801,True,149500,22500,14400,13900,39900,15000,20000,12000,8000,3800
8915,892,20260701,False,152500,28800,15000,10300,39800,14900,19900,12000,8000,3800
8916,893,20260901,True,185000,38000,21600,22800,40000,15000,20000,12000,9900,5700
8917,893,20260801,True,179700,40100,20100,17000,39900,15000,20000,12000,9900,5700
8918,893,20260701,True,186600,43500,22600,18300,39800,14900,19900,12000,9900,5700
8919,893,20260601,True,187100,43100,22400,19600,39800,14900,19900,11900,9800,5700
8920,893,20260501,True,191800,42500,20500,27000,39700,14900,19800,11900,9800,5700
8921,893,20260401,True,180900,33900,20600,24800,39600,14800,19800,11900,9800,5700
8922,893,20260301,True,189300,41700,20900,25200,39500,14800,19800,11900,9800,5700
8923,894,20260901,True,192500,41300,19200,28600,40000,15000,20000,12000,11700,4700
8924,894,20260801,True,183700,43400,20100,16900,39900,15000,20000,12000,11700,4700
8925,894,20260701,True,180800,41700,20800,15300,39800,14900,19900,12000,11700,4700
8926,894,20260601,True,176100,38100,18500,16600,39800,14900,19900,11900,11700,4700
8927,894,20260501,True,185400,35700,22000,25200,39700,14900,19800,11900,11600,4600
8928,894,20260401,True,190700,42000,18600,27800,39600,14800,19800,11900,11600,4600
8929,894,20260301,True,188100,42000,18100,25800,39500,14800,19800,11900,11600,4600
8930,894,20260201,False,196000,37000,19800,37300,39400,14800,19700,11800,11600,4600
8931,895,20260901,True,187600,37200,21200,25800,40000,15000,20000,12000,11700,4700
8932,896,20260901,True,194500,44800,20900,25400,40000,15000,20000,12000,11700,4700
8933,897,20260901,True,191000,43200,20800,28400,40000,15000,20000,12000,8500,3100
8934,897,20260801,True,176800,37400,21600,19300,39900,15000,20000,12000,8500,3100
8935,897,20260701,True,177100,38400,21700,18800,39800,14900,19900,12000,8500,3100
8936,897,20260601,True,181300,42200,22200,18800,39800,14900,19900,11900,8500,3100
8937,898,20260901,True,183000,36700,20400,27100,40000,15000,20000,12000,7700,4100
8938,899,20260901,True,170500,34500,16100,21100,40000,15000,20000,12000,7700,4100
8939,899,20260801,True,161200,29500,18300,14800,39900,15000,20000,12000,7600,4100
8940,899,20260701,True,164800,32300,18400,15800,39800,14900,19900,12000,7600,4100
8941,899,20260601,True,162300,31600,17100,15400,39800,14900,19900,11900,7600,4100
8942,899,20260501,True,166000,31100,17400,19500,39700,14900,19800,11900,7600,4100
8943,899,20260401,True,162500,30600,15200,18900,39600,14800,19800,11900,7600,4100
8944,899,20260301,True,170600,33700,17900,21300,39500,14800,19800,11900,7600,4100
8945,900,20260901,True,154600,24100,13700,18200,40000,15000,20000,12000,8500,3100
8946,901,20260901,True,182800,37100,20000,24800,40000,15000,20000,12000,10900,3000
8947,901,20260801,True,178200,39400,20300,17800,39900,15000,20000,12000,10800,3000
8948,901,20260701,True,178700,40700,20100,17500,39800,14900,19900,12000,10800,3000
8949,901,20260601,True,172100,34200,19800,17800,39800,14900,19900,11900,10800,3000
8950,901,20260501,True,189900,39600,23200,27000,39700,14900,19800,11900,10800,3000
8951,901,20260401,True,183900,40000,19400,24700,39600,14800,19800,11900,10700,3000
8952,901,20260301,True,184600,36900,20800,27200,39500,14800,19800,11900,10700,3000
8953,901,20260201,True,192900,37500,22000,34000,39400,14800,19700,11800,10700,3000
8954,901,20260101,True,198200,41900,19800,37100,39400,14800,19700,11800,10700,3000
8955,901,20251201,True,196400,39900,21100,36300,39300,14700,19600,11800,10700,3000
8956,901,20251101,True,187900,42300,21800,24900,39200,14700,19600,11800,10600,3000
8957,901,20251001,True,180300,38300,19400,23900,39100,14700,19600,11700,10600,3000
8958,901,20250901,True,190700,44500,23200,24600,39000,14600,19500,11700,10600,3000
8959,901,20250801,True,178100,40000,22100,17600,39000,14600,19500,11700,10600,3000
8960,901,20250701,True,176300,38100,20900,19200,38900,14600,19400,11700,10600,2900
8961,901,20250601,True,171200,37000,21600,14800,38800,14600,19400,11600,10500,2900
8962,902,20260901,True,175600,29400,17800,26600,40000,15000,20000,12000,11400,3400
8963,903,20260901,True,144400,22000,9300,14300,40000,15000,20000,12000,7700,4100
8964,903,20260801,True,137500,18700,11800,8400,39900,15000,20000,12000,7600,4100
8965,903,20260701,True,136700,20400,10300,7700,39800,14900,19900,12000,7600,4100
8966,903,20260601,True,136000,16200,9900,11700,39800,14900,19900,11900,7600,4100
8967,903,20260501,True,143600,24100,9700,11800,39700,14900,19800,11900,7600,4100
8968,903,20260401,True,142800,18500,12800,13700,39600,14800,19800,11900,7600,4100
8969,903,20260301,True,144700,23200,10100,13700,39500,14800,19800,11900,7600,4100
8970,903,20260201,True,148100,23500,9300,18000,39400,14800,19700,11800,7500,4100
8971,903,20260101,True,143000,15500,12100,18100,39400,14800,19700,11800,7500,4100
8972,904,20260901,True,155500,23700,14900,14300,40000,15000,20000,12000,9900,5700
8973,904,20260801,True,154400,24500,14000,13400,39900,15000,20000,12000,9900,5700
8974,904,20260701,True,146600,21400,11200,11800,39800,14900,19900,12000,9900,5700
8975,904,20260601,True,153500,26100,14100,11300,39800,14900,19900,11900,9800,5700
8976,904,20260501,True,153300,21700,13300,16500,39700,14900,19800,11900,9800,5700
8977,904,20260401,True,159500,26100,12400,19400,39600,14800,19800,11900,9800,5700
8978,904,20260301,True,155200,24800,12300,16600,39500,14800,19800,11900,9800,5700
8979,904,20260201,True,161900,25300,11000,24500,39400,14800,19700,11800,9800,5600
8980,905,20260901,True,168500,33900,17400,20000,40000,15000,20000,12000,6200,4000
8981,905,20260801,True,162300,34100,17800,13400,39900,15000,20000,12000,6100,4000
8982,905,20260701,True,167100,33000,19100,18300,39800,14900,19900,12000,6100,4000
8983,905,20260601,True,168500,37400,19400,15100,39800,14900,19900,11900,6100,4000
8984,905,20260501,True,172100,34600,18600,22500,39700,14900,19800,11900,6100,4000
8985,905,20260401,True,169600,31200,19400,22800,39600,14800,19800,11900,6100,4000
8986,905,20260301,True,172500,35800,18600,22100,39500,14800,19800,11900,6100,3900
8987,905,20260201,True,178400,33400,17100,32200,39400,14800,19700,11800,6100,3900
8988,905,20260101,True,179400,35200,16300,32200,39400,14800,19700,11800,6100,3900
8989,905,20251201,True,178800,34100,18500,30900,39300,14700,19600,11800,6000,3900
8990,905,20251101,True,169600,33300,18100,23000,39200,14700,19600,11800,6000,3900
8991,905,20251001,True,170300,34800,18200,22300,39100,14700,19600,11700,6000,3900
8992,905,20250901,True,171700,37000,17900,22100,39000,14600,19500,11700,6000,3900
8993,905,20250801,True,164000,36700,18200,14400,39000,14600,19500,11700,6000,3900
8994,905,20250701,True,163400,38400,17800,12700,38900,14600,19400,11700,6000,3900
8995,905,20250601,True,164100,35700,18100,16000,38800,14600,19400,11600,6000,3900
8996,905,20250501,True,170100,35100,17500,23400,38700,14500,19400,11600,6000,3900
8997,905,20250401,False,165100,33900,16600,20800,38600,14500,19300,11600,5900,3900
8998,905,20250301,True,165400,34100,17800,19700,38600,14500,19300,11600,5900,3900
8999,905,20250201,True,181200,35100,20000,32800,38500,14400,19200,11500,5900,3800
9000,905,20250101,True,174200,32800,18800,29400,38400,14400,19200,11500,5900,3800
9001,905,20241201,True,176400,36400,16600,30300,38300,14400,19200,11500,5900,3800
9002,905,20241101,True,168100,34200,17600,23500,38200,14300,19100,11500,5900,3800
9003,905,20241001,True,166400,34100,17200,22400,38200,14300,19100,11400,5900,3800
9004,905,20240901,True,164500,33700,15900,22400,38100,14300,19000,11400,5900,3800
9005,905,20240801,True,162400,35600,19300,15200,38000,14200,19000,11400,5900,3800
9006,905,20240701,True,158100,32100,19500,14400,37900,14200,19000,11400,5800,3800
9007,905,20240601,True,155900,30400,17800,15800,37800,14200,18900,11400,5800,3800
9008,905,20240501,True,168800,36500,17000,23500,37800,14200,18900,11300,5800,3800
9009,905,20240401,True,164400,35100,17900,19900,37700,14100,18800,11300,5800,3800
9010,905,20240301,True,170500,38600,17200,23300,37600,14100,18800,11300,5800,3800
9011,906,20260901,True,195800,42700,21300,27500,40000,15000,20000,12000,10800,6500
9012,907,20260901,True,164100,29800,14700,21000,40000,15000,20000,12000,8500,3100
9013,907,20260801,True,155700,28400,17200,11600,39900,15000,20000,12000,8500,3100
9014,907,20260701,False,152600,28200,13600,12600,39800,14900,19900,12000,8500,3100
9015,908,20260901,True,164100,27400,14300,18100,40000,15000,20000,12000,10800,6500
9016,908,20260801,True,156900,24000,15900,12800,39900,15000,20000,12000,10800,6500
9017,908,20260701,True,163400,29600,14600,15300,39800,14900,19900,12000,10800,6500
9018,908,20260601,True,158600,25500,15000,14300,39800,14900,19900,11900,10800,6500
9019,908,20260501,True,165400,30000,15000,17000,39700,14900,19800,11900,10700,6400
9020,909,20260901,True,189300,38800,23500,26800,40000,15000,20000,12000,7300,5900
9021,909,20260801,True,182100,40800,22500,18700,39900,15000,20000,12000,7300,5900
9022,910,20260901,True,188300,40700,20500,27200,40000,15000,20000,12000,9800,3100
9023,910,20260801,True,177300,38600,19400,19500,39900,15000,20000,12000,9800,3100
9024,910,20260701,True,178400,41800,20400,16700,39800,14900,19900,12000,9800,3100
9025,911,20260901,True,195000,44900,20900,30600,40000,15000,20000,12000,8500,3100
9026,912,20260901,True,159100,29100,12200,16900,40000,15000,20000,12000,10900,3000
9027,912,20260801,True,143800,23600,11600,7900,39900,15000,20000,12000,10800,3000
9028,912,20260701,True,151100,25700,14700,10300,39800,14900,19900,12000,10800,3000
9029,912,20260601,True,151100,27900,13700,9200,39800,14900,19900,11900,10800,3000
9030,912,20260501,True,155300,26200,13000,16000,39700,14900,19800,11900,10800,3000
9031,912,20260401,True,153300,26600,12200,14700,39600,14800,19800,11900,10700,3000
9032,912,20260301,True,149100,21300,12400,15700,39500,14800,19800,11900,10700,3000
9033,912,20260201,True,156100,23400,10500,22800,39400,14800,19700,11800,10700,3000
9034,912,20260101,True,162100,26200,12900,23600,39400,14800,19700,11800,10700,3000
9035,912,20251201,True,160800,24400,14900,22400,39300,14700,19600,11800,10700,3000
9036,913,20260901,True,152700,21200,13100,14100,40000,15000,20000,12000,10800,6500
9037,913,20260801,True,153400,24400,13400,11400,39900,15000,20000,12000,10800,6500
9038,913,20260701,True,146900,18700,13100,11200,39800,14900,19900,12000,10800,6500
9039,913,20260601,True,151800,23400,12200,12400,39800,14900,19900,11900,10800,6500
9040,913,20260501,True,153500,22700,12500,14900,39700,14900,19800,11900,10700,6400
9041,913,20260401,True,160100,26000,13900,17000,39600,14800,19800,11900,10700,6400
9042,913,20260301,True,153700,22000,13700,14900,39500,14800,19800,11900,10700,6400
9043,913,20260201,True,159800,20800,12200,24000,39400,14800,19700,11800,10700,6400
9044,913,20260101,True,166500,26500,13000,24200,39400,14800,19700,11800,10700,6400
9045,913,20251201,True,162000,23900,12900,22800,39300,14700,19600,11800,10600,6400
9046,913,20251101,True,157400,24600,13900,16600,39200,14700,19600,11800,10600,6400
9047,913,20251001,True,150700,23500,12200,13000,39100,14700,19600,11700,10600,6300
9048,913,20250901,True,152200,23900,11900,14700,39000,14600,19500,11700,10600,6300
9049,913,20250801,True,146700,22300,13100,9600,39000,14600,19500,11700,10600,6300
9050,913,20250701,True,152600,26200,13200,11800,38900,14600,19400,11700,10500,6300
9051,913,20250601,True,142800,20900,10100,10600,38800,14600,19400,11600,10500,6300
9052,913,20250501,True,154000,22900,12500,17600,38700,14500,19400,11600,10500,6300
9053,913,20250401,True,154600,24700,13400,15700,38600,14500,19300,11600,10500,6300
9054,913,20250301,True,151100,26800,10800,12800,38600,14500,19300,11600,10400,6300
9055,913,20250201,True,151700,22000,10600,18900,38500,14400,19200,11500,10400,6200
9056,913,20250101,True,157400,23400,12800,21100,38400,14400,19200,11500,10400,6200
9057,913,20241201,True,156700,24400,10700,21600,38300,14400,19200,11500,10400,6200
9058,913,20241101,True,154200,26800,11700,16000,38200,14300,19100,11500,10400,6200
9059,913,20241001,True,154900,25300,12700,17400,38200,14300,19100,11400,10300,6200
9060,913,20240901,True,149900,24200,13200,13200,38100,14300,19000,11400,10300,6200
9061,913,20240801,True,142400,21200,12700,9400,38000,14200,19000,11400,10300,6200
9062,913,20240701,True,146100,26900,10300,9900,37900,14200,19000,11400,10300,6200
9063,913,20240601,True,147000,20700,13900,13800,37800,14200,18900,11400,10200,6100
9064,913,20240501,True,148600,24700,11400,14000,37800,14200,18900,11300,10200,6100
9065,913,20240401,True,152800,27900,11900,14800,37700,14100,18800,11300,10200,6100
9066,913,20240301,True,155500,25100,13700,18600,37600,14100,18800,11300,10200,6100
9067,913,20240201,True,155400,24100,11300,22000,37500,14100,18800,11300,10200,6100
9068,913,20240101,True,155100,23600,12000,22000,37400,14000,18700,11200,10100,6100
9069,913,20231201,True,157800,26100,12000,22200,37400,14000,18700,11200,10100,6100
9070,914,20260901,True,152000,23900,12000,17500,40000,15000,20000,12000,8500,3100
9071,914,20260801,True,148300,23500,15000,11300,39900,15000,20000,12000,8500,3100
9072,915,20260901,True,170200,31500,14600,20700,40000,15000,20000,12000,11700,4700
9073,915,20260801,True,166500,30800,16800,15600,39900,15000,20000,12000,11700,4700
9074,916,20260901,True,182500,34800,20400,23900,40000,15000,20000,12000,11700,4700
9075,916,20260801,True,171500,32500,19100,16600,39900,15000,20000,12000,11700,4700
9076,917,20260901,True,185400,38400,19500,24900,40000,15000,20000,12000,9900,5700
9077,917,20260801,False,177500,38100,20000,16900,39900,15000,20000,12000,9900,5700
9078,917,20260701,True,180300,39000,20300,18800,39800,14900,19900,12000,9900,5700
9079,917,20260601,True,170700,34000,17400,17300,39800,14900,19900,11900,9800,5700
9080,917,20260501,True,184900,38700,20700,23700,39700,14900,19800,11900,9800,5700
9081,917,20260401,True,173300,32800,16200,22700,39600,14800,19800,11900,9800,5700
9082,917,20260301,True,183000,38000,19400,24100,39500,14800,19800,11900,9800,5700
9083,917,20260201,True,184500,33000,19100,31300,39400,14800,19700,11800,9800,5600
9084,917,20260101,True,186200,32900,18000,34300,39400,14800,19700,11800,9700,5600
9085,917,20251201,True,191500,38100,18200,34500,39300,14700,19600,11800,9700,5600
9086,917,20251101,True,173500,34100,17700,21100,39200,14700,19600,11800,9700,5600
9087,917,20251001,True,179500,32500,19800,26800,39100,14700,19600,11700,9700,5600
9088,917,20250901,True,178300,36500,18200,23500,39000,14600,19500,11700,9700,5600
9089,917,20250801,True,169300,34700,20000,14600,39000,14600,19500,11700,9600,5600
9090,917,20250701,True,171300,37700,18500,15300,38900,14600,19400,11700,9600,5600
9091,917,20250601,True,172600,39800,17800,15400,38800,14600,19400,11600,9600,5600
9092,917,20250501,True,175200,32700,18300,24900,38700,14500,19400,11600,9600,5500
9093,917,20250401,True,171400,30500,18700,23100,38600,14500,19300,11600,9600,5500
9094,917,20250301,True,172400,30200,19900,23300,38600,14500,19300,11600,9500,5500
9095,917,20250201,True,182400,33600,18300,31900,38500,14400,19200,11500,9500,5500
9096,917,20250101,True,183600,34500,18000,32600,38400,14400,19200,11500,9500,5500
9097,917,20241201,True,185300,32600,20200,34100,38300,14400,19200,11500,9500,5500
9098,917,20241101,True,178200,39200,19000,21900,38200,14300,19100,11500,9500,5500
9099,917,20241001,True,174800,35500,18100,23300,38200,14300,19100,11400,9400,5500
9100,917,20240901,True,177700,41600,18300,20200,38100,14300,19000,11400,9400,5400
9101,917,20240801,True,170400,39700,17800,15500,38000,14200,19000,11400,9400,5400
9102,917,20240701,True,168400,34700,20700,15700,37900,14200,19000,11400,9400,5400
9103,917,20240601,True,168700,35400,19500,16700,37800,14200,18900,11400,9400,5400
9104,917,20240501,True,171900,31900,18800,24300,37800,14200,18900,11300,9300,5400
9105,917,20240401,True,174800,37500,17900,22800,37700,14100,18800,11300,9300,5400
9106,917,20240301,True,179200,36100,21200,25400,37600,14100,18800,11300,9300,5400
9107,917,20240201,True,179200,32300,17600,32900,37500,14100,18800,11300,9300,5400
9108,917,20240101,True,183500,36000,17800,33700,37400,14000,18700,11200,9300,5400
9109,917,20231201,True,184900,37800,20700,30600,37400,14000,18700,11200,9200,5300
9110,917,20231101,True,174300,38300,17400,23000,37300,14000,18600,11200,9200,5300
9111,917,20231001,True,167900,28700,19400,24400,37200,13900,18600,11200,9200,5300
9112,917,20230901,True,175600,35200,18800,26400,37100,13900,18600,11100,9200,5300
9113,917,20230801,True,165900,35600,19000,16300,37000,13900,18500,11100,9200,5300
9114,918,20260901,True,187000,45300,20900,23600,40000,15000,20000,12000,6200,4000
9115,919,20260901,True,160600,25500,13300,19200,40000,15000,20000,12000,9900,5700
9116,920,20260901,True,185400,38600,19800,28200,40000,15000,20000,12000,8000,3800
9117,921,20260901,True,160000,26500,14600,19000,40000,15000,20000,12000,9800,3100
9118,922,20260901,True,173200,34800,15900,21600,40000,15000,20000,12000,10900,3000
9119,922,20260801,True,168500,34000,18300,15500,39900,15000,20000,12000,10800,3000
9120,922,20260701,True,168100,34500,16100,17100,39800,14900,19900,12000,10800,3000
9121,922,20260601,True,169100,33600,18900,16300,39800,14900,19900,11900,10800,3000
9122,922,20260501,True,172900,34500,19000,19300,39700,14900,19800,11900,10800,3000
9123,922,20260401,True,171900,31000,17800,23300,39600,14800,19800,11900,10700,3000
9124,922,20260301,True,174200,33500,19200,21800,39500,14800,19800,11900,10700,3000
9125,922,20260201,True,187000,38200,17700,31700,39400,14800,19700,11800,10700,3000
9126,923,20260901,True,197000,44100,23900,28800,40000,15000,20000,12000,7300,5900
9127,923,20260801,True,191300,45700,25200,20300,39900,15000,20000,12000,7300,5900
9128,923,20260701,True,188400,45600,23200,19800,39800,14900,19900,12000,7300,5900
9129,923,20260601,True,191700,46300,24200,21500,39800,14900,19900,11900,7300,5900
9130,923,20260501,True,197600,45800,24300,28000,39700,14900,19800,11900,7300,5900
9131,923,20260401,True,199100,45200,23000,31700,39600,14800,19800,11900,7200,5900
9132,923,20260301,True,198000,46800,23200,28900,39500,14800,19800,11900,7200,5900
9133,923,20260201,True,209600,45500,24100,41200,39400,14800,19700,11800,7200,5900
9134,924,20260901,True,149200,24100,10400,13800,40000,15000,20000,12000,10900,3000
9135,924,20260801,True,143200,23600,11800,7100,39900,15000,20000,12000,10800,3000
9136,924,20260701,True,138600,17600,11200,9400,39800,14900,19900,12000,10800,3000
9137,924,20260601,True,160900,43000,9300,8300,39800,14900,19900,11900,10800,3000
9138,924,20260501,True,152500,25800,12600,14000,39700,14900,19800,11900,10800,3000
9139,925,20260901,True,196700,43100,22100,27200,40000,15000,20000,12000,10800,6500
9140,925,20260801,True,191300,41200,24900,21000,39900,15000,20000,12000,10800,6500
9141,925,20260701,True,195800,47700,22000,22200,39800,14900,19900,12000,10800,6500
9142,925,20260601,True,190600,41300,24200,21300,39800,14900,19900,11900,10800,6500
9143,925,20260501,True,203000,43700,24500,31400,39700,14900,19800,11900,10700,6400
9144,925,20260401,True,197600,44200,21600,28600,39600,14800,19800,11900,10700,6400
9145,925,20260301,True,205000,48600,25400,27900,39500,14800,19800,11900,10700,6400
9146,926,20260901,True,163000,31600,14100,20200,40000,15000,20000,12000,6600,3500
9147,926,20260801,True,161800,33100,16800,15000,39900,15000,20000,12000,6500,3500
9148,926,20260701,True,153100,29300,14500,12700,39800,14900,19900,12000,6500,3500
9149,926,20260601,True,149100,24800,14900,12900,39800,14900,19900,11900,6500,3500
9150,927,20260901,True,196600,43600,22700,28500,40000,15000,20000,12000,11400,3400
9151,927,20260801,True,191200,43600,26400,19600,39900,15000,20000,12000,11300,3400
9152,927,20260701,True,185800,42700,24700,17100,39800,14900,19900,12000,11300,3400
9153,927,20260601,True,188500,44000,24400,18900,39800,14900,19900,11900,11300,3400
9154,927,20260501,True,193800,42500,23100,27200,39700,14900,19800,11900,11300,3400
9155,927,20260401,True,195800,40200,24000,30900,39600,14800,19800,11900,11200,3400
9156,927,20260301,True,194900,43800,23300,27200,39500,14800,19800,11900,11200,3400
9157,927,20260201,True,205800,42900,23200,39400,39400,14800,19700,11800,11200,3400
9158,927,20260101,True,208100,46800,22800,38200,39400,14800,19700,11800,11200,3400
9159,927,20251201,True,205500,41600,23000,41000,39300,14700,19600,11800,11100,3400
9160,927,20251101,True,197500,47000,23100,27600,39200,14700,19600,11800,11100,3400
9161,927,20251001,True,194000,45000,23600,25800,39100,14700,19600,11700,11100,3400
9162,927,20250901,True,196200,41400,24300,31200,39000,14600,19500,11700,11100,3400
9163,927,20250801,True,182100,43000,22000,17900,39000,14600,19500,11700,11100,3300
9164,927,20250701,True,189900,45500,24400,21100,38900,14600,19400,11700,11000,3300
9165,927,20250601,True,183700,40600,23600,20800,38800,14600,19400,11600,11000,3300
9166,927,20250501,True,194600,44700,24600,26800,38700,14500,19400,11600,11000,3300
9167,927,20250401,True,192000,42900,21500,29300,38600,14500,19300,11600,11000,3300
9168,927,20250301,True,195300,45500,23000,28600,38600,14500,19300,11600,10900,3300
9169,927,20250201,True,204800,43900,23900,39200,38500,14400,19200,11500,10900,3300
9170,927,20250101,True,203100,44500,20800,40100,38400,14400,19200,11500,10900,3300
9171,927,20241201,True,202600,43300,23100,38600,38300,14400,19200,11500,10900,3300
9172,927,20241101,True,186300,42500,21700,24800,38200,14300,19100,11500,10900,3300
9173,927,20241001,True,194000,41100,24200,31600,38200,14300,19100,11400,10800,3300
9174,927,20240901,True,193900,43900,24900,28200,38100,14300,19000,11400,10800,3300
9175,927,20240801,True,185500,45700,23400,19700,38000,14200,19000,11400,10800,3300
9176,927,20240701,True,181700,42100,22000,21000,37900,14200,19000,11400,10800,3300
9177,927,20240601,True,181500,43100,22700,19500,37800,14200,18900,11400,10700,3200
9178,927,20240501,True,190400,45200,21600,27500,37800,14200,18900,11300,10700,3200
9179,927,20240401,False,189100,42100,22800,28400,37700,14100,18800,11300,10700,3200
9180,927,20240301,False,185800,40100,21200,28800,37600,14100,18800,11300,10700,3200
9181,927,20240201,True,200200,43300,22800,38600,37500,14100,18800,11300,10600,3200
9182,927,20240101,True,200000,41500,24000,39400,37400,14000,18700,11200,10600,3200
9183,927,20231201,False,204100,42700,23700,42600,37400,14000,18700,11200,10600,3200
9184,928,20260901,True,201000,46600,23900,30700,40000,15000,20000,12000,7300,5500
9185,928,20260801,True,191000,45900,23500,21900,39900,15000,20000,12000,7300,5500
9186,928,20260701,True,186400,43600,22300,21100,39800,14900,19900,12000,7300,5500
9187,928,20260601,True,185000,39700,24800,21200,39800,14900,19900,11900,7300,5500
9188,928,20260501,True,201400,46300,26100,29900,39700,14900,19800,11900,7300,5500
9189,928,20260401,True,195700,43300,23500,30100,39600,14800,19800,11900,7200,5500
9190,928,20260301,True,196600,45200,23800,28900,39500,14800,19800,11900,7200,5500
9191,928,20260201,True,211200,45300,24100,43500,39400,14800,19700,11800,7200,5400
9192,928,20260101,True,204700,42100,23300,41000,39400,14800,19700,11800,7200,5400
9193,928,20251201,True,208600,44600,23600,42400,39300,14700,19600,11800,7200,5400
9194,928,20251101,True,196500,45500,23400,29700,39200,14700,19600,11800,7200,5400
9195,928,20251001,True,194400,43500,22300,30900,39100,14700,19600,11700,7200,5400
9196,928,20250901,True,190900,40800,23300,29500,39000,14600,19500,11700,7100,5400
9197,928,20250801,True,186200,45800,24000,19100,39000,14600,19500,11700,7100,5400
9198,928,20250701,True,189600,47000,26000,19500,38900,14600,19400,11700,7100,5400
9199,928,20250601,True,176800,40100,22700,17100,38800,14600,19400,11600,7100,5400
9200,928,20250501,True,191900,43000,23400,28900,38700,14500,19400,11600,7100,5300
9201,928,20250401,True,196900,48600,22500,29400,38600,14500,19300,11600,7100,5300
9202,928,20250301,True,193300,45900,23700,27400,38600,14500,19300,11600,7000,5300
9203,928,20250201,True,204700,44400,24700,39700,38500,14400,19200,11500,7000,5300
9204,928,20250101,True,198200,39700,22100,40600,38400,14400,19200,11500,7000,5300
9205,928,20241201,True,210400,45800,24100,44800,38300,14400,19200,11500,7000,5300
9206,928,20241101,True,200200,51100,24700,29000,38200,14300,19100,11500,7000,5300
9207,928,20241001,True,193600,48400,22800,27100,38200,14300,19100,11400,7000,5300
9208,928,20240901,True,192500,45100,22600,29700,38100,14300,19000,11400,7000,5300
9209,928,20240801,True,191100,49600,24800,21900,38000,14200,19000,11400,6900,5300
9210,928,20240701,True,185700,47400,23800,19900,37900,14200,19000,11400,6900,5200
9211,928,20240601,True,186800,46500,24000,21900,37800,14200,18900,11400,6900,5200
9212,928,20240501,True,195700,46600,22400,32400,37800,14200,18900,11300,6900,5200
9213,928,20240401,True,186600,39100,24100,29400,37700,14100,18800,11300,6900,5200
9214,928,20240301,True,191300,44400,25100,27900,37600,14100,18800,11300,6900,5200
9215,929,20260901,True,199900,43300,23500,33200,40000,15000,20000,12000,9800,3100
9216,929,20260801,True,189900,44500,23300,22300,39900,15000,20000,12000,9800,3100
9217,930,20260901,True,195000,41000,21900,27800,40000,15000,20000,12000,10800,6500
9218,930,20260801,True,185700,43300,20700,17500,39900,15000,20000,12000,10800,6500
9219,930,20260701,True,183900,42600,19900,17500,39800,14900,19900,12000,10800,6500
9220,930,20260601,False,182600,38200,20600,20000,39800,14900,19900,11900,10800,6500
9221,930,20260501,True,187300,37700,20900,25300,39700,14900,19800,11900,10700,6400
9222,930,20260401,True,188900,36700,23700,25300,39600,14800,19800,11900,10700,6400
9223,930,20260301,True,184600,35800,19100,26600,39500,14800,19800,11900,10700,6400
9224,930,20260201,True,203200,42800,20000,37600,39400,14800,19700,11800,10700,6400
9225,930,20260101,True,198500,39300,20600,35800,39400,14800,19700,11800,10700,6400
9226,931,20260901,True,154700,22600,14000,14700,40000,15000,20000,12000,11700,4700
9227,932,20260901,True,190400,42800,23200,27300,40000,15000,20000,12000,6600,3500
9228,932,20260801,True,187300,46900,24100,19400,39900,15000,20000,12000,6500,3500
9229,932,20260701,True,184500,42800,24800,20300,39800,14900,19900,12000,6500,3500
9230,932,20260601,True,191600,48800,23800,22500,39800,14900,19900,11900,6500,3500
9231,932,20260501,True,195000,43300,25600,29800,39700,14900,19800,11900,6500,3500
9232,932,20260401,True,189700,42900,23400,27400,39600,14800,19800,11900,6500,3400
9233,932,20260301,True,189900,42100,23300,28600,39500,14800,19800,11900,6500,3400
9234,932,20260201,True,202800,42900,24000,40300,39400,14800,19700,11800,6500,3400
9235,932,20260101,True,210700,45100,27000,43000,39400,14800,19700,11800,6500,3400
9236,932,20251201,True,200900,41600,25400,38700,39300,14700,19600,11800,6400,3400
9237,932,20251101,True,196800,48400,23200,30100,39200,14700,19600,11800,6400,3400
9238,932,20251001,True,193300,45500,23000,29900,39100,14700,19600,11700,6400,3400
9239,932,20250901,True,192200,45300,23200,29100,39000,14600,19500,11700,6400,3400
9240,933,20260901,True,156200,23200,12100,16600,40000,15000,20000,12000,10800,6500
9241,933,20260801,True,156900,29700,10400,12600,39900,15000,20000,12000,10800,6500
9242,933,20260701,True,157900,29000,12900,12100,39800,14900,19900,12000,10800,6500
9243,933,20260601,True,153600,26600,11600,11600,39800,14900,19900,11900,10800,6500
9244,933,20260501,True,158200,26000,12500,16300,39700,14900,19800,11900,10700,6400
9245,933,20260401,True,157200,24000,13800,16200,39600,14800,19800,11900,10700,6400
9246,933,20260301,True,155300,23200,14200,14800,39500,14800,19800,11900,10700,6400
9247,933,20260201,True,162300,23700,13600,22200,39400,14800,19700,11800,10700,6400
9248,933,20260101,True,165700,25800,13900,23200,39400,14800,19700,11800,10700,6400
9249,933,20251201,True,162700,24100,14300,21900,39300,14700,19600,11800,10600,6400
9250,933,20251101,True,157700,27500,11700,16200,39200,14700,19600,11800,10600,6400
9251,933,20251001,True,152400,24500,12200,13700,39100,14700,19600,11700,10600,6300
9252,933,20250901,True,156100,23100,13400,17900,39000,14600,19500,11700,10600,6300
9253,933,20250801,True,151300,23800,13500,12300,39000,14600,19500,11700,10600,6300
9254,933,20250701,True,152100,25900,13000,11800,38900,14600,19400,11700,10500,6300
9255,933,20250601,True,151800,26900,12500,11200,38800,14600,19400,11600,10500,6300
9256,933,20250501,True,151900,20800,13100,17000,38700,14500,19400,11600,10500,6300
9257,933,20250401,True,151700,23200,13200,14500,38600,14500,19300,11600,10500,6300
9258,933,20250301,False,151600,22700,11800,16400,38600,14500,19300,11600,10400,6300
9259,933,20250201,True,157100,24100,11600,21200,38500,14400,19200,11500,10400,6200
9260,933,20250101,True,155100,21600,11300,22100,38400,14400,19200,11500,10400,6200
9261,933,20241201,True,159000,24700,11100,23200,38300,14400,19200,11500,10400,6200
9262,933,20241101,True,155400,25700,14000,16000,38200,14300,19100,11500,10400,6200
9263,933,20241001,True,181700,52200,11800,18200,38200,14300,19100,11400,10300,6200
9264,933,20240901,True,153400,24000,12900,17200,38100,14300,19000,11400,10300,6200
9265,933,20240801,True,147700,25600,12200,10800,38000,14200,19000,11400,10300,6200
9266,933,20240701,True,146300,22700,12000,12600,37900,14200,19000,11400,10300,6200
9267,933,20240601,True,147200,25600,12200,10800,37800,14200,18900,11400,10200,6100
9268,933,20240501,True,155900,25900,14400,17100,37800,14200,18900,11300,10200,6100
9269,933,20240401,True,156600,26000,13200,19200,37700,14100,18800,11300,10200,6100
9270,933,20240301,True,152300,23700,12800,17700,37600,14100,18800,11300,10200,6100
9271,933,20240201,True,152100,21400,11000,21700,37500,14100,18800,11300,10200,6100
9272,934,20260901,True,156400,25400,12800,16400,40000,15000,20000,12000,11400,3400
9273,935,20260901,True,170600,32500,16400,20800,40000,15000,20000,12000,10900,3000
9274,935,20260801,True,166200,34700,15000,15800,39900,15000,20000,12000,10800,3000
9275,935,20260701,True,165400,31100,16500,17400,39800,14900,19900,12000,10800,3000
9276,935,20260601,True,162800,32900,15800,13800,39800,14900,19900,11900,10800,3000
9277,935,20260501,True,164900,32100,14100,18600,39700,14900,19800,11900,10800,3000
9278,935,20260401,True,170300,28900,18200,23400,39600,14800,19800,11900,10700,3000
9279,935,20260301,True,173800,37200,17800,19100,39500,14800,19800,11900,10700,3000
9280,935,20260201,True,176900,29900,17900,29700,39400,14800,19700,11800,10700,3000
9281,935,20260101,True,174400,27800,17900,29300,39400,14800,19700,11800,10700,3000
9282,935,20251201,True,177600,33100,16300,29100,39300,14700,19600,11800,10700,3000
9283,935,20251101,True,173000,33900,16200,24000,39200,14700,19600,11800,10600,3000
9284,936,20260901,True,154400,26800,11000,14000,40000,15000,20000,12000,9900,5700
9285,936,20260801,True,147900,24500,9600,11300,39900,15000,20000,12000,9900,5700
9286,936,20260701,True,154400,27500,12100,12600,39800,14900,19900,12000,9900,5700
9287,936,20260601,True,143400,19000,9800,12600,39800,14900,19900,11900,9800,5700
9288,936,20260501,True,148200,20700,12400,13300,39700,14900,19800,11900,9800,5700
9289,936,20260401,True,145700,22100,11200,10800,39600,14800,19800,11900,9800,5700
9290,936,20260301,True,147300,19200,10500,16100,39500,14800,19800,11900,9800,5700
9291,936,20260201,True,152100,19600,10500,20900,39400,14800,19700,11800,9800,5600
9292,936,20260101,True,152500,21500,9800,20200,39400,14800,19700,11800,9700,5600
9293,936,20251201,True,149600,18100,9700,21100,39300,14700,19600,11800,9700,5600
9294,936,20251101,True,145800,20300,10700,14200,39200,14700,19600,11800,9700,5600
9295,936,20251001,True,149400,21800,10900,16300,39100,14700,19600,11700,9700,5600
9296,936,20250901,True,149800,23300,11500,14900,39000,14600,19500,11700,9700,5600
9297,936,20250801,True,138300,19800,10000,8500,39000,14600,19500,11700,9600,5600
9298,936,20250701,True,139900,21000,12200,6900,38900,14600,19400,11700,9600,5600
9299,936,20250601,True,147900,27300,12100,8900,38800,14600,19400,11600,9600,5600
9300,937,20260901,True,177800,34900,18200,20400,40000,15000,20000,12000,10800,6500
9301,938,20260901,True,148200,24900,10900,15300,40000,15000,20000,12000,6600,3500
9302,938,20260801,True,145700,23500,12200,13100,39900,15000,20000,12000,6500,3500
9303,938,20260701,True,144100,20200,13800,13500,39800,14900,19900,12000,6500,3500
9304,938,20260601,True,142500,22800,12200,11000,39800,14900,19900,11900,6500,3500
9305,938,20260501,True,150200,25400,13900,14600,39700,14900,19800,11900,6500,3500
9306,938,20260401,True,147900,25100,11900,14900,39600,14800,19800,11900,6500,3400
9307,938,20260301,True,144100,20500,12300,15400,39500,14800,19800,11900,6500,3400
9308,939,20260901,True,150600,26100,10800,16500,40000,15000,20000,12000,6200,4000
9309,939,20260801,True,148100,26300,13400,11400,39900,15000,20000,12000,6100,4000
9310,939,20260701,True,146100,26400,12400,10600,39800,14900,19900,12000,6100,4000
9311,939,20260601,True,148000,26400,12700,12300,39800,14900,19900,11900,6100,4000
9312,939,20260501,True,147700,21700,13800,15800,39700,14900,19800,11900,6100,4000
9313,939,20260401,True,150300,25900,10900,17300,39600,14800,19800,11900,6100,4000
9314,939,20260301,True,145000,22200,12900,13900,39500,14800,19800,11900,6100,3900
9315,939,20260201,True,148200,19700,10600,22200,39400,14800,19700,11800,6100,3900
9316,940,20260901,True,160000,26400,13000,16500,40000,15000,20000,12000,11100,6000
9317,941,20260901,True,165100,28700,16900,19600,40000,15000,20000,12000,9800,3100
9318,941,20260801,True,156400,29500,13300,13800,39900,15000,20000,12000,9800,3100
9319,941,20260701,True,159200,30000,15100,14600,39800,14900,19900,12000,9800,3100
9320,941,20260601,True,159400,30800,14200,15000,39800,14900,19900,11900,9800,3100
9321,941,20260501,True,161800,26200,17200,19200,39700,14900,19800,11900,9800,3100
9322,941,20260401,True,167200,30800,17700,19800,39600,14800,19800,11900,9700,3100
9323,941,20260301,True,163500,31100,14700,18900,39500,14800,19800,11900,9700,3100
9324,941,20260201,True,175100,32500,17200,26900,39400,14800,19700,11800,9700,3100
9325,941,20260101,True,172500,30000,16800,27200,39400,14800,19700,11800,9700,3100
9326,941,20251201,True,173200,31200,15500,28300,39300,14700,19600,11800,9700,3100
9327,941,20251101,True,162600,30300,13600,20700,39200,14700,19600,11800,9600,3100
9328,941,20251001,True,160400,28900,16500,17200,39100,14700,19600,11700,9600,3100
9329,941,20250901,True,158100,26400,16500,17700,39000,14600,19500,11700,9600,3100
9330,941,20250801,True,159100,33000,14800,13900,39000,14600,19500,11700,9600,3000
9331,941,20250701,False,157900,31100,15000,14600,38900,14600,19400,11700,9600,3000
9332,941,20250601,True,152800,25600,14000,16300,38800,14600,19400,11600,9500,3000
9333,941,20250501,True,163000,30300,16000,20000,38700,14500,19400,11600,9500,3000
9334,941,20250401,True,162100,31700,16200,17700,38600,14500,19300,11600,9500,3000
9335,941,20250301,True,160000,29000,16900,17600,38600,14500,19300,11600,9500,3000
9336,941,20250201,True,168600,27700,16800,28000,38500,14400,19200,11500,9500,3000
9337,941,20250101,True,169300,29000,16300,28100,38400,14400,19200,11500,9400,3000
9338,941,20241201,True,167400,32100,15600,23900,38300,14400,19200,11500,9400,3000
9339,941,20241101,True,157100,27400,14500,19700,38200,14300,19100,11500,9400,3000
9340,941,20241001,True,152800,21900,15300,20200,38200,14300,19100,11400,9400,3000
9341,941,20240901,True,159200,30300,14400,19300,38100,14300,19000,11400,9400,3000
9342,941,20240801,True,159800,34800,17100,13000,38000,14200,19000,11400,9300,3000
9343,941,20240701,False,154900,30500,15700,13900,37900,14200,19000,11400,9300,3000
9344,941,20240601,True,157900,32700,15400,15200,37800,14200,18900,11400,9300,3000
9345,941,20240501,True,162900,31500,15900,21000,37800,14200,18900,11300,9300,3000
9346,941,20240401,True,161400,31400,16100,19800,37700,14100,18800,11300,9300,2900
9347,941,20240301,True,160500,31700,16800,18100,37600,14100,18800,11300,9200,2900
9348,941,20240201,True,173500,34400,15900,29400,37500,14100,18800,11300,9200,2900
9349,941,20240101,True,166400,27600,17200,28200,37400,14000,18700,11200,9200,2900
9350,941,20231201,True,171300,35400,16400,26100,37400,14000,18700,11200,9200,2900
9351,941,20231101,True,158500,29700,16300,19300,37300,14000,18600,11200,9200,2900
9352,942,20260901,True,202200,46000,24700,30600,40000,15000,20000,12000,10900,3000
9353,942,20260801,True,191200,46100,24600,19800,39900,15000,20000,12000,10800,3000
9354,942,20260701,True,189800,45000,23100,21300,39800,14900,19900,12000,10800,3000
9355,942,20260601,False,192600,44900,25000,22400,39800,14900,19900,11900,10800,3000
9356,942,20260501,True,198800,46500,23000,29200,39700,14900,19800,11900,10800,3000
9357,942,20260401,True,198700,46100,24400,28400,39600,14800,19800,11900,10700,3000
9358,942,20260301,True,196100,46700,22000,27700,39500,14800,19800,11900,10700,3000
9359,942,20260201,True,206500,43000,22300,41800,39400,14800,19700,11800,10700,3000
9360,942,20260101,True,210000,45400,24200,41000,39400,14800,19700,11800,10700,3000
9361,942,20251201,True,211500,49600,25100,37700,39300,14700,19600,11800,10700,3000
9362,942,20251101,True,205800,50300,24500,32100,39200,14700,19600,11800,10600,3000
9363,942,20251001,True,195300,45700,23000,27900,39100,14700,19600,11700,10600,3000
9364,942,20250901,True,198100,45000,23500,31200,39000,14600,19500,11700,10600,3000
9365,942,20250801,True,188800,44300,25000,21100,39000,14600,19500,11700,10600,3000
9366,942,20250701,True,182200,42600,22900,18600,38900,14600,19400,11700,10600,2900
9367,942,20250601,True,182900,41300,21800,22000,38800,14600,19400,11600,10500,2900
9368,942,20250501,True,196800,46600,23400,29200,38700,14500,19400,11600,10500,2900
9369,942,20250401,True,202000,48100,26000,30500,38600,14500,19300,11600,10500,2900
9370,942,20250301,True,195600,45500,22100,30600,38600,14500,19300,11600,10500,2900
9371,942,20250201,False,207800,44700,22600,43600,38500,14400,19200,11500,10400,2900
9372,942,20250101,True,203800,43500,21500,42000,38400,14400,19200,11500,10400,2900
9373,942,20241201,True,204800,41700,26300,40100,38300,14400,19200,11500,10400,2900
9374,943,20260901,True,181200,35500,17200,24200,40000,15000,20000,12000,10800,6500
9375,943,20260801,True,174100,35700,18000,16200,39900,15000,20000,12000,10800,6500
9376,944,20260901,True,178300,35700,17600,26200,40000,15000,20000,12000,8000,3800
9377,944,20260801,True,171100,36000,19900,16500,39900,15000,20000,12000,8000,3800
9378,944,20260701,True,168500,34800,19300,16000,39800,14900,19900,12000,8000,3800
9379,944,20260601,True,165400,33700,17600,15800,39800,14900,19900,11900,8000,3800
9380,944,20260501,True,179800,37300,20300,24200,39700,14900,19800,11900,8000,3700
9381,944,20260401,True,175400,36000,18000,23600,39600,14800,19800,11900,8000,3700
9382,944,20260301,True,179400,39600,19300,22900,39500,14800,19800,11900,7900,3700
9383,944,20260201,True,178100,32900,15700,32200,39400,14800,19700,11800,7900,3700
9384,944,20260101,True,190000,39400,18000,35300,39400,14800,19700,11800,7900,3700
9385,944,20251201,True,185100,36500,18800,32800,39300,14700,19600,11800,7900,3700
9386,944,20251101,False,178900,36300,20100,25600,39200,14700,19600,11800,7900,3700
9387,944,20251001,True,177600,38700,18900,23300,39100,14700,19600,11700,7900,3700
9388,944,20250901,True,174500,33900,20700,23600,39000,14600,19500,11700,7800,3700
9389,944,20250801,True,167600,34700,20900,15700,39000,14600,19500,11700,7800,3700
9390,944,20250701,False,168600,36200,21100,15200,38900,14600,19400,11700,7800,3700
9391,944,20250601,True,168300,34200,19200,19000,38800,14600,19400,11600,7800,3700
9392,944,20250501,True,174400,35600,18700,24400,38700,14500,19400,11600,7800,3700
9393,944,20250401,True,169100,34500,16600,22600,38600,14500,19300,11600,7800,3600
9394,945,20260901,True,145800,20000,11100,14900,40000,15000,20000,12000,7300,5500
9395,945,20260801,True,138400,18800,11100,8800,39900,15000,20000,12000,7300,5500
9396,945,20260701,True,141400,21100,10900,10000,39800,14900,19900,12000,7300,5500
9397,945,20260601,True,145000,21500,12800,11400,39800,14900,19900,11900,7300,5500
9398,945,20260501,True,145700,20100,11100,15400,39700,14900,19800,11900,7300,5500
9399,946,20260901,True,148600,22700,11400,14300,40000,15000,20000,12000,7300,5900
9400,946,20260801,True,144500,22700,12200,9500,39900,15000,20000,12000,7300,5900
9401,946,20260701,True,144500,23500,9700,11500,39800,14900,19900,12000,7300,5900
9402,946,20260601,True,139100,18400,11700,9300,39800,14900,19900,11900,7300,5900
9403,946,20260501,False,136400,16000,8900,12000,39700,14900,19800,11900,7300,5900
9404,946,20260401,True,146600,23600,10400,13400,39600,14800,19800,11900,7200,5900
9405,946,20260301,True,141000,20000,9200,12700,39500,14800,19800,11900,7200,5900
9406,946,20260201,True,152300,25100,10100,18300,39400,14800,19700,11800,7200,5900
9407,946,20260101,True,149500,20300,11600,18800,39400,14800,19700,11800,7200,5900
9408,946,20251201,False,150500,22600,10400,19100,39300,14700,19600,11800,7200,5800
9409,946,20251101,True,146100,23100,11200,13500,39200,14700,19600,11800,7200,5800
9410,946,20251001,True,144500,22300,12400,11700,39100,14700,19600,11700,7200,5800
9411,946,20250901,True,139200,18000,10500,13000,39000,14600,19500,11700,7100,5800
9412,946,20250801,True,140300,22300,12300,8000,39000,14600,19500,11700,7100,5800
9413,946,20250701,True,133700,18100,10700,7400,38900,14600,19400,11700,7100,5800
9414,946,20250601,True,138200,21200,10800,8900,38800,14600,19400,11600,7100,5800
9415,946,20250501,True,142700,19900,9600,16100,38700,14500,19400,11600,7100,5800
9416,947,20260901,True,185600,37900,19300,24100,40000,15000,20000,12000,10800,6500
9417,948,20260901,True,174900,32000,17900,20700,40000,15000,20000,12000,10800,6500
9418,949,20260901,True,141600,19100,11300,14000,40000,15000,20000,12000,6200,4000
9419,949,20260801,True,138000,20300,10700,10000,39900,15000,20000,12000,6100,4000
9420,949,20260701,True,137900,18800,11900,10500,39800,14900,19900,12000,6100,4000
9421,949,20260601,True,133400,19800,8500,8500,39800,14900,19900,11900,6100,4000
9422,949,20260501,True,141700,21000,10900,13400,39700,14900,19800,11900,6100,4000
9423,949,20260401,True,143000,20900,11900,14000,39600,14800,19800,11900,6100,4000
9424,949,20260301,True,141500,23000,10700,11800,39500,14800,19800,11900,6100,3900
9425,949,20260201,True,153200,23500,12000,22000,39400,14800,19700,11800,6100,3900
9426,949,20260101,True,149800,23600,10100,20400,39400,14800,19700,11800,6100,3900
9427,950,20260901,True,144800,21900,11700,12400,40000,15000,20000,12000,7700,4100
9428,951,20260901,True,169800,30700,17300,20000,40000,15000,20000,12000,11400,3400
9429,951,20260801,True,168300,34300,18300,14100,39900,15000,20000,12000,11300,3400
9430,951,20260701,True,165300,32900,17200,13900,39800,14900,19900,12000,11300,3400
9431,951,20260601,True,171800,39500,16200,14900,39800,14900,19900,11900,11300,3400
9432,951,20260501,True,172300,31500,18800,21000,39700,14900,19800,11900,11300,3400
9433,951,20260401,True,172100,31600,17600,22200,39600,14800,19800,11900,11200,3400
9434,951,20260301,True,174700,32700,16700,24700,39500,14800,19800,11900,11200,3400
9435,952,20260901,True,157800,25700,13200,15500,40000,15000,20000,12000,11700,4700
9436,953,20260901,True,194700,43100,20900,26600,40000,15000,20000,12000,11100,6000
9437,953,20260801,True,189500,43400,22000,20100,39900,15000,20000,12000,11100,6000
9438,953,20260701,True,187500,40900,21800,21200,39800,14900,19900,12000,11000,6000
9439,953,20260601,True,184300,38800,23900,18100,39800,14900,19900,11900,11000,6000
9440,953,20260501,True,201600,45200,23700,29400,39700,14900,19800,11900,11000,6000
9441,953,20260401,False,195100,42200,23400,26400,39600,14800,19800,11900,11000,6000
9442,953,20260301,True,198500,42400,23600,29600,39500,14800,19800,11900,11000,5900
9443,953,20260201,True,204600,44300,21200,36600,39400,14800,19700,11800,10900,5900
9444,953,20260101,True,207300,44000,22400,38400,39400,14800,19700,11800,10900,5900
9445,954,20260901,False,158300,27800,12200,14200,40000,15000,20000,12000,11100,6000
9446,955,20260901,True,156000,27600,15000,14600,40000,15000,20000,12000,8000,3800
9447,955,20260801,True,147400,22300,12900,13500,39900,15000,20000,12000,8000,3800
9448,955,20260701,True,145900,23900,12200,11400,39800,14900,19900,12000,8000,3800
9449,955,20260601,True,141800,22000,12600,8900,39800,14900,19900,11900,8000,3800
9450,955,20260501,True,148900,20700,13600,16600,39700,14900,19800,11900,8000,3700
9451,955,20260401,True,152600,24600,14000,16200,39600,14800,19800,11900,8000,3700
9452,955,20260301,True,159500,28600,15400,17900,39500,14800,19800,11900,7900,3700
9453,955,20260201,True,159800,22300,15200,25000,39400,14800,19700,11800,7900,3700
9454,955,20260101,True,161800,26100,12700,25700,39400,14800,19700,11800,7900,3700
9455,955,20251201,True,163300,27900,14000,24400,39300,14700,19600,11800,7900,3700
9456,955,20251101,True,161300,32100,14200,18100,39200,14700,19600,11800,7900,3700
9457,955,20251001,True,151000,22800,12600,18900,39100,14700,19600,11700,7900,3700
9458,955,20250901,True,154400,26400,13800,17900,39000,14600,19500,11700,7800,3700
9459,955,20250801,True,143000,23600,12600,10500,39000,14600,19500,11700,7800,3700
9460,955,20250701,True,146600,26200,11800,12500,38900,14600,19400,11700,7800,3700
9461,955,20250601,True,150400,29200,13800,11500,38800,14600,19400,11600,7800,3700
9462,955,20250501,True,151100,24600,12600,18200,38700,14500,19400,11600,7800,3700
9463,955,20250401,True,152800,27200,14200,16000,38600,14500,19300,11600,7800,3600
9464,955,20250301,True,152300,27400,11900,17600,38600,14500,19300,11600,7800,3600
9465,955,20250201,True,156300,24500,14700,22200,38500,14400,19200,11500,7700,3600
9466,955,20250101,True,163900,28800,14400,25900,38400,14400,19200,11500,7700,3600
9467,955,20241201,True,159600,25900,14000,25000,38300,14400,19200,11500,7700,3600
9468,955,20241101,True,145500,21300,14600,15200,38200,14300,19100,11500,7700,3600
9469,955,20241001,True,153700,27000,15500,16900,38200,14300,19100,11400,7700,3600
9470,955,20240901,True,149900,26300,13600,15900,38100,14300,19000,11400,7700,3600
9471,955,20240801,True,140700,22300,13300,11300,38000,14200,19000,11400,7600,3600
9472,955,20240701,True,149300,29800,12100,13700,37900,14200,19000,11400,7600,3600
9473,955,20240601,True,145400,24500,15200,12200,37800,14200,18900,11400,7600,3600
9474,955,20240501,True,152600,28500,13100,17600,37800,14200,18900,11300,7600,3600
9475,955,20240401,True,146800,22000,13400,18300,37700,14100,18800,11300,7600,3600
9476,955,20240301,True,150300,26400,13700,17200,37600,14100,18800,11300,7600,3600
9477,955,20240201,True,156200,28900,11600,23000,37500,14100,18800,11300,7500,3500
9478,955,20240101,True,153700,22700,12700,26000,37400,14000,18700,11200,7500,3500
9479,955,20231201,True,156500,25000,13900,25300,37400,14000,18700,11200,7500,3500
9480,955,20231101,True,150800,27100,16300,15300,37300,14000,18600,11200,7500,3500
9481,955,20231001,True,153300,29000,12300,20100,37200,13900,18600,11200,7500,3500
9482,955,20230901,True,151400,29400,13100,17200,37100,13900,18600,11100,7500,3500
9483,955,20230801,True,140400,22800,13800,12400,37000,13900,18500,11100,7400,3500
9484,955,20230701,True,141700,24600,12700,13000,37000,13900,18500,11100,7400,3500
9485,956,20260901,True,177100,32600,18500,22200,40000,15000,20000,12000,10400,6400
9486,956,20260801,True,167200,31300,17000,15200,39900,15000,20000,12000,10400,6400
9487,956,20260701,True,169500,32200,18000,15900,39800,14900,19900,12000,10400,6400
9488,957,20260901,True,171100,31200,17700,22400,40000,15000,20000,12000,7300,5500
9489,957,20260801,True,167800,35000,19400,13700,39900,15000,20000,12000,7300,5500
9490,957,20260701,True,161400,31300,16900,13800,39800,14900,19900,12000,7300,5500
9491,957,20260601,True,167300,34500,17700,15800,39800,14900,19900,11900,7300,5500
9492,958,20260901,True,189400,41800,19700,27700,40000,15000,20000,12000,7300,5900
9493,958,20260801,True,178100,38900,20300,18800,39900,15000,20000,12000,7300,5900
9494,958,20260701,True,181100,43300,20700,17300,39800,14900,19900,12000,7300,5900
9495,958,20260601,True,172200,37200,18000,17300,39800,14900,19900,11900,7300,5900
9496,958,20260501,True,190500,41900,22100,27000,39700,14900,19800,11900,7300,5900
9497,958,20260401,True,190400,43800,21400,26000,39600,14800,19800,11900,7200,5900
9498,958,20260301,True,183600,37600,19800,27100,39500,14800,19800,11900,7200,5900
9499,958,20260201,True,194200,36900,20300,38200,39400,14800,19700,11800,7200,5900
9500,958,20260101,True,195600,41100,20900,34800,39400,14800,19700,11800,7200,5900
9501,959,20260901,True,148700,21700,13900,14500,40000,15000,20000,12000,8500,3100
9502,959,20260801,True,147900,25700,12600,11100,39900,15000,20000,12000,8500,3100
9503,959,20260701,True,140700,23700,10100,8700,39800,14900,19900,12000,8500,3100
9504,959,20260601,True,143000,22600,13700,8600,39800,14900,19900,11900,8500,3100
9505,959,20260501,False,149100,23500,11300,16400,39700,14900,19800,11900,8500,3100
9506,959,20260401,True,148600,25000,10400,15600,39600,14800,19800,11900,8400,3100
9507,959,20260301,True,144500,21000,11200,14800,39500,14800,19800,11900,8400,3100
9508,959,20260201,True,150500,20200,10900,22200,39400,14800,19700,11800,8400,3100
9509,959,20260101,True,155800,21000,12800,24800,39400,14800,19700,11800,8400,3100
9510,959,20251201,True,148800,22500,11000,18400,39300,14700,19600,11800,8400,3100
9511,959,20251101,True,142800,19100,13100,13800,39200,14700,19600,11800,8400,3100
9512,959,20251001,True,140500,19700,11200,13100,39100,14700,19600,11700,8300,3100
9513,960,20260901,True,150800,24800,9300,16900,40000,15000,20000,12000,7300,5500
9514,960,20260801,True,142300,21800,10700,10100,39900,15000,20000,12000,7300,5500
9515,960,20260701,False,145400,23000,10800,12200,39800,14900,19900,12000,7300,5500
9516,960,20260601,True,139000,19000,11500,9200,39800,14900,19900,11900,7300,5500
9517,960,20260501,True,142900,18200,11900,13700,39700,14900,19800,11900,7300,5500
9518,960,20260401,True,148200,24100,11400,13900,39600,14800,19800,11900,7200,5500
9519,960,20260301,True,141900,18000,11000,14200,39500,14800,19800,11900,7200,5500
9520,960,20260201,True,152300,24600,12100,17300,39400,14800,19700,11800,7200,5400
9521,960,20260101,True,155400,26100,10600,20400,39400,14800,19700,11800,7200,5400
9522,960,20251201,True,153100,22200,10900,22000,39300,14700,19600,11800,7200,5400
9523,960,20251101,True,147200,20500,12400,16400,39200,14700,19600,11800,7200,5400
9524,960,20251001,True,150100,28300,10000,14100,39100,14700,19600,11700,7200,5400
9525,960,20250901,True,146800,22500,9600,17400,39000,14600,19500,11700,7100,5400
9526,960,20250801,True,139500,21600,11600,9000,39000,14600,19500,11700,7100,5400
9527,960,20250701,True,143300,23900,11700,10600,38900,14600,19400,11700,7100,5400
9528,960,20250601,True,140200,21700,11400,10200,38800,14600,19400,11600,7100,5400
9529,960,20250501,True,144000,20300,12600,14500,38700,14500,19400,11600,7100,5300
9530,960,20250401,True,149100,24300,13000,15400,38600,14500,19300,11600,7100,5300
9531,960,20250301,True,136600,14700,10700,14900,38600,14500,19300,11600,7000,5300
9532,960,20250201,True,155400,22700,13300,23500,38500,14400,19200,11500,7000,5300
9533,960,20250101,True,153800,27400,10000,20600,38400,14400,19200,11500,7000,5300
9534,960,20241201,True,144100,19600,8900,19900,38300,14400,19200,11500,7000,5300
9535,960,20241101,True,147300,25000,13300,13600,38200,14300,19100,11500,7000,5300
9536,960,20241001,True,142900,21500,12400,13700,38200,14300,19100,11400,7000,5300
9537,960,20240901,True,147600,23000,12300,17200,38100,14300,19000,11400,7000,5300
9538,960,20240801,True,142900,23100,11900,13100,38000,14200,19000,11400,6900,5300
9539,960,20240701,True,130800,15300,11500,9400,37900,14200,19000,11400,6900,5200
9540,960,20240601,True,142700,24500,13300,10500,37800,14200,18900,11400,6900,5200
9541,960,20240501,True,138000,19300,10700,13700,37800,14200,18900,11300,6900,5200
9542,960,20240401,True,147700,25700,10600,17400,37700,14100,18800,11300,6900,5200
9543,960,20240301,False,142300,25300,9600,13500,37600,14100,18800,11300,6900,5200
9544,960,20240201,True,148700,21200,12500,21200,37500,14100,18800,11300,6900,5200
9545,960,20240101,True,148700,23400,10900,21100,37400,14000,18700,11200,6800,5200
9546,961,20260901,True,171900,35700,17600,21400,40000,15000,20000,12000,6200,4000
9547,961,20260801,False,169000,40800,16300,14900,39900,15000,20000,12000,6100,4000
9548,961,20260701,True,163300,35800,16200,14600,39800,14900,19900,12000,6100,4000
9549,961,20260601,True,160300,33200,16700,13800,39800,14900,19900,11900,6100,4000
9550,961,20260501,True,163600,29600,16200,21400,39700,14900,19800,11900,6100,4000
9551,961,20260401,True,168300,32400,17500,22200,39600,14800,19800,11900,6100,4000
9552,961,20260301,True,174700,34700,20200,23800,39500,14800,19800,11900,6100,3900
9553,961,20260201,False,176900,34000,16400,30800,39400,14800,19700,11800,6100,3900
9554,961,20260101,True,177400,32300,17400,32000,39400,14800,19700,11800,6100,3900
9555,961,20251201,True,176800,32400,17600,31500,39300,14700,19600,11800,6000,3900
9556,961,20251101,True,168400,33700,17800,21700,39200,14700,19600,11800,6000,3900
9557,961,20251001,True,170600,35000,18100,22500,39100,14700,19600,11700,6000,3900
9558,961,20250901,True,166600,34700,18100,19100,39000,14600,19500,11700,6000,3900
9559,961,20250801,False,163200,33800,17600,17100,39000,14600,19500,11700,6000,3900
9560,961,20250701,True,160500,31300,20300,14400,38900,14600,19400,11700,6000,3900
9561,961,20250601,True,158800,30300,18000,16200,38800,14600,19400,11600,6000,3900
9562,961,20250501,True,164800,32500,15700,22500,38700,14500,19400,11600,6000,3900
9563,961,20250401,True,166300,33400,18600,20500,38600,14500,19300,11600,5900,3900
9564,961,20250301,True,166000,33200,16300,22700,38600,14500,19300,11600,5900,3900
9565,961,20250201,True,176300,34700,16100,32200,38500,14400,19200,11500,5900,3800
9566,961,20250101,True,175900,33900,18100,30700,38400,14400,19200,11500,5900,3800
9567,961,20241201,True,167200,27300,17000,29800,38300,14400,19200,11500,5900,3800
9568,961,20241101,True,166600,33800,17700,22300,38200,14300,19100,11500,5900,3800
9569,961,20241001,True,168600,35400,17300,23200,38200,14300,19100,11400,5900,3800
9570,961,20240901,True,164700,35800,16500,19900,38100,14300,19000,11400,5900,3800
9571,961,20240801,True,157100,32600,16500,15700,38000,14200,19000,11400,5900,3800
9572,961,20240701,True,158600,33600,19000,13900,37900,14200,19000,11400,5800,3800
9573,961,20240601,True,158900,34000,18700,14300,37800,14200,18900,11400,5800,3800
9574,961,20240501,True,167100,37100,17000,21200,37800,14200,18900,11300,5800,3800
9575,961,20240401,True,163700,32400,17400,22400,37700,14100,18800,11300,5800,3800
9576,961,20240301,True,163600,36100,16200,19900,37600,14100,18800,11300,5800,3800
9577,961,20240201,True,168200,29800,16600,30600,37500,14100,18800,11300,5800,3700
9578,961,20240101,True,178000,37500,17600,32100,37400,14000,18700,11200,5800,3700
9579,961,20231201,True,166900,30700,18000,27400,37400,14000,18700,11200,5800,3700
9580,961,20231101,True,166100,34200,19300,22100,37300,14000,18600,11200,5700,3700
9581,961,20231001,False,159500,35500,15600,18100,37200,13900,18600,11200,5700,3700
9582,961,20230901,True,161700,32300,19400,19900,37100,13900,18600,11100,5700,3700
9583,961,20230801,True,158100,36600,16300,15300,37000,13900,18500,11100,5700,3700
9584,961,20230701,True,157800,32800,18000,17100,37000,13900,18500,11100,5700,3700
9585,961,20230601,True,157200,36300,17400,13900,36900,13800,18400,11100,5700,3700
9586,961,20230501,True,158700,32800,16800,19700,36800,13800,18400,11000,5700,3700
9587,961,20230401,True,163300,34300,17700,22000,36700,13800,18400,11000,5700,3700
9588,961,20230301,True,160600,34900,17000,19800,36600,13700,18300,11000,5600,3700
9589,961,20230201,True,171900,34200,19200,29600,36600,13700,18300,11000,5600,3700
9590,961,20230101,True,168300,30700,18800,30300,36500,13700,18200,10900,5600,3600
9591,961,20221201,True,169400,31000,18600,31500,36400,13600,18200,10900,5600,3600
9592,961,20221101,True,159100,31200,17000,22700,36300,13600,18200,10900,5600,3600
9593,962,20260901,True,181200,37900,19300,24100,40000,15000,20000,12000,9800,3100
9594,962,20260801,True,179100,40600,20500,18200,39900,15000,20000,12000,9800,3100
9595,963,20260901,True,174800,33000,17700,20700,40000,15000,20000,12000,11700,4700
9596,963,20260801,True,170800,34900,18500,14100,39900,15000,20000,12000,11700,4700
9597,963,20260701,True,162500,27700,15700,16100,39800,14900,19900,12000,11700,4700
9598,963,20260601,False,163300,29400,16200,14800,39800,14900,19900,11900,11700,4700
9599,963,20260501,True,175100,34300,15300,23000,39700,14900,19800,11900,11600,4600
9600,963,20260401,True,179300,34400,21300,21300,39600,14800,19800,11900,11600,4600
9601,963,20260301,True,177800,32800,18900,23900,39500,14800,19800,11900,11600,4600
9602,963,20260201,True,184200,34500,17700,30100,39400,14800,19700,11800,11600,4600
9603,963,20260101,True,182900,33700,17500,29800,39400,14800,19700,11800,11600,4600
9604,963,20251201,False,184100,35100,16300,31200,39300,14700,19600,11800,11500,4600
9605,963,20251101,True,171000,30900,16700,22000,39200,14700,19600,11800,11500,4600
9606,963,20251001,True,177200,37300,17300,21400,39100,14700,19600,11700,11500,4600
9607,963,20250901,False,173700,32000,19500,21300,39000,14600,19500,11700,11500,4600
9608,963,20250801,True,168100,34300,16400,16600,39000,14600,19500,11700,11400,4600
9609,963,20250701,True,163800,28700,19200,15300,38900,14600,19400,11700,11400,4600
9610,963,20250601,True,165000,32800,17700,14200,38800,14600,19400,11600,11400,4500
9611,963,20250501,True,168900,29800,18300,20700,38700,14500,19400,11600,11400,4500
9612,963,20250401,True,177500,37000,18700,22000,38600,14500,19300,11600,11300,4500
9613,963,20250301,True,169000,35600,15600,18000,38600,14500,19300,11600,11300,4500
9614,963,20250201,True,182000,32500,16900,33200,38500,14400,19200,11500,11300,4500
9615,963,20250101,True,175800,30500,15300,30700,38400,14400,19200,11500,11300,4500
9616,963,20241201,True,183800,33500,18800,32300,38300,14400,19200,11500,11300,4500
9617,963,20241101,True,176600,37900,17100,22800,38200,14300,19100,11500,11200,4500
9618,963,20241001,True,171400,34600,17600,20500,38200,14300,19100,11400,11200,4500
9619,963,20240901,True,173600,33900,18600,22600,38100,14300,19000,11400,11200,4500
9620,963,20240801,True,163900,33200,16700,15800,38000,14200,19000,11400,11200,4400
9621,964,20260901,True,163100,25200,18600,20700,40000,15000,20000,12000,8500,3100
9622,965,20260901,True,146900,22000,9500,16600,40000,15000,20000,12000,8000,3800
9623,965,20260801,True,143000,23000,11600,9700,39900,15000,20000,12000,8000,3800
9624,965,20260701,True,137100,21600,11300,5800,39800,14900,19900,12000,8000,3800
9625,965,20260601,True,141400,23800,10900,8400,39800,14900,19900,11900,8000,3800
9626,965,20260501,True,151100,24300,12200,16600,39700,14900,19800,11900,8000,3700
9627,965,20260401,True,144400,20100,11500,15000,39600,14800,19800,11900,8000,3700
9628,965,20260301,True,147100,26200,11500,11800,39500,14800,19800,11900,7900,3700
9629,965,20260201,True,152800,20000,12900,22600,39400,14800,19700,11800,7900,3700
9630,965,20260101,True,147900,19300,10800,20500,39400,14800,19700,11800,7900,3700
9631,965,20251201,False,148500,19000,9800,22700,39300,14700,19600,11800,7900,3700
9632,965,20251101,False,148900,26000,10600,15400,39200,14700,19600,11800,7900,3700
9633,965,20251001,True,145300,20600,13900,14100,39100,14700,19600,11700,7900,3700
9634,965,20250901,True,144400,25100,8700,14300,39000,14600,19500,11700,7800,3700
9635,965,20250801,True,140100,23800,12200,7800,39000,14600,19500,11700,7800,3700
9636,965,20250701,True,140700,21400,11800,11400,38900,14600,19400,11700,7800,3700
9637,965,20250601,True,142600,22200,13400,11100,38800,14600,19400,11600,7800,3700
9638,965,20250501,True,144900,21700,12100,15400,38700,14500,19400,11600,7800,3700
9639,965,20250401,True,141000,19000,11300,15300,38600,14500,19300,11600,7800,3600
9640,965,20250301,True,136800,18800,10600,12000,38600,14500,19300,11600,7800,3600
9641,965,20250201,True,149100,18500,13600,22100,38500,14400,19200,11500,7700,3600
9642,965,20250101,True,149000,22200,9700,22300,38400,14400,19200,11500,7700,3600
9643,965,20241201,True,156900,31000,10400,20800,38300,14400,19200,11500,7700,3600
9644,965,20241101,True,141600,22300,11200,13700,38200,14300,19100,11500,7700,3600
9645,965,20241001,True,146400,25500,11500,15100,38200,14300,19100,11400,7700,3600
9646,965,20240901,True,137300,18500,11200,13500,38100,14300,19000,11400,7700,3600
9647,965,20240801,True,147300,29000,13700,10800,38000,14200,19000,11400,7600,3600
9648,965,20240701,True,138500,23900,11000,9900,37900,14200,19000,11400,7600,3600
9649,965,20240601,True,136400,20900,11200,10800,37800,14200,18900,11400,7600,3600
9650,965,20240501,True,143600,18800,13000,18400,37800,14200,18900,11300,7600,3600
9651,965,20240401,True,143300,23200,13000,14000,37700,14100,18800,11300,7600,3600
9652,965,20240301,True,134900,18000,11800,12100,37600,14100,18800,11300,7600,3600
9653,965,20240201,False,146900,23400,12400,18400,37500,14100,18800,11300,7500,3500
9654,965,20240101,True,147400,20300,12800,22000,37400,14000,18700,11200,7500,3500
9655,965,20231201,True,150000,22300,12700,22700,37400,14000,18700,11200,7500,3500
9656,965,20231101,True,145000,23900,12400,16600,37300,14000,18600,11200,7500,3500
9657,965,20231001,True,135200,17100,11100,15100,37200,13900,18600,11200,7500,3500
9658,965,20230901,True,145500,24600,14100,15100,37100,13900,18600,11100,7500,3500
9659,965,20230801,True,136900,21700,12300,11500,37000,13900,18500,11100,7400,3500
9660,965,20230701,True,140100,28000,10300,10400,37000,13900,18500,11100,7400,3500
9661,965,20230601,True,139000,24000,13300,10600,36900,13800,18400,11100,7400,3500
9662,965,20230501,True,141400,22500,13200,14800,36800,13800,18400,11000,7400,3500
9663,965,20230401,False,137000,22900,8700,14600,36700,13800,18400,11000,7400,3500
9664,966,20260901,True,146400,23600,12300,13400,40000,15000,20000,12000,6600,3500
9665,966,20260801,True,139900,21900,9900,11200,39900,15000,20000,12000,6500,3500
9666,966,20260701,True,140700,23500,11500,9100,39800,14900,19900,12000,6500,3500
9667,966,20260601,True,136500,21200,11500,7300,39800,14900,19900,11900,6500,3500
9668,966,20260501,True,144900,21300,11200,16100,39700,14900,19800,11900,6500,3500
9669,966,20260401,True,141400,21200,10900,13300,39600,14800,19800,11900,6500,3400
9670,966,20260301,True,144800,25200,9200,14500,39500,14800,19800,11900,6500,3400
9671,966,20260201,True,146400,21000,11400,18400,39400,14800,19700,11800,6500,3400
9672,966,20260101,False,147600,20400,10900,20700,39400,14800,19700,11800,6500,3400
9673,966,20251201,True,146100,19700,10600,20600,39300,14700,19600,11800,6400,3400
9674,966,20251101,True,147000,25400,12200,14300,39200,14700,19600,11800,6400,3400
9675,966,20251001,True,146100,23300,12800,15100,39100,14700,19600,11700,6400,3400
9676,966,20250901,True,149100,27600,11500,15400,39000,14600,19500,11700,6400,3400
9677,967,20260901,True,177100,34000,20200,25800,40000,15000,20000,12000,6600,3500
9678,967,20260801,True,171000,37800,19900,16400,39900,15000,20000,12000,6500,3500
9679,967,20260701,True,175600,39500,22200,17300,39800,14900,19900,12000,6500,3500
9680,967,20260601,True,171900,38800,20200,16400,39800,14900,19900,11900,6500,3500
9681,967,20260501,True,178600,40300,18900,23100,39700,14900,19800,11900,6500,3500
9682,967,20260401,True,175600,36600,15800,27200,39600,14800,19800,11900,6500,3400
9683,967,20260301,True,181300,38000,21500,25900,39500,14800,19800,11900,6500,3400
9684,967,20260201,True,200600,46600,22600,35800,39400,14800,19700,11800,6500,3400
9685,967,20260101,True,196600,43800,20900,36300,39400,14800,19700,11800,6500,3400
9686,967,20251201,True,188100,39600,19900,33400,39300,14700,19600,11800,6400,3400
9687,967,20251101,True,182900,44700,19500,23600,39200,14700,19600,11800,6400,3400
9688,967,20251001,True,177700,37700,19600,25500,39100,14700,19600,11700,6400,3400
9689,967,20250901,True,175000,38100,18300,24000,39000,14600,19500,11700,6400,3400
9690,967,20250801,True,174000,41100,22400,15900,39000,14600,19500,11700,6400,3400
9691,967,20250701,True,173500,41200,21900,16000,38900,14600,19400,11700,6400,3400
9692,967,20250601,True,173200,41500,19900,17600,38800,14600,19400,11600,6400,3400
9693,967,20250501,True,179400,37100,21000,27400,38700,14500,19400,11600,6300,3400
9694,967,20250401,True,175300,39000,20100,22500,38600,14500,19300,11600,6300,3400
9695,967,20250301,True,174800,37800,17700,25600,38600,14500,19300,11600,6300,3400
9696,967,20250201,True,189800,40400,21000,35100,38500,14400,19200,11500,6300,3400
9697,967,20250101,True,187100,39300,19900,34800,38400,14400,19200,11500,6300,3300
9698,967,20241201,True,193000,41800,20500,37700,38300,14400,19200,11500,6300,3300
9699,967,20241101,True,169300,34200,18000,24400,38200,14300,19100,11500,6300,3300
9700,967,20241001,True,172000,32900,20500,26000,38200,14300,19100,11400,6300,3300
9701,967,20240901,False,174500,38600,19900,23700,38100,14300,19000,11400,6200,3300
9702,967,20240801,True,168000,40000,18800,17100,38000,14200,19000,11400,6200,3300
9703,967,20240701,True,162700,32400,20300,18000,37900,14200,19000,11400,6200,3300
9704,967,20240601,True,167600,36900,20800,18100,37800,14200,18900,11400,6200,3300
9705,967,20240501,True,176100,42000,17900,24500,37800,14200,18900,11300,6200,3300
9706,968,20260901,True,189600,44800,21000,23900,40000,15000,20000,12000,9800,3100
9707,968,20260801,True,177600,37200,22400,18200,39900,15000,20000,12000,9800,3100
9708,968,20260701,True,178100,39200,21100,18300,39800,14900,19900,12000,9800,3100
9709,968,20260601,True,180300,42900,19900,18100,39800,14900,19900,11900,9800,3100
9710,968,20260501,True,181800,36000,20200,26400,39700,14900,19800,11900,9800,3100
9711,968,20260401,True,182400,39200,20500,23800,39600,14800,19800,11900,9700,3100
9712,968,20260301,False,191100,44200,22000,26100,39500,14800,19800,11900,9700,3100
9713,968,20260201,True,191600,37700,21100,34300,39400,14800,19700,11800,9700,3100
9714,968,20260101,True,196500,44400,19600,34000,39400,14800,19700,11800,9700,3100
9715,968,20251201,True,191200,38500,20800,33700,39300,14700,19600,11800,9700,3100
9716,968,20251101,True,185900,40700,19500,27700,39200,14700,19600,11800,9600,3100
9717,968,20251001,True,188000,42400,21400,26400,39100,14700,19600,11700,9600,3100
9718,968,20250901,True,183800,36500,21800,28000,39000,14600,19500,11700,9600,3100
9719,968,20250801,True,174500,38200,20400,18500,39000,14600,19500,11700,9600,3000
9720,968,20250701,True,175700,38100,23200,17200,38900,14600,19400,11700,9600,3000
9721,968,20250601,True,180800,43400,21700,18800,38800,14600,19400,11600,9500,3000
9722,968,20250501,True,184900,42200,21900,24100,38700,14500,19400,11600,9500,3000
9723,968,20250401,True,188700,42600,22500,27100,38600,14500,19300,11600,9500,3000
9724,968,20250301,True,183800,37200,22400,27700,38600,14500,19300,11600,9500,3000
9725,968,20250201,True,190600,37200,21400,35900,38500,14400,19200,11500,9500,3000
9726,968,20250101,True,193300,40200,20600,36600,38400,14400,19200,11500,9400,3000
9727,969,20260901,True,171500,31900,13200,23000,40000,15000,20000,12000,11700,4700
9728,969,20260801,True,169200,35600,16000,14300,39900,15000,20000,12000,11700,4700
9729,969,20260701,True,165300,31000,16200,15100,39800,14900,19900,12000,11700,4700
9730,969,20260601,True,172200,39000,16800,13500,39800,14900,19900,11900,11700,4700
9731,969,20260501,True,172300,32400,16000,21400,39700,14900,19800,11900,11600,4600
9732,969,20260401,True,180600,35000,18600,24700,39600,14800,19800,11900,11600,4600
9733,969,20260301,True,169400,29700,16200,21300,39500,14800,19800,11900,11600,4600
9734,969,20260201,False,182500,33300,19200,28100,39400,14800,19700,11800,11600,4600
9735,969,20260101,True,183900,37200,16300,28500,39400,14800,19700,11800,11600,4600
9736,969,20251201,True,183000,32800,16700,32000,39300,14700,19600,11800,11500,4600
9737,970,20260901,True,188300,38300,20400,25500,40000,15000,20000,12000,11100,6000
9738,971,20260901,True,173100,29700,17700,21900,40000,15000,20000,12000,10400,6400
9739,971,20260801,True,170300,34000,18000,14600,39900,15000,20000,12000,10400,6400
9740,971,20260701,True,173900,34900,19000,16600,39800,14900,19900,12000,10400,6400
9741,971,20260601,True,165400,31300,15800,15100,39800,14900,19900,11900,10400,6300
9742,971,20260501,True,176500,33500,17600,22500,39700,14900,19800,11900,10300,6300
9743,972,20260901,True,152600,26800,11300,14700,40000,15000,20000,12000,7300,5500
9744,972,20260801,True,147600,26400,12700,8800,39900,15000,20000,12000,7300,5500
9745,972,20260701,True,143300,22400,11800,9700,39800,14900,19900,12000,7300,5500
9746,972,20260601,True,147200,25600,12700,9600,39800,14900,19900,11900,7300,5500
9747,973,20260901,True,204300,45500,24200,30500,40000,15000,20000,12000,11100,6000
9748,973,20260801,True,195900,45700,23700,22500,39900,15000,20000,12000,11100,6000
9749,974,20260901,True,163400,28700,15400,19500,40000,15000,20000,12000,7300,5500
9750,974,20260801,True,158000,29200,17000,12100,39900,15000,20000,12000,7300,5500
9751,974,20260701,True,157600,30300,14800,13100,39800,14900,19900,12000,7300,5500
9752,975,20260901,True,174300,36400,17100,20600,40000,15000,20000,12000,7300,5900
9753,975,20260801,True,167400,32900,20600,13800,39900,15000,20000,12000,7300,5900
9754,975,20260701,True,168500,36200,16900,15600,39800,14900,19900,12000,7300,5900
9755,976,20260901,False,152700,22200,12500,13900,40000,15000,20000,12000,11100,6000
9756,977,20260901,True,176000,33800,17400,21000,40000,15000,20000,12000,10400,6400
9757,977,20260801,True,165600,28900,18000,15000,39900,15000,20000,12000,10400,6400
9758,977,20260701,True,161300,27200,17100,13600,39800,14900,19900,12000,10400,6400
9759,977,20260601,True,169000,34000,18000,13800,39800,14900,19900,11900,10400,6300
9760,977,20260501,False,171500,31700,16000,20900,39700,14900,19800,11900,10300,6300
9761,977,20260401,True,171900,30600,15900,22700,39600,14800,19800,11900,10300,6300
9762,977,20260301,True,166600,28700,16100,19200,39500,14800,19800,11900,10300,6300
9763,977,20260201,True,178900,31700,17800,27100,39400,14800,19700,11800,10300,6300
9764,977,20260101,True,178900,30000,17000,29600,39400,14800,19700,11800,10300,6300
9765,977,20251201,True,176200,28700,18100,27500,39300,14700,19600,11800,10200,6300
9766,977,20251101,True,178000,38100,15500,22600,39200,14700,19600,11800,10200,6300
9767,977,20251001,True,172500,29200,17500,24300,39100,14700,19600,11700,10200,6200
9768,977,20250901,False,172000,30200,17200,23400,39000,14600,19500,11700,10200,6200
9769,977,20250801,True,161300,29800,17300,13100,39000,14600,19500,11700,10100,6200
9770,977,20250701,True,167700,31700,18100,17000,38900,14600,19400,11700,10100,6200
9771,977,20250601,False,162300,30300,16500,14800,38800,14600,19400,11600,10100,6200
9772,977,20250501,True,174700,34600,16600,23000,38700,14500,19400,11600,10100,6200
9773,978,20260901,True,155300,28400,12600,17200,40000,15000,20000,12000,6600,3500
9774,978,20260801,True,149400,24400,14000,14100,39900,15000,20000,12000,6500,3500
9775,978,20260701,True,148500,28000,13500,10400,39800,14900,19900,12000,6500,3500
9776,978,20260601,True,151300,29300,14500,11000,39800,14900,19900,11900,6500,3500
9777,979,20260901,True,174300,30800,17500,21700,40000,15000,20000,12000,10800,6500
9778,980,20260901,True,161200,31000,16400,16700,40000,15000,20000,12000,6600,3500
9779,980,20260801,True,157000,31200,14900,14000,39900,15000,20000,12000,6500,3500
9780,980,20260701,True,157300,28900,15500,16300,39800,14900,19900,12000,6500,3500
9781,980,20260601,True,150200,25700,15700,12300,39800,14900,19900,11900,6500,3500
9782,980,20260501,True,160500,30300,15500,18400,39700,14900,19800,11900,6500,3500
9783,980,20260401,True,160400,31600,14600,18200,39600,14800,19800,11900,6500,3400
9784,980,20260301,True,158600,30200,14200,18300,39500,14800,19800,11900,6500,3400
9785,981,20260901,True,186600,39300,21200,25200,40000,15000,20000,12000,10900,3000
9786,981,20260801,True,183000,40900,20400,21000,39900,15000,20000,12000,10800,3000
9787,981,20260701,True,183200,43800,21600,17400,39800,14900,19900,12000,10800,3000
9788,982,20260901,True,165600,29000,14400,18400,40000,15000,20000,12000,10400,6400
9789,982,20260801,True,162900,31900,14000,13300,39900,15000,20000,12000,10400,6400
9790,982,20260701,True,158500,26700,14400,14000,39800,14900,19900,12000,10400,6400
9791,982,20260601,True,162500,31100,13900,14300,39800,14900,19900,11900,10400,6300
9792,982,20260501,True,162900,25900,16100,18000,39700,14900,19800,11900,10300,6300
9793,982,20260401,True,165500,28500,13800,20500,39600,14800,19800,11900,10300,6300
9794,983,20260901,True,160000,26800,13700,15700,40000,15000,20000,12000,10400,6400
9795,984,20260901,True,195400,43700,23100,29800,40000,15000,20000,12000,8000,3800
9796,985,20260901,True,163700,31400,14600,17900,40000,15000,20000,12000,7300,5500
9797,985,20260801,True,159400,31600,15900,12200,39900,15000,20000,12000,7300,5500
9798,986,20260901,True,184500,39100,20700,24900,40000,15000,20000,12000,7300,5500
9799,986,20260801,True,181600,40400,20700,20800,39900,15000,20000,12000,7300,5500
9800,986,20260701,True,180400,40100,20700,20200,39800,14900,19900,12000,7300,5500
9801,986,20260601,True,183700,42700,22900,18800,39800,14900,19900,11900,7300,5500
9802,987,20260901,True,178300,36900,20200,24000,40000,15000,20000,12000,6200,4000
9803,987,20260801,True,169000,31800,22300,17900,39900,15000,20000,12000,6100,4000
9804,987,20260701,True,166900,34700,19300,16200,39800,14900,19900,12000,6100,4000
9805,987,20260601,True,169200,37400,19600,15600,39800,14900,19900,11900,6100,4000
9806,987,20260501,True,174000,36200,19500,21900,39700,14900,19800,11900,6100,4000
9807,987,20260401,True,179400,38700,20400,24100,39600,14800,19800,11900,6100,4000
9808,987,20260301,True,171600,34700,17200,23700,39500,14800,19800,11900,6100,3900
9809,987,20260201,True,179000,34100,17600,31600,39400,14800,19700,11800,6100,3900
9810,987,20260101,True,189800,38700,18600,36800,39400,14800,19700,11800,6100,3900
9811,987,20251201,True,177500,33000,17900,31300,39300,14700,19600,11800,6000,3900
9812,987,20251101,True,177300,38000,18200,25900,39200,14700,19600,11800,6000,3900
9813,987,20251001,True,172100,30500,22500,24100,39100,14700,19600,11700,6000,3900
9814,987,20250901,True,170900,31000,19400,25800,39000,14600,19500,11700,6000,3900
9815,987,20250801,True,171600,40100,19600,17200,39000,14600,19500,11700,6000,3900
9816,987,20250701,True,173200,41200,19200,18300,38900,14600,19400,11700,6000,3900
9817,987,20250601,True,163000,34300,19600,14800,38800,14600,19400,11600,6000,3900
9818,987,20250501,True,175800,36100,20200,25400,38700,14500,19400,11600,6000,3900
9819,987,20250401,False,171700,37000,18000,22900,38600,14500,19300,11600,5900,3900
9820,987,20250301,True,168600,31300,18600,24900,38600,14500,19300,11600,5900,3900
9821,987,20250201,True,184900,40100,18800,32700,38500,14400,19200,11500,5900,3800
9822,987,20250101,True,185400,40300,18500,33400,38400,14400,19200,11500,5900,3800
9823,987,20241201,True,185400,36400,21100,34800,38300,14400,19200,11500,5900,3800
9824,987,20241101,True,175600,38800,18000,26000,38200,14300,19100,11500,5900,3800
9825,987,20241001,True,163000,28700,20000,21600,38200,14300,19100,11400,5900,3800
9826,987,20240901,True,170300,36300,18000,23500,38100,14300,19000,11400,5900,3800
9827,987,20240801,True,163800,35700,17300,18500,38000,14200,19000,11400,5900,3800
9828,987,20240701,True,162000,33500,18300,18100,37900,14200,19000,11400,5800,3800
9829,987,20240601,True,167000,36500,19700,18900,37800,14200,18900,11400,5800,3800
9830,987,20240501,True,167200,35900,17000,22500,37800,14200,18900,11300,5800,3800
9831,988,20260901,True,179400,36200,19500,23800,40000,15000,20000,12000,9800,3100
9832,988,20260801,True,169300,36400,18800,14300,39900,15000,20000,12000,9800,3100
9833,988,20260701,True,165400,34100,18800,13000,39800,14900,19900,12000,9800,3100
9834,988,20260601,True,162700,29400,18900,15000,39800,14900,19900,11900,9800,3100
9835,988,20260501,True,175400,36000,17100,23100,39700,14900,19800,11900,9800,3100
9836,989,20260901,True,184300,36800,20900,23200,40000,15000,20000,12000,11700,4700
9837,989,20260801,True,184500,42700,21500,17000,39900,15000,20000,12000,11700,4700
9838,989,20260701,True,179800,36100,23600,17100,39800,14900,19900,12000,11700,4700
9839,989,20260601,True,184000,37900,24600,18600,39800,14900,19900,11900,11700,4700
9840,989,20260501,True,187700,39500,20700,25000,39700,14900,19800,11900,11600,4600
9841,989,20260401,True,190000,42000,19900,25800,39600,14800,19800,11900,11600,4600
9842,989,20260301,True,192600,40900,20800,28700,39500,14800,19800,11900,11600,4600
9843,989,20260201,True,201800,44400,21700,33800,39400,14800,19700,11800,11600,4600
9844,989,20260101,True,201200,41800,21400,36100,39400,14800,19700,11800,11600,4600
9845,989,20251201,True,200600,42300,21500,35300,39300,14700,19600,11800,11500,4600
9846,989,20251101,True,194500,44000,22300,26800,39200,14700,19600,11800,11500,4600
9847,989,20251001,True,190400,43000,21000,25200,39100,14700,19600,11700,11500,4600
9848,989,20250901,True,192500,42700,20900,28000,39000,14600,19500,11700,11500,4600
9849,989,20250801,True,187800,43600,21700,21700,39000,14600,19500,11700,11400,4600
9850,989,20250701,True,178700,40600,20000,17500,38900,14600,19400,11700,11400,4600
9851,989,20250601,True,178400,40500,21200,16400,38800,14600,19400,11600,11400,4500
9852,989,20250501,True,191900,42700,21100,28000,38700,14500,19400,11600,11400,4500
9853,989,20250401,False,190300,41500,20700,28300,38600,14500,19300,11600,11300,4500
9854,989,20250301,True,186600,40900,20200,25700,38600,14500,19300,11600,11300,4500
9855,989,20250201,True,199300,43000,21800,35100,38500,14400,19200,11500,11300,4500
9856,989,20250101,True,197100,40600,19800,37400,38400,14400,19200,11500,11300,4500
9857,990,20260901,True,166700,29100,15900,21900,40000,15000,20000,12000,7300,5500
9858,990,20260801,True,155900,26800,15100,14300,39900,15000,20000,12000,7300,5500
9859,990,20260701,True,161000,29300,16400,15900,39800,14900,19900,12000,7300,5500
9860,990,20260601,True,162500,32000,17300,13900,39800,14900,19900,11900,7300,5500
9861,990,20260501,True,162500,29500,16600,17300,39700,14900,19800,11900,7300,5500
9862,990,20260401,True,169400,32900,16600,21100,39600,14800,19800,11900,7200,5500
9863,990,20260301,True,161800,31500,14700,16900,39500,14800,19800,11900,7200,5500
9864,990,20260201,True,176300,31500,16700,29800,39400,14800,19700,11800,7200,5400
9865,990,20260101,True,172400,29300,14500,30300,39400,14800,19700,11800,7200,5400
9866,990,20251201,True,175600,30900,17200,29500,39300,14700,19600,11800,7200,5400
9867,990,20251101,True,164100,30200,15400,20600,39200,14700,19600,11800,7200,5400
9868,990,20251001,True,162900,28100,16600,20500,39100,14700,19600,11700,7200,5400
9869,990,20250901,True,158900,28900,13400,19300,39000,14600,19500,11700,7100,5400
9870,990,20250801,True,161000,30600,17100,16000,39000,14600,19500,11700,7100,5400
9871,990,20250701,True,152800,28200,13800,13700,38900,14600,19400,11700,7100,5400
9872,990,20250601,True,153300,28000,12800,15600,38800,14600,19400,11600,7100,5400
9873,990,20250501,True,162900,30300,15800,20200,38700,14500,19400,11600,7100,5300
9874,990,20250401,True,167800,33900,15400,22100,38600,14500,19300,11600,7100,5300
9875,990,20250301,True,157100,28200,14200,18400,38600,14500,19300,11600,7000,5300
9876,990,20250201,True,173000,32100,15900,29100,38500,14400,19200,11500,7000,5300
9877,990,20250101,True,175800,33700,18400,27900,38400,14400,19200,11500,7000,5300
9878,990,20241201,True,163100,24900,14000,28500,38300,14400,19200,11500,7000,5300
9879,990,20241101,True,160200,26900,17600,20300,38200,14300,19100,11500,7000,5300
9880,990,20241001,True,169300,36900,16800,20300,38200,14300,19100,11400,7000,5300
9881,990,20240901,True,160000,30600,16300,18000,38100,14300,19000,11400,7000,5300
9882,990,20240801,True,157300,33500,17000,12000,38000,14200,19000,11400,6900,5300
9883,991,20260901,True,189300,44300,21000,26800,40000,15000,20000,12000,6200,4000
9884,991,20260801,True,181800,43800,20900,20100,39900,15000,20000,12000,6100,4000
9885,991,20260701,True,181700,41400,22100,21500,39800,14900,19900,12000,6100,4000
9886,991,20260601,True,174000,41900,20100,15400,39800,14900,19900,11900,6100,4000
9887,991,20260501,True,195600,48000,22000,29200,39700,14900,19800,11900,6100,4000
9888,991,20260401,True,193300,46600,23000,27500,39600,14800,19800,11900,6100,4000
9889,991,20260301,True,182000,37100,21900,27000,39500,14800,19800,11900,6100,3900
9890,992,20260901,True,151800,22200,11700,17000,40000,15000,20000,12000,10900,3000
9891,992,20260801,True,138500,16800,9500,11500,39900,15000,20000,12000,10800,3000
9892,992,20260701,True,140700,20300,10000,10000,39800,14900,19900,12000,10800,3000
9893,992,20260601,True,141400,23800,10100,7200,39800,14900,19900,11900,10800,3000
9894,992,20260501,True,144200,18000,10700,15400,39700,14900,19800,11900,10800,3000
9895,992,20260401,True,148400,24400,11100,13100,39600,14800,19800,11900,10700,3000
9896,992,20260301,True,147500,22900,9800,15100,39500,14800,19800,11900,10700,3000
9897,992,20260201,True,149000,21100,9100,19400,39400,14800,19700,11800,10700,3000
9898,992,20260101,True,147200,17100,9100,21600,39400,14800,19700,11800,10700,3000
9899,992,20251201,True,153900,22500,13000,19300,39300,14700,19600,11800,10700,3000
9900,992,20251101,False,151300,23200,13700,15500,39200,14700,19600,11800,10600,3000
9901,992,20251001,True,142800,19300,10900,13900,39100,14700,19600,11700,10600,3000
9902,992,20250901,False,141500,19000,11700,12400,39000,14600,19500,11700,10600,3000
9903,992,20250801,True,142200,21800,10800,11200,39000,14600,19500,11700,10600,3000
9904,992,20250701,True,140500,20800,11100,10500,38900,14600,19400,11700,10600,2900
9905,992,20250601,True,138700,20400,12700,7800,38800,14600,19400,11600,10500,2900
9906,992,20250501,True,146300,23200,11300,14200,38700,14500,19400,11600,10500,2900
9907,992,20250401,True,138700,19200,8200,13900,38600,14500,19300,11600,10500,2900
9908,992,20250301,True,140400,19000,10900,13100,38600,14500,19300,11600,10500,2900
9909,992,20250201,True,147300,20000,9900,20500,38500,14400,19200,11500,10400,2900
9910,992,20250101,True,143900,19000,10600,17500,38400,14400,19200,11500,10400,2900
9911,992,20241201,True,147500,21100,10700,19000,38300,14400,19200,11500,10400,2900
9912,993,20260901,True,173800,35900,17700,23100,40000,15000,20000,12000,6600,3500
9913,993,20260801,True,163700,35000,17500,14300,39900,15000,20000,12000,6500,3500
9914,993,20260701,True,161100,36400,14500,13600,39800,14900,19900,12000,6500,3500
9915,993,20260601,False,158700,31100,16000,15100,39800,14900,19900,11900,6500,3500
9916,993,20260501,True,157500,26100,14900,20200,39700,14900,19800,11900,6500,3500
9917,993,20260401,True,167000,34800,15300,20900,39600,14800,19800,11900,6500,3400
9918,993,20260301,True,166400,30800,17600,22100,39500,14800,19800,11900,6500,3400
9919,993,20260201,True,178200,35300,18100,29200,39400,14800,19700,11800,6500,3400
9920,993,20260101,True,176300,31900,19100,29700,39400,14800,19700,11800,6500,3400
9921,993,20251201,True,170900,30700,18100,26900,39300,14700,19600,11800,6400,3400
9922,993,20251101,True,163300,29300,16000,22900,39200,14700,19600,11800,6400,3400
9923,993,20251001,True,165700,32800,16800,21200,39100,14700,19600,11700,6400,3400
9924,993,20250901,True,167500,32400,17200,23300,39000,14600,19500,11700,6400,3400
9925,993,20250801,True,164400,40000,17400,12400,39000,14600,19500,11700,6400,3400
9926,993,20250701,True,152800,30800,15900,11700,38900,14600,19400,11700,6400,3400
9927,993,20250601,True,156700,28400,19700,14400,38800,14600,19400,11600,6400,3400
9928,993,20250501,True,158500,29900,15600,19100,38700,14500,19400,11600,6300,3400
9929,993,20250401,True,158900,29600,15000,20600,38600,14500,19300,11600,6300,3400
9930,993,20250301,True,164000,31700,17000,21600,38600,14500,19300,11600,6300,3400
9931,993,20250201,True,170900,32200,17300,28100,38500,14400,19200,11500,6300,3400
9932,993,20250101,True,173000,33500,16700,29700,38400,14400,19200,11500,6300,3300
9933,993,20241201,True,176900,34400,18100,31400,38300,14400,19200,11500,6300,3300
9934,993,20241101,True,169100,37400,16500,22500,38200,14300,19100,11500,6300,3300
9935,993,20241001,True,160300,29600,17200,20900,38200,14300,19100,11400,6300,3300
9936,993,20240901,True,168100,35100,17900,22800,38100,14300,19000,11400,6200,3300
9937,993,20240801,True,154700,31600,15300,15700,38000,14200,19000,11400,6200,3300
9938,993,20240701,True,155800,30200,17500,16100,37900,14200,19000,11400,6200,3300
9939,993,20240601,True,156300,33400,15200,15900,37800,14200,18900,11400,6200,3300
9940,993,20240501,True,160700,28200,16600,24200,37800,14200,18900,11300,6200,3300
9941,993,20240401,True,160100,31600,15200,21900,37700,14100,18800,11300,6200,3300
9942,993,20240301,True,159000,30100,17200,20400,37600,14100,18800,11300,6200,3300
9943,993,20240201,True,171300,32100,17300,30800,37500,14100,18800,11300,6100,3300
9944,993,20240101,True,166300,28700,14600,32300,37400,14000,18700,11200,6100,3300
9945,993,20231201,True,169900,29700,18300,31200,37400,14000,18700,11200,6100,3300
9946,993,20231101,True,157300,29100,15700,22100,37300,14000,18600,11200,6100,3200
9947,993,20231001,True,161200,34000,15700,21300,37200,13900,18600,11200,6100,3200
9948,993,20230901,True,161600,32400,18500,20700,37100,13900,18600,11100,6100,3200
9949,993,20230801,True,155500,33300,16000,16400,37000,13900,18500,11100,6100,3200
9950,993,20230701,True,150800,30700,16800,13500,37000,13900,18500,11100,6100,3200
9951,993,20230601,True,156600,33700,17400,16100,36900,13800,18400,11100,6000,3200
9952,993,20230501,True,159300,32700,18100,19300,36800,13800,18400,11000,6000,3200
9953,993,20230401,True,156800,30100,16400,21200,36700,13800,18400,11000,6000,3200
9954,994,20260901,False,159700,24900,14200,18000,40000,15000,20000,12000,9900,5700
9955,994,20260801,True,152700,24800,13700,11700,39900,15000,20000,12000,9900,5700
9956,994,20260701,True,160400,30200,16300,11700,39800,14900,19900,12000,9900,5700
9957,994,20260601,True,153700,25400,14000,12300,39800,14900,19900,11900,9800,5700
9958,994,20260501,True,163200,27200,14100,20100,39700,14900,19800,11900,9800,5700
9959,994,20260401,True,157500,23100,15300,17500,39600,14800,19800,11900,9800,5700
9960,994,20260301,True,156500,23300,13100,18600,39500,14800,19800,11900,9800,5700
9961,994,20260201,True,163800,25800,13600,23300,39400,14800,19700,11800,9800,5600
9962,994,20260101,True,166100,28900,12700,23500,39400,14800,19700,11800,9700,5600
9963,994,20251201,True,165700,29100,13300,22600,39300,14700,19600,11800,9700,5600
9964,994,20251101,True,161000,28800,15700,15900,39200,14700,19600,11800,9700,5600
9965,994,20251001,True,153000,24900,12400,15300,39100,14700,19600,11700,9700,5600
9966,994,20250901,True,156800,25600,14200,16900,39000,14600,19500,11700,9700,5600
9967,994,20250801,True,153200,27500,14700,11000,39000,14600,19500,11700,9600,5600
9968,994,20250701,True,155000,27800,14000,13400,38900,14600,19400,11700,9600,5600
9969,994,20250601,True,154100,28400,13000,13100,38800,14600,19400,11600,9600,5600
9970,994,20250501,True,157500,28400,13400,16400,38700,14500,19400,11600,9600,5500
9971,994,20250401,True,155600,24600,14100,17800,38600,14500,19300,11600,9600,5500
9972,994,20250301,True,154600,23600,13700,18300,38600,14500,19300,11600,9500,5500
9973,994,20250201,True,156800,22800,13300,22100,38500,14400,19200,11500,9500,5500
9974,994,20250101,True,160300,23600,13000,25200,38400,14400,19200,11500,9500,5500
9975,994,20241201,True,168000,30900,13500,25200,38300,14400,19200,11500,9500,5500
9976,994,20241101,True,154400,22300,16100,17900,38200,14300,19100,11500,9500,5500
9977,994,20241001,True,155500,27200,11400,19000,38200,14300,19100,11400,9400,5500
9978,994,20240901,False,152900,21800,16000,17500,38100,14300,19000,11400,9400,5400
9979,994,20240801,True,146200,22400,13600,12800,38000,14200,19000,11400,9400,5400
9980,994,20240701,True,151500,26400,12900,14900,37900,14200,19000,11400,9400,5400
9981,995,20260901,True,184600,41500,19900,23400,40000,15000,20000,12000,7300,5500
9982,996,20260901,True,174400,32800,18700,24300,40000,15000,20000,12000,8500,3100
9983,997,20260901,True,206700,47500,26400,34200,40000,15000,20000,12000,8500,3100
9984,997,20260801,True,194900,51500,24600,20300,39900,15000,20000,12000,8500,3100
9985,997,20260701,False,194800,48100,25600,22900,39800,14900,19900,12000,8500,3100
9986,997,20260601,True,199800,54600,25700,21400,39800,14900,19900,11900,8500,3100
9987,997,20260501,True,198800,43900,25400,31600,39700,14900,19800,11900,8500,3100
9988,997,20260401,True,196500,42100,26900,29900,39600,14800,19800,11900,8400,3100
9989,997,20260301,True,202200,50600,25000,29100,39500,14800,19800,11900,8400,3100
9990,997,20260201,True,214900,49000,24100,44600,39400,14800,19700,11800,8400,3100
9991,997,20260101,True,217200,49100,26100,44800,39400,14800,19700,11800,8400,3100
9992,997,20251201,True,214800,48100,26500,43300,39300,14700,19600,11800,8400,3100
9993,997,20251101,True,199500,45800,25300,31600,39200,14700,19600,11800,8400,3100
9994,997,20251001,True,203700,51400,24700,31100,39100,14700,19600,11700,8300,3100
9995,997,20250901,True,199200,49500,24100,29400,39000,14600,19500,11700,8300,3100
9996,997,20250801,True,192000,49900,26200,19700,39000,14600,19500,11700,8300,3100
9997,997,20250701,True,194100,47600,25200,25300,38900,14600,19400,11700,8300,3100
9998,998,20260901,True,153400,23800,14300,18200,40000,15000,20000,12000,6600,3500
9999,999,20260901,True,183200,35900,20100,27400,40000,15000,20000,12000,7300,5500
10000,1000,20260901,True,196800,43000,20500,29200,40000,15000,20000,12000,11100,6000
